asof,commodity_id,province_id,prob,spike_now,r14_now,ret_7,commodity,category,province,lat,lon,level,reasons,reasons_json
2026-10-07,com_1,1,0.0009658018775950404,0,-0.0033112583,-0.0033167526,Beras Kualitas Bawah I,Beras,Aceh,5.5483,95.3238,Rendah,"Harga 1,4% lebih murah dari provinsi tetangga (berpotensi menyusul naik) | Harga konsumen 2,4% di atas harga pedagang besar | Sudah lebih dari 4 bulan setelah Idulfitri (pola musiman)","[{""feature"": ""nbr_rel_price"", ""shap"": 0.01878941306751765, ""value"": -0.014524819329380989, ""text"": ""Harga 1,4% lebih murah dari provinsi tetangga (berpotensi menyusul naik)""}, {""feature"": ""margin_cons_whole"", ""shap"": 0.018365512042497742, ""value"": 0.023530498147010803, ""text"": ""Harga konsumen 2,4% di atas harga pedagang besar""}, {""feature"": ""days_since_idulfitri"", ""shap"": 0.014589151383939267, ""value"": 120.0, ""text"": ""Sudah lebih dari 4 bulan setelah Idulfitri (pola musiman)""}]"
2026-10-07,com_1,2,0.0009410777889682163,0,0.0,0.0,Beras Kualitas Bawah I,Beras,Sumatera Utara,3.5952,98.6722,Rendah,"Harga 15,2% lebih murah dari provinsi tetangga (berpotensi menyusul naik) | Harga 9,7% di bawah rata-rata nasional (berpotensi menyusul naik) | Harga konsumen 1,1% di atas harga pedagang besar","[{""feature"": ""nbr_rel_price"", ""shap"": 0.1488334707118741, ""value"": -0.16438999772071838, ""text"": ""Harga 15,2% lebih murah dari provinsi tetangga (berpotensi menyusul naik)""}, {""feature"": ""rel_nat"", ""shap"": 0.07289802229109191, ""value"": -0.1023821085691452, ""text"": ""Harga 9,7% di bawah rata-rata nasional (berpotensi menyusul naik)""}, {""feature"": ""margin_cons_whole"", ""shap"": 0.053360925980201736, ""value"": 0.011215071193873882, ""text"": ""Harga konsumen 1,1% di atas harga pedagang besar""}]"
2026-10-07,com_1,3,0.0016185855668605618,0,0.0,0.0,Beras Kualitas Bawah I,Beras,Sumatera Barat,-0.9471,100.4172,Rendah,"296 hari sejak lonjakan terakhir | Harga +0,5 SD dari rata-rata 30 hari terakhir | Sudah lebih dari 4 bulan setelah Idulfitri (pola musiman)","[{""feature"": ""days_since_spike"", ""shap"": 0.18971716207044478, ""value"": 296.0, ""text"": ""296 hari sejak lonjakan terakhir""}, {""feature"": ""z_30"", ""shap"": 0.05070502819975968, ""value"": 0.5424047112464905, ""text"": ""Harga +0,5 SD dari rata-rata 30 hari terakhir""}, {""feature"": ""days_since_idulfitri"", ""shap"": 0.012163231703217769, ""value"": 120.0, ""text"": ""Sudah lebih dari 4 bulan setelah Idulfitri (pola musiman)""}]"
2026-10-07,com_1,4,0.0016113107372787542,0,0.0,0.0,Beras Kualitas Bawah I,Beras,Riau,0.5071,101.4478,Rendah,"Provinsi ""pemimpin"" (biasanya naik duluan) berubah rata-rata +0,3% dalam 7 hari | Tinggal 5,0 poin persen lagi menuju ambang lonjakan | Sudah lebih dari 4 bulan setelah Idulfitri (pola musiman)","[{""feature"": ""lead_ret_7_mean"", ""shap"": 0.13832815048361563, ""value"": 0.0034782923758029938, ""text"": ""Provinsi \""pemimpin\"" (biasanya naik duluan) berubah rata-rata +0,3% dalam 7 hari""}, {""feature"": ""gap_to_threshold"", ""shap"": 0.030566762487635842, ""value"": 0.05000000074505806, ""text"": ""Tinggal 5,0 poin persen lagi menuju ambang lonjakan""}, {""feature"": ""days_since_idulfitri"", ""shap"": 0.014571810789593045, ""value"": 120.0, ""text"": ""Sudah lebih dari 4 bulan setelah Idulfitri (pola musiman)""}]"
2026-10-07,com_1,5,0.0011015202300715644,0,-0.010416667,0.0,Beras Kualitas Bawah I,Beras,Kepulauan Riau,0.9186,104.4665,Rendah,"Curah hujan 30 hari (60–90 hari lalu) +5,0 SD dari normal | Curah hujan 30 hari (30–60 hari lalu) +5,0 SD dari normal | Sudah lebih dari 4 bulan setelah Iduladha (pola musiman)","[{""feature"": ""rain_30_anom_lag60"", ""shap"": 0.017952603380793502, ""value"": 5.0, ""text"": ""Curah hujan 30 hari (60–90 hari lalu) +5,0 SD dari normal""}, {""feature"": ""rain_30_anom_lag30"", ""shap"": 0.01117532810615358, ""value"": 5.0, ""text"": ""Curah hujan 30 hari (30–60 hari lalu) +5,0 SD dari normal""}, {""feature"": ""days_since_iduladha"", ""shap"": 0.008046089718795649, ""value"": 120.0, ""text"": ""Sudah lebih dari 4 bulan setelah Iduladha (pola musiman)""}]"
2026-10-07,com_1,6,0.0009566180130000745,0,0.0,0.0,Beras Kualitas Bawah I,Beras,Jambi,-1.6101,103.6131,Rendah,"Harga 7,1% lebih murah dari provinsi tetangga (berpotensi menyusul naik) | Harga 12,1% di bawah rata-rata nasional (berpotensi menyusul naik) | Harga konsumen 4,7% di bawah harga pedagang besar","[{""feature"": ""nbr_rel_price"", ""shap"": 0.13163772606437793, ""value"": -0.0737648606300354, ""text"": ""Harga 7,1% lebih murah dari provinsi tetangga (berpotensi menyusul naik)""}, {""feature"": ""rel_nat"", ""shap"": 0.12133061737977222, ""value"": -0.12874898314476013, ""text"": ""Harga 12,1% di bawah rata-rata nasional (berpotensi menyusul naik)""}, {""feature"": ""margin_cons_whole"", ""shap"": 0.10060462551854328, ""value"": -0.04842659458518028, ""text"": ""Harga konsumen 4,7% di bawah harga pedagang besar""}]"
2026-10-07,com_1,7,0.0009652949242747519,0,0.0,0.0,Beras Kualitas Bawah I,Beras,Bengkulu,-3.7928,102.2608,Rendah,"Harga +0,6 SD dari rata-rata 30 hari terakhir | Tinggal 5,0 poin persen lagi menuju ambang lonjakan | Curah hujan 30 hari (30–60 hari lalu) -0,3 SD dari normal","[{""feature"": ""z_30"", ""shap"": 0.04176259152113956, ""value"": 0.5928871035575867, ""text"": ""Harga +0,6 SD dari rata-rata 30 hari terakhir""}, {""feature"": ""gap_to_threshold"", ""shap"": 0.011335733457532464, ""value"": 0.05000000074505806, ""text"": ""Tinggal 5,0 poin persen lagi menuju ambang lonjakan""}, {""feature"": ""rain_30_anom_lag30"", ""shap"": 0.010907681681143852, ""value"": -0.25185999274253845, ""text"": ""Curah hujan 30 hari (30–60 hari lalu) -0,3 SD dari normal""}]"
2026-10-07,com_1,8,0.00338658601170302,0,0.0,0.0,Beras Kualitas Bawah I,Beras,Sumatera Selatan,-2.9761,104.7754,Rendah,"Tinggal 5,0 poin persen lagi menuju ambang lonjakan | H-79 menuju Natal | H-86 menuju Tahun Baru","[{""feature"": ""gap_to_threshold"", ""shap"": 0.0472722799846593, ""value"": 0.05000000074505806, ""text"": ""Tinggal 5,0 poin persen lagi menuju ambang lonjakan""}, {""feature"": ""days_to_natal"", ""shap"": 0.0367806606782294, ""value"": 79.0, ""text"": ""H-79 menuju Natal""}, {""feature"": ""days_to_tahun_baru"", ""shap"": 0.023572395149718303, ""value"": 86.0, ""text"": ""H-86 menuju Tahun Baru""}]"
2026-10-07,com_1,9,0.0031684990648524177,0,0.0,0.0,Beras Kualitas Bawah I,Beras,Kepulauan Bangka Belitung,-2.1316,106.1169,Rendah,"Harga 16,4% di bawah rata-rata nasional (berpotensi menyusul naik) | Harga 12,3% lebih murah dari provinsi tetangga (berpotensi menyusul naik) | Sudah lebih dari 4 bulan setelah Idulfitri (pola musiman)","[{""feature"": ""rel_nat"", ""shap"": 0.27288179370570587, ""value"": -0.17964059114456177, ""text"": ""Harga 16,4% di bawah rata-rata nasional (berpotensi menyusul naik)""}, {""feature"": ""nbr_rel_price"", ""shap"": 0.2200607425834267, ""value"": -0.13083191215991974, ""text"": ""Harga 12,3% lebih murah dari provinsi tetangga (berpotensi menyusul naik)""}, {""feature"": ""days_since_idulfitri"", ""shap"": 0.026043340810545327, ""value"": 120.0, ""text"": ""Sudah lebih dari 4 bulan setelah Idulfitri (pola musiman)""}]"
2026-10-07,com_1,10,0.0005377973621306103,0,0.0,0.0,Beras Kualitas Bawah I,Beras,Lampung,-5.3971,105.2668,Rendah,"Harga +0,8 SD dari rata-rata 30 hari terakhir | Sudah lebih dari 4 bulan setelah Idulfitri (pola musiman) | Tinggal 5,0 poin persen lagi menuju ambang lonjakan","[{""feature"": ""z_30"", ""shap"": 0.03388096106279057, ""value"": 0.7971682548522949, ""text"": ""Harga +0,8 SD dari rata-rata 30 hari terakhir""}, {""feature"": ""days_since_idulfitri"", ""shap"": 0.01218632235189325, ""value"": 120.0, ""text"": ""Sudah lebih dari 4 bulan setelah Idulfitri (pola musiman)""}, {""feature"": ""gap_to_threshold"", ""shap"": 0.004324530508721498, ""value"": 0.05000000074505806, ""text"": ""Tinggal 5,0 poin persen lagi menuju ambang lonjakan""}]"
2026-10-07,com_1,11,0.0007286497259479913,0,0.0,0.0,Beras Kualitas Bawah I,Beras,Banten,-6.1104,106.164,Rendah,"Tinggal 5,0 poin persen lagi menuju ambang lonjakan | Sudah lebih dari 4 bulan setelah Idulfitri (pola musiman) | H-79 menuju Natal","[{""feature"": ""gap_to_threshold"", ""shap"": 0.024257447705187122, ""value"": 0.05000000074505806, ""text"": ""Tinggal 5,0 poin persen lagi menuju ambang lonjakan""}, {""feature"": ""days_since_idulfitri"", ""shap"": 0.013637886724041415, ""value"": 120.0, ""text"": ""Sudah lebih dari 4 bulan setelah Idulfitri (pola musiman)""}, {""feature"": ""days_to_natal"", ""shap"": 0.007994887167659925, ""value"": 79.0, ""text"": ""H-79 menuju Natal""}]"
2026-10-07,com_1,12,0.0009341371998032023,0,0.0,0.0,Beras Kualitas Bawah I,Beras,Jawa Barat,-6.9175,107.6191,Rendah,"Harga 2,1% lebih murah dari provinsi tetangga (berpotensi menyusul naik) | Harga produsen -10,1% dalam 14 hari terakhir | Harga pedagang besar 22,9% di atas harga produsen","[{""feature"": ""nbr_rel_price"", ""shap"": 0.07466429361917482, ""value"": -0.02114522084593773, ""text"": ""Harga 2,1% lebih murah dari provinsi tetangga (berpotensi menyusul naik)""}, {""feature"": ""ret_14_prod"", ""shap"": 0.04206110326263203, ""value"": -0.10625697672367096, ""text"": ""Harga produsen -10,1% dalam 14 hari terakhir""}, {""feature"": ""margin_whole_prod"", ""shap"": 0.01721607643698314, ""value"": 0.2059563398361206, ""text"": ""Harga pedagang besar 22,9% di atas harga produsen""}]"
2026-10-07,com_1,13,0.0009710593892518518,0,0.0,0.0,Beras Kualitas Bawah I,Beras,DKI Jakarta,-6.2088,106.8456,Rendah,"Harga 0,4% lebih murah dari provinsi tetangga (berpotensi menyusul naik) | Sudah lebih dari 4 bulan setelah Idulfitri (pola musiman) | H-86 menuju Tahun Baru","[{""feature"": ""nbr_rel_price"", ""shap"": 0.020559852052239033, ""value"": -0.004233544692397118, ""text"": ""Harga 0,4% lebih murah dari provinsi tetangga (berpotensi menyusul naik)""}, {""feature"": ""days_since_idulfitri"", ""shap"": 0.013408683616942266, ""value"": 120.0, ""text"": ""Sudah lebih dari 4 bulan setelah Idulfitri (pola musiman)""}, {""feature"": ""days_to_tahun_baru"", ""shap"": 0.00997439993542006, ""value"": 86.0, ""text"": ""H-86 menuju Tahun Baru""}]"
2026-10-07,com_1,14,0.0010705157312903889,0,0.0034482758,0.0,Beras Kualitas Bawah I,Beras,Jawa Tengah,-6.9667,110.4167,Rendah,"Harga pedagang besar +1,1% dalam 7 hari terakhir | Salah satu provinsi tetangga berubah +1,0% dalam 7 hari | Harga +1,3 SD dari rata-rata 30 hari terakhir","[{""feature"": ""ret_7_whole"", ""shap"": 0.11398024826313695, ""value"": 0.011173300445079803, ""text"": ""Harga pedagang besar +1,1% dalam 7 hari terakhir""}, {""feature"": ""nbr_ret_7_max"", ""shap"": 0.06658857614831426, ""value"": 0.010434877127408981, ""text"": ""Salah satu provinsi tetangga berubah +1,0% dalam 7 hari""}, {""feature"": ""z_30"", ""shap"": 0.03895515769244669, ""value"": 1.2594274282455444, ""text"": ""Harga +1,3 SD dari rata-rata 30 hari terakhir""}]"
2026-10-07,com_1,15,0.002678497307039992,0,0.0,0.0,Beras Kualitas Bawah I,Beras,DI Yogyakarta,-7.7956,110.3695,Rendah,"Harga 5,5% lebih murah dari provinsi tetangga (berpotensi menyusul naik) | Salah satu provinsi tetangga berubah +1,0% dalam 7 hari | Harga 7,7% di bawah rata-rata nasional (berpotensi menyusul naik)","[{""feature"": ""nbr_rel_price"", ""shap"": 0.188438045371023, ""value"": -0.05653642490506172, ""text"": ""Harga 5,5% lebih murah dari provinsi tetangga (berpotensi menyusul naik)""}, {""feature"": ""nbr_ret_7_max"", ""shap"": 0.10874550776267738, ""value"": 0.010434877127408981, ""text"": ""Salah satu provinsi tetangga berubah +1,0% dalam 7 hari""}, {""feature"": ""rel_nat"", ""shap"": 0.09082866946658956, ""value"": -0.08032239228487015, ""text"": ""Harga 7,7% di bawah rata-rata nasional (berpotensi menyusul naik)""}]"
2026-10-07,com_1,16,0.0042616062073025825,0,0.01048951,0.010434877,Beras Kualitas Bawah I,Beras,Jawa Timur,-7.2575,112.7521,Rendah,"23 hari sejak lonjakan terakhir | Harga +1,0% dalam 7 hari terakhir | Harga +3,0 SD dari rata-rata 30 hari terakhir","[{""feature"": ""days_since_spike"", ""shap"": 0.1645386268637135, ""value"": 23.0, ""text"": ""23 hari sejak lonjakan terakhir""}, {""feature"": ""ret_7"", ""shap"": 0.12257487568726393, ""value"": 0.010434877127408981, ""text"": ""Harga +1,0% dalam 7 hari terakhir""}, {""feature"": ""z_30"", ""shap"": 0.11222041335658908, ""value"": 2.9735302925109863, ""text"": ""Harga +3,0 SD dari rata-rata 30 hari terakhir""}]"
2026-10-07,com_1,17,0.02725757317566805,0,0.0,0.0,Beras Kualitas Bawah I,Beras,Bali,-8.6705,115.2126,Rendah,"72 hari sejak lonjakan terakhir | Harga 4,8% lebih murah dari provinsi tetangga (berpotensi menyusul naik) | Harga 11,7% di bawah rata-rata nasional (berpotensi menyusul naik)","[{""feature"": ""days_since_spike"", ""shap"": 0.22260256589441255, ""value"": 72.0, ""text"": ""72 hari sejak lonjakan terakhir""}, {""feature"": ""nbr_rel_price"", ""shap"": 0.19574154551699638, ""value"": -0.048821836709976196, ""text"": ""Harga 4,8% lebih murah dari provinsi tetangga (berpotensi menyusul naik)""}, {""feature"": ""rel_nat"", ""shap"": 0.17583280631125078, ""value"": -0.1249394565820694, ""text"": ""Harga 11,7% di bawah rata-rata nasional (berpotensi menyusul naik)""}]"
2026-10-07,com_1,18,0.015144495384316529,0,0.0,-0.018692132,Beras Kualitas Bawah I,Beras,Nusa Tenggara Barat,-8.5833,116.1167,Rendah,"Harga 11,1% di bawah rata-rata nasional (berpotensi menyusul naik) | Harga sedang bergejolak: rata-rata ±0,7% per hari (14 hari terakhir) | Harga 3,3% lebih murah dari provinsi tetangga (berpotensi menyusul naik)","[{""feature"": ""rel_nat"", ""shap"": 0.18070812752508253, ""value"": -0.11736366152763367, ""text"": ""Harga 11,1% di bawah rata-rata nasional (berpotensi menyusul naik)""}, {""feature"": ""vol_14"", ""shap"": 0.158858365160938, ""value"": 0.007331657689064741, ""text"": ""Harga sedang bergejolak: rata-rata ±0,7% per hari (14 hari terakhir)""}, {""feature"": ""nbr_rel_price"", ""shap"": 0.11701548978603928, ""value"": -0.033836688846349716, ""text"": ""Harga 3,3% lebih murah dari provinsi tetangga (berpotensi menyusul naik)""}]"
2026-10-07,com_1,19,0.0027874173828522472,0,0.0,0.0,Beras Kualitas Bawah I,Beras,Nusa Tenggara Timur,-10.1772,123.607,Rendah,"Harga 12,8% di bawah rata-rata nasional (berpotensi menyusul naik) | Harga 6,4% lebih murah dari provinsi tetangga (berpotensi menyusul naik) | Provinsi ""pemimpin"" (biasanya naik duluan) berubah rata-rata +0,4% dalam 7 hari","[{""feature"": ""rel_nat"", ""shap"": 0.15562191576947013, ""value"": -0.1364118605852127, ""text"": ""Harga 12,8% di bawah rata-rata nasional (berpotensi menyusul naik)""}, {""feature"": ""nbr_rel_price"", ""shap"": 0.14423125225682698, ""value"": -0.0656324103474617, ""text"": ""Harga 6,4% lebih murah dari provinsi tetangga (berpotensi menyusul naik)""}, {""feature"": ""lead_ret_7_mean"", ""shap"": 0.14273376466847432, ""value"": 0.003710613353177905, ""text"": ""Provinsi \""pemimpin\"" (biasanya naik duluan) berubah rata-rata +0,4% dalam 7 hari""}]"
2026-10-07,com_1,20,0.0012776096785696708,0,0.0,0.0,Beras Kualitas Bawah I,Beras,Kalimantan Barat,-0.0263,109.3425,Rendah,"Provinsi ""pemimpin"" (biasanya naik duluan) berubah rata-rata +0,3% dalam 7 hari | Harga konsumen 1,6% di atas harga pedagang besar | Curah hujan 30 hari (30–60 hari lalu) -1,3 SD dari normal","[{""feature"": ""lead_ret_7_mean"", ""shap"": 0.13578355977986753, ""value"": 0.0034782923758029938, ""text"": ""Provinsi \""pemimpin\"" (biasanya naik duluan) berubah rata-rata +0,3% dalam 7 hari""}, {""feature"": ""margin_cons_whole"", ""shap"": 0.08803601368622058, ""value"": 0.016260521486401558, ""text"": ""Harga konsumen 1,6% di atas harga pedagang besar""}, {""feature"": ""rain_30_anom_lag30"", ""shap"": 0.037398549961435545, ""value"": -1.2946429252624512, ""text"": ""Curah hujan 30 hari (30–60 hari lalu) -1,3 SD dari normal""}]"
2026-10-07,com_1,21,0.0013415153298925173,0,0.0,0.0,Beras Kualitas Bawah I,Beras,Kalimantan Selatan,-3.3186,114.5944,Rendah,"Harga konsumen 1,2% di atas harga pedagang besar | Tinggal 5,0 poin persen lagi menuju ambang lonjakan | Sudah lebih dari 4 bulan setelah Idulfitri (pola musiman)","[{""feature"": ""margin_cons_whole"", ""shap"": 0.06321748227162086, ""value"": 0.012012156657874584, ""text"": ""Harga konsumen 1,2% di atas harga pedagang besar""}, {""feature"": ""gap_to_threshold"", ""shap"": 0.018575543007756205, ""value"": 0.05000000074505806, ""text"": ""Tinggal 5,0 poin persen lagi menuju ambang lonjakan""}, {""feature"": ""days_since_idulfitri"", ""shap"": 0.01567363734853392, ""value"": 120.0, ""text"": ""Sudah lebih dari 4 bulan setelah Idulfitri (pola musiman)""}]"
2026-10-07,com_1,22,0.0008891579921783188,0,0.0,0.0,Beras Kualitas Bawah I,Beras,Kalimantan Tengah,-2.2161,113.9135,Rendah,"Tinggal 5,0 poin persen lagi menuju ambang lonjakan | Curah hujan 30 hari (30–60 hari lalu) -1,2 SD dari normal | Curah hujan 30 hari di sentra produksi (30–60 hari lalu) -0,5 SD dari normal","[{""feature"": ""gap_to_threshold"", ""shap"": 0.03588539803873688, ""value"": 0.05000000074505806, ""text"": ""Tinggal 5,0 poin persen lagi menuju ambang lonjakan""}, {""feature"": ""rain_30_anom_lag30"", ""shap"": 0.013977527605953392, ""value"": -1.1869059801101685, ""text"": ""Curah hujan 30 hari (30–60 hari lalu) -1,2 SD dari normal""}, {""feature"": ""rain_30_anom_lag30_sentra"", ""shap"": 0.008773184716793574, ""value"": -0.4910951852798462, ""text"": ""Curah hujan 30 hari di sentra produksi (30–60 hari lalu) -0,5 SD dari normal""}]"
2026-10-07,com_1,23,0.019771560288032165,0,0.0,-0.03840945,Beras Kualitas Bawah I,Beras,Kalimantan Timur,-0.5022,117.1536,Rendah,"Harga sedang bergejolak: rata-rata ±1,0% per hari (30 hari terakhir) | 121 hari sejak lonjakan terakhir | Provinsi ""pemimpin"" (biasanya naik duluan) berubah rata-rata +0,4% dalam 7 hari","[{""feature"": ""vol_30"", ""shap"": 0.5771516178458035, ""value"": 0.010086814872920513, ""text"": ""Harga sedang bergejolak: rata-rata ±1,0% per hari (30 hari terakhir)""}, {""feature"": ""days_since_spike"", ""shap"": 0.2112681348270025, ""value"": 121.0, ""text"": ""121 hari sejak lonjakan terakhir""}, {""feature"": ""lead_ret_7_mean"", ""shap"": 0.10183915300567148, ""value"": 0.003999088890850544, ""text"": ""Provinsi \""pemimpin\"" (biasanya naik duluan) berubah rata-rata +0,4% dalam 7 hari""}]"
2026-10-07,com_1,24,0.0010496422201116266,0,-0.003012048,0.0,Beras Kualitas Bawah I,Beras,Kalimantan Utara,2.8375,117.3653,Rendah,"Curah hujan 30 hari (30–60 hari lalu) -1,8 SD dari normal | Harga 2,6% lebih rendah dari tahun lalu | Curah hujan 30 hari (60–90 hari lalu) +2,6 SD dari normal","[{""feature"": ""rain_30_anom_lag30"", ""shap"": 0.0530865756606106, ""value"": -1.7519081830978394, ""text"": ""Curah hujan 30 hari (30–60 hari lalu) -1,8 SD dari normal""}, {""feature"": ""ret_yoy"", ""shap"": 0.028618599063137077, ""value"": -0.026827242225408554, ""text"": ""Harga 2,6% lebih rendah dari tahun lalu""}, {""feature"": ""rain_30_anom_lag60"", ""shap"": 0.028570110995348126, ""value"": 2.6333820819854736, ""text"": ""Curah hujan 30 hari (60–90 hari lalu) +2,6 SD dari normal""}]"
2026-10-07,com_1,26,0.0020086528450011403,0,0.01119403,0.011131841,Beras Kualitas Bawah I,Beras,Sulawesi Selatan,-5.1477,119.4327,Rendah,"Harga +1,5% dalam 3 hari terakhir | Tinggal 3,9 poin persen lagi menuju ambang lonjakan | Harga 7,9% lebih murah dari provinsi tetangga (berpotensi menyusul naik)","[{""feature"": ""ret_3"", ""shap"": 0.16251935417863225, ""value"": 0.01487016212195158, ""text"": ""Harga +1,5% dalam 3 hari terakhir""}, {""feature"": ""gap_to_threshold"", ""shap"": 0.12927245497632672, ""value"": 0.038805969059467316, ""text"": ""Tinggal 3,9 poin persen lagi menuju ambang lonjakan""}, {""feature"": ""nbr_rel_price"", ""shap"": 0.11179609558505223, ""value"": -0.0822894424200058, ""text"": ""Harga 7,9% lebih murah dari provinsi tetangga (berpotensi menyusul naik)""}]"
2026-10-07,com_1,27,0.0011969687315979082,0,0.0,0.0,Beras Kualitas Bawah I,Beras,Sulawesi Tenggara,-3.9985,122.513,Rendah,"Harga konsumen 0,7% di bawah harga pedagang besar | Salah satu provinsi tetangga berubah +1,1% dalam 7 hari | Tinggal 5,0 poin persen lagi menuju ambang lonjakan","[{""feature"": ""margin_cons_whole"", ""shap"": 0.11309696557911046, ""value"": -0.006688988301903009, ""text"": ""Harga konsumen 0,7% di bawah harga pedagang besar""}, {""feature"": ""nbr_ret_7_max"", ""shap"": 0.10928192311455315, ""value"": 0.011131840758025646, ""text"": ""Salah satu provinsi tetangga berubah +1,1% dalam 7 hari""}, {""feature"": ""gap_to_threshold"", ""shap"": 0.029787829013118567, ""value"": 0.05000000074505806, ""text"": ""Tinggal 5,0 poin persen lagi menuju ambang lonjakan""}]"
2026-10-07,com_1,28,0.0028154031370128067,0,-0.00952381,-0.009569451,Beras Kualitas Bawah I,Beras,Sulawesi Tengah,-0.8917,119.8707,Rendah,"107 hari sejak lonjakan terakhir | Provinsi ""pemimpin"" (biasanya naik duluan) berubah rata-rata +0,4% dalam 7 hari | Curah hujan 30 hari di sentra produksi (30–60 hari lalu) -0,5 SD dari normal","[{""feature"": ""days_since_spike"", ""shap"": 0.23285521956222974, ""value"": 107.0, ""text"": ""107 hari sejak lonjakan terakhir""}, {""feature"": ""lead_ret_7_mean"", ""shap"": 0.04390451788488882, ""value"": 0.003710613353177905, ""text"": ""Provinsi \""pemimpin\"" (biasanya naik duluan) berubah rata-rata +0,4% dalam 7 hari""}, {""feature"": ""rain_30_anom_lag30_sentra"", ""shap"": 0.026758880325377078, ""value"": -0.4910951852798462, ""text"": ""Curah hujan 30 hari di sentra produksi (30–60 hari lalu) -0,5 SD dari normal""}]"
2026-10-07,com_1,29,0.007640495093912986,0,0.0102739725,0.010221554,Beras Kualitas Bawah I,Beras,Sulawesi Utara,1.4748,124.8421,Rendah,"Harga +1,0% dalam 1 hari terakhir | Harga 5,9% lebih murah dari provinsi tetangga (berpotensi menyusul naik) | Harga +5,3 SD dari rata-rata 30 hari terakhir","[{""feature"": ""ret_1"", ""shap"": 0.1812089162653454, ""value"": 0.010221553966403008, ""text"": ""Harga +1,0% dalam 1 hari terakhir""}, {""feature"": ""nbr_rel_price"", ""shap"": 0.1691183014961925, ""value"": -0.06081255525350571, ""text"": ""Harga 5,9% lebih murah dari provinsi tetangga (berpotensi menyusul naik)""}, {""feature"": ""z_30"", ""shap"": 0.1169541456175942, ""value"": 5.294651508331299, ""text"": ""Harga +5,3 SD dari rata-rata 30 hari terakhir""}]"
2026-10-07,com_1,30,0.0014417124639146475,0,0.0,0.0,Beras Kualitas Bawah I,Beras,Sulawesi Barat,-2.6748,118.8885,Rendah,"Harga 9,8% lebih murah dari provinsi tetangga (berpotensi menyusul naik) | Harga 8,1% di bawah rata-rata nasional (berpotensi menyusul naik) | Salah satu provinsi tetangga berubah +1,1% dalam 7 hari","[{""feature"": ""nbr_rel_price"", ""shap"": 0.15568785199481977, ""value"": -0.10362421721220016, ""text"": ""Harga 9,8% lebih murah dari provinsi tetangga (berpotensi menyusul naik)""}, {""feature"": ""rel_nat"", ""shap"": 0.10970338976867168, ""value"": -0.08396538347005844, ""text"": ""Harga 8,1% di bawah rata-rata nasional (berpotensi menyusul naik)""}, {""feature"": ""nbr_ret_7_max"", ""shap"": 0.08101515250221898, ""value"": 0.011131840758025646, ""text"": ""Salah satu provinsi tetangga berubah +1,1% dalam 7 hari""}]"
2026-10-07,com_1,31,0.0017996104046199303,0,0.0031545742,0.0031496088,Beras Kualitas Bawah I,Beras,Maluku,-3.6954,128.1814,Rendah,"Harga konsumen 1,2% di bawah harga pedagang besar | Harga +2,0 SD dari rata-rata 30 hari terakhir | Salah satu provinsi tetangga berubah +1,0% dalam 7 hari","[{""feature"": ""margin_cons_whole"", ""shap"": 0.16290288138276188, ""value"": -0.012500163167715073, ""text"": ""Harga konsumen 1,2% di bawah harga pedagang besar""}, {""feature"": ""z_30"", ""shap"": 0.09854976275611804, ""value"": 1.9663841724395752, ""text"": ""Harga +2,0 SD dari rata-rata 30 hari terakhir""}, {""feature"": ""nbr_ret_7_max"", ""shap"": 0.08138278897318629, ""value"": 0.010221553966403008, ""text"": ""Salah satu provinsi tetangga berubah +1,0% dalam 7 hari""}]"
2026-10-07,com_1,32,0.005177781960978534,0,0.0,0.0,Beras Kualitas Bawah I,Beras,Maluku Utara,0.7893,127.3842,Rendah,"336 hari sejak lonjakan terakhir | Provinsi ""pemimpin"" (biasanya naik duluan) berubah rata-rata +0,3% dalam 7 hari | Salah satu provinsi tetangga berubah +1,0% dalam 7 hari","[{""feature"": ""days_since_spike"", ""shap"": 0.18843076905665795, ""value"": 336.0, ""text"": ""336 hari sejak lonjakan terakhir""}, {""feature"": ""lead_ret_7_mean"", ""shap"": 0.15826444931388406, ""value"": 0.0034782923758029938, ""text"": ""Provinsi \""pemimpin\"" (biasanya naik duluan) berubah rata-rata +0,3% dalam 7 hari""}, {""feature"": ""nbr_ret_7_max"", ""shap"": 0.06390338882430696, ""value"": 0.010221553966403008, ""text"": ""Salah satu provinsi tetangga berubah +1,0% dalam 7 hari""}]"
2026-10-07,com_1,33,0.0009740125191441657,0,0.0,0.0,Beras Kualitas Bawah I,Beras,Papua,-2.5337,140.7181,Rendah,"Curah hujan 30 hari (30–60 hari lalu) -1,4 SD dari normal | Tinggal 5,0 poin persen lagi menuju ambang lonjakan | Sudah lebih dari 4 bulan setelah Idulfitri (pola musiman)","[{""feature"": ""rain_30_anom_lag30"", ""shap"": 0.040719087088068366, ""value"": -1.376806616783142, ""text"": ""Curah hujan 30 hari (30–60 hari lalu) -1,4 SD dari normal""}, {""feature"": ""gap_to_threshold"", ""shap"": 0.0173060189726997, ""value"": 0.05000000074505806, ""text"": ""Tinggal 5,0 poin persen lagi menuju ambang lonjakan""}, {""feature"": ""days_since_idulfitri"", ""shap"": 0.009455317818206823, ""value"": 120.0, ""text"": ""Sudah lebih dari 4 bulan setelah Idulfitri (pola musiman)""}]"
2026-10-07,com_1,34,0.007600639682650626,0,-0.0038610038,0.0,Beras Kualitas Bawah I,Beras,Papua Barat,-0.8615,134.062,Rendah,"Harga 21,6% lebih murah dari provinsi tetangga (berpotensi menyusul naik) | Harga 13,4% di bawah rata-rata nasional (berpotensi menyusul naik) | Harga konsumen 23,4% di bawah harga pedagang besar","[{""feature"": ""nbr_rel_price"", ""shap"": 0.42927415225722604, ""value"": -0.24355866014957428, ""text"": ""Harga 21,6% lebih murah dari provinsi tetangga (berpotensi menyusul naik)""}, {""feature"": ""rel_nat"", ""shap"": 0.1265378494747115, ""value"": -0.14413389563560486, ""text"": ""Harga 13,4% di bawah rata-rata nasional (berpotensi menyusul naik)""}, {""feature"": ""margin_cons_whole"", ""shap"": 0.09032519034927702, ""value"": -0.26712334156036377, ""text"": ""Harga konsumen 23,4% di bawah harga pedagang besar""}]"
2026-10-07,com_2,1,0.0010389477640360162,0,-0.0033112583,0.0,Beras Kualitas Bawah II,Beras,Aceh,5.5483,95.3238,Rendah,"Harga konsumen 1,3% di atas harga pedagang besar | Sudah lebih dari 4 bulan setelah Idulfitri (pola musiman) | Curah hujan 30 hari (30–60 hari lalu) -0,5 SD dari normal","[{""feature"": ""margin_cons_whole"", ""shap"": 0.07423776598993449, ""value"": 0.013378125615417957, ""text"": ""Harga konsumen 1,3% di atas harga pedagang besar""}, {""feature"": ""days_since_idulfitri"", ""shap"": 0.014888348559621137, ""value"": 120.0, ""text"": ""Sudah lebih dari 4 bulan setelah Idulfitri (pola musiman)""}, {""feature"": ""rain_30_anom_lag30"", ""shap"": 0.009432499699020006, ""value"": -0.48108160495758057, ""text"": ""Curah hujan 30 hari (30–60 hari lalu) -0,5 SD dari normal""}]"
2026-10-07,com_2,2,0.0008786288499521366,0,-0.003533569,-0.0035398267,Beras Kualitas Bawah II,Beras,Sumatera Utara,3.5952,98.6722,Rendah,"Harga 6,6% lebih murah dari provinsi tetangga (berpotensi menyusul naik) | Harga pasar modern 19,9% lebih mahal dari pasar tradisional | H-79 menuju Natal","[{""feature"": ""nbr_rel_price"", ""shap"": 0.1441807896459194, ""value"": -0.06776504218578339, ""text"": ""Harga 6,6% lebih murah dari provinsi tetangga (berpotensi menyusul naik)""}, {""feature"": ""gap_modern"", ""shap"": 0.029176062989469648, ""value"": 0.18113882839679718, ""text"": ""Harga pasar modern 19,9% lebih mahal dari pasar tradisional""}, {""feature"": ""days_to_natal"", ""shap"": 0.017674259201919475, ""value"": 79.0, ""text"": ""H-79 menuju Natal""}]"
2026-10-07,com_2,3,0.0015473247438768651,0,0.0,0.0,Beras Kualitas Bawah II,Beras,Sumatera Barat,-0.9471,100.4172,Rendah,"296 hari sejak lonjakan terakhir | Harga konsumen 1,2% di atas harga pedagang besar | Harga +0,5 SD dari rata-rata 30 hari terakhir","[{""feature"": ""days_since_spike"", ""shap"": 0.16533040081404074, ""value"": 296.0, ""text"": ""296 hari sejak lonjakan terakhir""}, {""feature"": ""margin_cons_whole"", ""shap"": 0.057787407404522616, ""value"": 0.012121360749006271, ""text"": ""Harga konsumen 1,2% di atas harga pedagang besar""}, {""feature"": ""z_30"", ""shap"": 0.05422464176689128, ""value"": 0.5424047112464905, ""text"": ""Harga +0,5 SD dari rata-rata 30 hari terakhir""}]"
2026-10-07,com_2,4,0.001360181340540863,0,-0.0036231885,0.0,Beras Kualitas Bawah II,Beras,Riau,0.5071,101.4478,Rendah,"Harga 6,5% di bawah rata-rata nasional (berpotensi menyusul naik) | Harga konsumen 3,5% di bawah harga pedagang besar | Harga 2,1% lebih murah dari provinsi tetangga (berpotensi menyusul naik)","[{""feature"": ""rel_nat"", ""shap"": 0.1302497078749036, ""value"": -0.06680867075920105, ""text"": ""Harga 6,5% di bawah rata-rata nasional (berpotensi menyusul naik)""}, {""feature"": ""margin_cons_whole"", ""shap"": 0.0862519050971235, ""value"": -0.03571808338165283, ""text"": ""Harga konsumen 3,5% di bawah harga pedagang besar""}, {""feature"": ""nbr_rel_price"", ""shap"": 0.058776629643777674, ""value"": -0.021706001833081245, ""text"": ""Harga 2,1% lebih murah dari provinsi tetangga (berpotensi menyusul naik)""}]"
2026-10-07,com_2,5,0.0033196810462840843,0,-0.03180212,0.0,Beras Kualitas Bawah II,Beras,Kepulauan Riau,0.9186,104.4665,Rendah,"Harga sedang bergejolak: rata-rata ±0,9% per hari (14 hari terakhir) | Harga 6,8% di bawah rata-rata nasional (berpotensi menyusul naik) | Margin konsumen-pedagang besar berubah -3,2 poin (14 hari)","[{""feature"": ""vol_14"", ""shap"": 0.3201128018774174, ""value"": 0.008637560531497002, ""text"": ""Harga sedang bergejolak: rata-rata ±0,9% per hari (14 hari terakhir)""}, {""feature"": ""rel_nat"", ""shap"": 0.15160543296940845, ""value"": -0.07045166194438934, ""text"": ""Harga 6,8% di bawah rata-rata nasional (berpotensi menyusul naik)""}, {""feature"": ""margin_cons_whole_chg14"", ""shap"": 0.03443916182629151, ""value"": -0.03231878951191902, ""text"": ""Margin konsumen-pedagang besar berubah -3,2 poin (14 hari)""}]"
2026-10-07,com_2,6,0.0012091265075585365,0,0.0,0.0,Beras Kualitas Bawah II,Beras,Jambi,-1.6101,103.6131,Rendah,"Harga 14,4% lebih murah dari provinsi tetangga (berpotensi menyusul naik) | Harga 17,0% di bawah rata-rata nasional (berpotensi menyusul naik) | Harga pasar modern 18,9% lebih mahal dari pasar tradisional","[{""feature"": ""nbr_rel_price"", ""shap"": 0.1913368576666876, ""value"": -0.15530449151992798, ""text"": ""Harga 14,4% lebih murah dari provinsi tetangga (berpotensi menyusul naik)""}, {""feature"": ""rel_nat"", ""shap"": 0.18646526306803662, ""value"": -0.1864115446805954, ""text"": ""Harga 17,0% di bawah rata-rata nasional (berpotensi menyusul naik)""}, {""feature"": ""gap_modern"", ""shap"": 0.02243698864164938, ""value"": 0.17271269857883453, ""text"": ""Harga pasar modern 18,9% lebih mahal dari pasar tradisional""}]"
2026-10-07,com_2,7,0.004925927081453673,0,0.0,0.0,Beras Kualitas Bawah II,Beras,Bengkulu,-3.7928,102.2608,Rendah,"Harga 12,6% lebih murah dari provinsi tetangga (berpotensi menyusul naik) | Harga 13,9% di bawah rata-rata nasional (berpotensi menyusul naik) | Harga konsumen 7,7% di bawah harga pedagang besar","[{""feature"": ""nbr_rel_price"", ""shap"": 0.2786224108421708, ""value"": -0.13419276475906372, ""text"": ""Harga 12,6% lebih murah dari provinsi tetangga (berpotensi menyusul naik)""}, {""feature"": ""rel_nat"", ""shap"": 0.27344678519255927, ""value"": -0.15019027888774872, ""text"": ""Harga 13,9% di bawah rata-rata nasional (berpotensi menyusul naik)""}, {""feature"": ""margin_cons_whole"", ""shap"": 0.14140845894696372, ""value"": -0.07973861694335938, ""text"": ""Harga konsumen 7,7% di bawah harga pedagang besar""}]"
2026-10-07,com_2,8,0.0017720766354769938,0,0.0,0.0,Beras Kualitas Bawah II,Beras,Sumatera Selatan,-2.9761,104.7754,Rendah,"Tinggal 5,0 poin persen lagi menuju ambang lonjakan | Harga pedagang besar 23,2% di atas harga produsen | H-79 menuju Natal","[{""feature"": ""gap_to_threshold"", ""shap"": 0.02882307559605426, ""value"": 0.05000000074505806, ""text"": ""Tinggal 5,0 poin persen lagi menuju ambang lonjakan""}, {""feature"": ""margin_whole_prod"", ""shap"": 0.016462337211044488, ""value"": 0.20825493335723877, ""text"": ""Harga pedagang besar 23,2% di atas harga produsen""}, {""feature"": ""days_to_natal"", ""shap"": 0.012118536917391296, ""value"": 79.0, ""text"": ""H-79 menuju Natal""}]"
2026-10-07,com_2,9,0.001770405455944661,0,0.0,0.0,Beras Kualitas Bawah II,Beras,Kepulauan Bangka Belitung,-2.1316,106.1169,Rendah,"Sudah lebih dari 4 bulan setelah Idulfitri (pola musiman) | Tinggal 5,0 poin persen lagi menuju ambang lonjakan | Curah hujan 30 hari di sentra produksi (30–60 hari lalu) -0,5 SD dari normal","[{""feature"": ""days_since_idulfitri"", ""shap"": 0.019722809964981082, ""value"": 120.0, ""text"": ""Sudah lebih dari 4 bulan setelah Idulfitri (pola musiman)""}, {""feature"": ""gap_to_threshold"", ""shap"": 0.011514051393878504, ""value"": 0.05000000074505806, ""text"": ""Tinggal 5,0 poin persen lagi menuju ambang lonjakan""}, {""feature"": ""rain_30_anom_lag30_sentra"", ""shap"": 0.008307967022866456, ""value"": -0.4910951852798462, ""text"": ""Curah hujan 30 hari di sentra produksi (30–60 hari lalu) -0,5 SD dari normal""}]"
2026-10-07,com_2,10,0.0005462728578633939,0,-0.0033670033,-0.0033726846,Beras Kualitas Bawah II,Beras,Lampung,-5.3971,105.2668,Rendah,"Sudah lebih dari 4 bulan setelah Idulfitri (pola musiman) | Curah hujan 30 hari (30–60 hari lalu) -0,8 SD dari normal | Harga konsumen 9,2% di atas harga produsen","[{""feature"": ""days_since_idulfitri"", ""shap"": 0.012301727692480446, ""value"": 120.0, ""text"": ""Sudah lebih dari 4 bulan setelah Idulfitri (pola musiman)""}, {""feature"": ""rain_30_anom_lag30"", ""shap"": 0.0035568831377240256, ""value"": -0.837367832660675, ""text"": ""Curah hujan 30 hari (30–60 hari lalu) -0,8 SD dari normal""}, {""feature"": ""margin_cons_prod"", ""shap"": 0.0009447178621416886, ""value"": 0.08824063092470169, ""text"": ""Harga konsumen 9,2% di atas harga produsen""}]"
2026-10-07,com_2,11,0.000971100113206701,0,0.0,0.0,Beras Kualitas Bawah II,Beras,Banten,-6.1104,106.164,Rendah,"Tinggal 5,0 poin persen lagi menuju ambang lonjakan | Harga pedagang besar 3,8% di atas harga produsen | Sudah lebih dari 4 bulan setelah Idulfitri (pola musiman)","[{""feature"": ""gap_to_threshold"", ""shap"": 0.023310885455197283, ""value"": 0.05000000074505806, ""text"": ""Tinggal 5,0 poin persen lagi menuju ambang lonjakan""}, {""feature"": ""margin_whole_prod"", ""shap"": 0.022414764308415876, ""value"": 0.037740327417850494, ""text"": ""Harga pedagang besar 3,8% di atas harga produsen""}, {""feature"": ""days_since_idulfitri"", ""shap"": 0.014309219355109117, ""value"": 120.0, ""text"": ""Sudah lebih dari 4 bulan setelah Idulfitri (pola musiman)""}]"
2026-10-07,com_2,12,0.0009973054739190422,0,0.0,0.0,Beras Kualitas Bawah II,Beras,Jawa Barat,-6.9175,107.6191,Rendah,"Harga produsen -10,5% dalam 14 hari terakhir | Harga 2,1% lebih murah dari provinsi tetangga (berpotensi menyusul naik) | Harga +0,2 SD dari rata-rata 30 hari terakhir","[{""feature"": ""ret_14_prod"", ""shap"": 0.057815115449459616, ""value"": -0.11147386580705643, ""text"": ""Harga produsen -10,5% dalam 14 hari terakhir""}, {""feature"": ""nbr_rel_price"", ""shap"": 0.04957317933489022, ""value"": -0.020785802975296974, ""text"": ""Harga 2,1% lebih murah dari provinsi tetangga (berpotensi menyusul naik)""}, {""feature"": ""z_30"", ""shap"": 0.021144598147710768, ""value"": 0.18257418274879456, ""text"": ""Harga +0,2 SD dari rata-rata 30 hari terakhir""}]"
2026-10-07,com_2,13,0.0012224387356360362,0,0.0,0.0,Beras Kualitas Bawah II,Beras,DKI Jakarta,-6.2088,106.8456,Rendah,"Harga 1,9% lebih murah dari provinsi tetangga (berpotensi menyusul naik) | Sudah lebih dari 4 bulan setelah Idulfitri (pola musiman) | H-79 menuju Natal","[{""feature"": ""nbr_rel_price"", ""shap"": 0.07681297629887193, ""value"": -0.019341077655553818, ""text"": ""Harga 1,9% lebih murah dari provinsi tetangga (berpotensi menyusul naik)""}, {""feature"": ""days_since_idulfitri"", ""shap"": 0.012995905782716151, ""value"": 120.0, ""text"": ""Sudah lebih dari 4 bulan setelah Idulfitri (pola musiman)""}, {""feature"": ""days_to_natal"", ""shap"": 0.010268891387627273, ""value"": 79.0, ""text"": ""H-79 menuju Natal""}]"
2026-10-07,com_2,14,0.0007324385701513942,0,-0.0035460992,0.0,Beras Kualitas Bawah II,Beras,Jawa Tengah,-6.9667,110.4167,Rendah,Sudah lebih dari 4 bulan setelah Idulfitri (pola musiman) | H-79 menuju Natal | H-86 menuju Tahun Baru,"[{""feature"": ""days_since_idulfitri"", ""shap"": 0.015177105093412913, ""value"": 120.0, ""text"": ""Sudah lebih dari 4 bulan setelah Idulfitri (pola musiman)""}, {""feature"": ""days_to_natal"", ""shap"": 0.002151597888976724, ""value"": 79.0, ""text"": ""H-79 menuju Natal""}, {""feature"": ""days_to_tahun_baru"", ""shap"": 0.0013646811756588358, ""value"": 86.0, ""text"": ""H-86 menuju Tahun Baru""}]"
2026-10-07,com_2,15,0.0025578223873378974,0,0.0,0.0,Beras Kualitas Bawah II,Beras,DI Yogyakarta,-7.7956,110.3695,Rendah,"Harga 15,6% di bawah rata-rata nasional (berpotensi menyusul naik) | Harga 12,3% lebih murah dari provinsi tetangga (berpotensi menyusul naik) | H-79 menuju Natal","[{""feature"": ""rel_nat"", ""shap"": 0.3129104281071776, ""value"": -0.170151025056839, ""text"": ""Harga 15,6% di bawah rata-rata nasional (berpotensi menyusul naik)""}, {""feature"": ""nbr_rel_price"", ""shap"": 0.20899187921633283, ""value"": -0.13082155585289001, ""text"": ""Harga 12,3% lebih murah dari provinsi tetangga (berpotensi menyusul naik)""}, {""feature"": ""days_to_natal"", ""shap"": 0.03185258863697784, ""value"": 79.0, ""text"": ""H-79 menuju Natal""}]"
2026-10-07,com_2,16,0.0028833106290538472,0,0.0,0.0,Beras Kualitas Bawah II,Beras,Jawa Timur,-7.2575,112.7521,Rendah,"Harga sedang bergejolak: rata-rata ±0,9% per hari (30 hari terakhir) | 20 hari sejak lonjakan terakhir | Harga 6,3% di atas titik terendah 90 hari terakhir","[{""feature"": ""vol_30"", ""shap"": 0.4076882727749052, ""value"": 0.008539355359971523, ""text"": ""Harga sedang bergejolak: rata-rata ±0,9% per hari (30 hari terakhir)""}, {""feature"": ""days_since_spike"", ""shap"": 0.13038815688570005, ""value"": 20.0, ""text"": ""20 hari sejak lonjakan terakhir""}, {""feature"": ""dist_min_90"", ""shap"": 0.05739288060773188, ""value"": 0.06150219962000847, ""text"": ""Harga 6,3% di atas titik terendah 90 hari terakhir""}]"
2026-10-07,com_2,17,0.005167533892639765,0,0.0,0.0,Beras Kualitas Bawah II,Beras,Bali,-8.6705,115.2126,Rendah,"Sudah lebih dari 4 bulan setelah Idulfitri (pola musiman) | Tinggal 5,0 poin persen lagi menuju ambang lonjakan | Secara nasional harga konsumen 14,8% di atas harga produsen","[{""feature"": ""days_since_idulfitri"", ""shap"": 0.026729957687691625, ""value"": 120.0, ""text"": ""Sudah lebih dari 4 bulan setelah Idulfitri (pola musiman)""}, {""feature"": ""gap_to_threshold"", ""shap"": 0.011361970486855201, ""value"": 0.05000000074505806, ""text"": ""Tinggal 5,0 poin persen lagi menuju ambang lonjakan""}, {""feature"": ""nat_margin_cons_prod"", ""shap"": 0.005614407237324857, ""value"": 0.1384023278951645, ""text"": ""Secara nasional harga konsumen 14,8% di atas harga produsen""}]"
2026-10-07,com_2,18,0.04284434312341725,0,0.0,-0.040005334,Beras Kualitas Bawah II,Beras,Nusa Tenggara Barat,-8.5833,116.1167,Rendah,"Harga sedang bergejolak: rata-rata ±1,1% per hari (30 hari terakhir) | Harga 16,7% di bawah rata-rata nasional (berpotensi menyusul naik) | Harga 15,1% lebih murah dari provinsi tetangga (berpotensi menyusul naik)","[{""feature"": ""vol_30"", ""shap"": 0.4908803639164969, ""value"": 0.010505915619432926, ""text"": ""Harga sedang bergejolak: rata-rata ±1,1% per hari (30 hari terakhir)""}, {""feature"": ""rel_nat"", ""shap"": 0.28635437178838397, ""value"": -0.18232156336307526, ""text"": ""Harga 16,7% di bawah rata-rata nasional (berpotensi menyusul naik)""}, {""feature"": ""nbr_rel_price"", ""shap"": 0.2164342751343849, ""value"": -0.1636963039636612, ""text"": ""Harga 15,1% lebih murah dari provinsi tetangga (berpotensi menyusul naik)""}]"
2026-10-07,com_2,19,0.004248480177229947,0,0.0,0.0,Beras Kualitas Bawah II,Beras,Nusa Tenggara Timur,-10.1772,123.607,Rendah,"Provinsi ""pemimpin"" (biasanya naik duluan) berubah rata-rata +0,6% dalam 14 hari | Harga 9,9% di bawah rata-rata nasional (berpotensi menyusul naik) | Salah satu provinsi tetangga berubah +1,9% dalam 7 hari","[{""feature"": ""lead_ret_14_mean"", ""shap"": 0.3522604945851347, ""value"": 0.0061844694428145885, ""text"": ""Provinsi \""pemimpin\"" (biasanya naik duluan) berubah rata-rata +0,6% dalam 14 hari""}, {""feature"": ""rel_nat"", ""shap"": 0.1407972315996825, ""value"": -0.10384994000196457, ""text"": ""Harga 9,9% di bawah rata-rata nasional (berpotensi menyusul naik)""}, {""feature"": ""nbr_ret_7_max"", ""shap"": 0.10130284164214522, ""value"": 0.01855340786278248, ""text"": ""Salah satu provinsi tetangga berubah +1,9% dalam 7 hari""}]"
2026-10-07,com_2,20,0.0007558399978919874,0,0.0,-0.003384098,Beras Kualitas Bawah II,Beras,Kalimantan Barat,-0.0263,109.3425,Rendah,"Curah hujan 30 hari (30–60 hari lalu) -1,3 SD dari normal | Tinggal 5,0 poin persen lagi menuju ambang lonjakan | Sudah lebih dari 4 bulan setelah Idulfitri (pola musiman)","[{""feature"": ""rain_30_anom_lag30"", ""shap"": 0.026689150864797586, ""value"": -1.2946429252624512, ""text"": ""Curah hujan 30 hari (30–60 hari lalu) -1,3 SD dari normal""}, {""feature"": ""gap_to_threshold"", ""shap"": 0.013942886900888367, ""value"": 0.05000000074505806, ""text"": ""Tinggal 5,0 poin persen lagi menuju ambang lonjakan""}, {""feature"": ""days_since_idulfitri"", ""shap"": 0.00955578228820022, ""value"": 120.0, ""text"": ""Sudah lebih dari 4 bulan setelah Idulfitri (pola musiman)""}]"
2026-10-07,com_2,21,0.001421261961378351,0,0.0,0.0,Beras Kualitas Bawah II,Beras,Kalimantan Selatan,-3.3186,114.5944,Rendah,"Harga konsumen 13,0% di bawah harga pedagang besar | Harga pedagang besar 24,9% di atas harga produsen | Tinggal 5,0 poin persen lagi menuju ambang lonjakan","[{""feature"": ""margin_cons_whole"", ""shap"": 0.0972296346988122, ""value"": -0.13904105126857758, ""text"": ""Harga konsumen 13,0% di bawah harga pedagang besar""}, {""feature"": ""margin_whole_prod"", ""shap"": 0.04138182718307236, ""value"": 0.22254277765750885, ""text"": ""Harga pedagang besar 24,9% di atas harga produsen""}, {""feature"": ""gap_to_threshold"", ""shap"": 0.019097730334311936, ""value"": 0.05000000074505806, ""text"": ""Tinggal 5,0 poin persen lagi menuju ambang lonjakan""}]"
2026-10-07,com_2,22,0.0017774539600039997,0,0.0,0.0,Beras Kualitas Bawah II,Beras,Kalimantan Tengah,-2.2161,113.9135,Rendah,"Tinggal 5,0 poin persen lagi menuju ambang lonjakan | Curah hujan 30 hari (30–60 hari lalu) -1,2 SD dari normal | Sudah lebih dari 4 bulan setelah Idulfitri (pola musiman)","[{""feature"": ""gap_to_threshold"", ""shap"": 0.04159701056992685, ""value"": 0.05000000074505806, ""text"": ""Tinggal 5,0 poin persen lagi menuju ambang lonjakan""}, {""feature"": ""rain_30_anom_lag30"", ""shap"": 0.016551217573411055, ""value"": -1.1869059801101685, ""text"": ""Curah hujan 30 hari (30–60 hari lalu) -1,2 SD dari normal""}, {""feature"": ""days_since_idulfitri"", ""shap"": 0.011580897787205436, ""value"": 120.0, ""text"": ""Sudah lebih dari 4 bulan setelah Idulfitri (pola musiman)""}]"
2026-10-07,com_2,23,0.0029644817335674535,0,0.0,-0.0068027475,Beras Kualitas Bawah II,Beras,Kalimantan Timur,-0.5022,117.1536,Rendah,"Provinsi ""pemimpin"" (biasanya naik duluan) berubah rata-rata +0,6% dalam 7 hari | Harga 3,5% lebih murah dari provinsi tetangga (berpotensi menyusul naik) | Curah hujan 30 hari (30–60 hari lalu) -1,6 SD dari normal","[{""feature"": ""lead_ret_7_mean"", ""shap"": 0.20738338045945656, ""value"": 0.0061844694428145885, ""text"": ""Provinsi \""pemimpin\"" (biasanya naik duluan) berubah rata-rata +0,6% dalam 7 hari""}, {""feature"": ""nbr_rel_price"", ""shap"": 0.12277045047029875, ""value"": -0.035334937274456024, ""text"": ""Harga 3,5% lebih murah dari provinsi tetangga (berpotensi menyusul naik)""}, {""feature"": ""rain_30_anom_lag30"", ""shap"": 0.06058846049821722, ""value"": -1.6460604667663574, ""text"": ""Curah hujan 30 hari (30–60 hari lalu) -1,6 SD dari normal""}]"
2026-10-07,com_2,24,0.0012471037392427302,0,0.0,0.0,Beras Kualitas Bawah II,Beras,Kalimantan Utara,2.8375,117.3653,Rendah,"Curah hujan 30 hari (30–60 hari lalu) -1,8 SD dari normal | Harga 4,4% lebih rendah dari tahun lalu | Tinggal 5,0 poin persen lagi menuju ambang lonjakan","[{""feature"": ""rain_30_anom_lag30"", ""shap"": 0.05800522219366616, ""value"": -1.7519081830978394, ""text"": ""Curah hujan 30 hari (30–60 hari lalu) -1,8 SD dari normal""}, {""feature"": ""ret_yoy"", ""shap"": 0.0539466412750411, ""value"": -0.04539357125759125, ""text"": ""Harga 4,4% lebih rendah dari tahun lalu""}, {""feature"": ""gap_to_threshold"", ""shap"": 0.027912050264384685, ""value"": 0.05000000074505806, ""text"": ""Tinggal 5,0 poin persen lagi menuju ambang lonjakan""}]"
2026-10-07,com_2,26,0.0038515732612131146,0,0.018726591,0.018553408,Beras Kualitas Bawah II,Beras,Sulawesi Selatan,-5.1477,119.4327,Rendah,"Tinggal 3,1 poin persen lagi menuju ambang lonjakan | Harga +1,5% dalam 3 hari terakhir | Harga 7,4% lebih murah dari provinsi tetangga (berpotensi menyusul naik)","[{""feature"": ""gap_to_threshold"", ""shap"": 0.3878665295288411, ""value"": 0.031273409724235535, ""text"": ""Tinggal 3,1 poin persen lagi menuju ambang lonjakan""}, {""feature"": ""ret_3"", ""shap"": 0.1420498885191128, ""value"": 0.01481508556753397, ""text"": ""Harga +1,5% dalam 3 hari terakhir""}, {""feature"": ""nbr_rel_price"", ""shap"": 0.12585387976358053, ""value"": -0.07721224427223206, ""text"": ""Harga 7,4% lebih murah dari provinsi tetangga (berpotensi menyusul naik)""}]"
2026-10-07,com_2,27,0.0016568509241000795,0,0.0,0.0,Beras Kualitas Bawah II,Beras,Sulawesi Tenggara,-3.9985,122.513,Rendah,"Salah satu provinsi tetangga berubah +1,9% dalam 7 hari | Harga konsumen 1,0% di atas harga pedagang besar | Harga di provinsi tetangga berubah rata-rata +0,5% dalam 14 hari","[{""feature"": ""nbr_ret_7_max"", ""shap"": 0.11596769339200609, ""value"": 0.01855340786278248, ""text"": ""Salah satu provinsi tetangga berubah +1,9% dalam 7 hari""}, {""feature"": ""margin_cons_whole"", ""shap"": 0.08818471830852871, ""value"": 0.010291686281561852, ""text"": ""Harga konsumen 1,0% di atas harga pedagang besar""}, {""feature"": ""nbr_ret_14_mean"", ""shap"": 0.053233508324666994, ""value"": 0.0051312823779881, ""text"": ""Harga di provinsi tetangga berubah rata-rata +0,5% dalam 14 hari""}]"
2026-10-07,com_2,28,0.004035763607783321,0,-0.0031545742,0.0,Beras Kualitas Bawah II,Beras,Sulawesi Tengah,-0.8917,119.8707,Rendah,"Provinsi ""pemimpin"" (biasanya naik duluan) berubah rata-rata +0,6% dalam 14 hari | 107 hari sejak lonjakan terakhir | Curah hujan 30 hari (30–60 hari lalu) -1,3 SD dari normal","[{""feature"": ""lead_ret_14_mean"", ""shap"": 0.2399709267368846, ""value"": 0.0061844694428145885, ""text"": ""Provinsi \""pemimpin\"" (biasanya naik duluan) berubah rata-rata +0,6% dalam 14 hari""}, {""feature"": ""days_since_spike"", ""shap"": 0.19254575309686764, ""value"": 107.0, ""text"": ""107 hari sejak lonjakan terakhir""}, {""feature"": ""rain_30_anom_lag30"", ""shap"": 0.03334748297126602, ""value"": -1.3176658153533936, ""text"": ""Curah hujan 30 hari (30–60 hari lalu) -1,3 SD dari normal""}]"
2026-10-07,com_2,29,0.0028561144223294968,0,0.0,0.0,Beras Kualitas Bawah II,Beras,Sulawesi Utara,1.4748,124.8421,Rendah,"Harga 14,9% lebih murah dari provinsi tetangga (berpotensi menyusul naik) | Harga konsumen 6,6% di bawah harga pedagang besar | Curah hujan 30 hari (30–60 hari lalu) -1,3 SD dari normal","[{""feature"": ""nbr_rel_price"", ""shap"": 0.2502172048309792, ""value"": -0.1613907814025879, ""text"": ""Harga 14,9% lebih murah dari provinsi tetangga (berpotensi menyusul naik)""}, {""feature"": ""margin_cons_whole"", ""shap"": 0.1314092566423215, ""value"": -0.06828590482473373, ""text"": ""Harga konsumen 6,6% di bawah harga pedagang besar""}, {""feature"": ""rain_30_anom_lag30"", ""shap"": 0.03449809842035387, ""value"": -1.2554948329925537, ""text"": ""Curah hujan 30 hari (30–60 hari lalu) -1,3 SD dari normal""}]"
2026-10-07,com_2,30,0.0026148463694443025,0,0.0,0.0,Beras Kualitas Bawah II,Beras,Sulawesi Barat,-2.6748,118.8885,Rendah,"Harga 6,5% lebih murah dari provinsi tetangga (berpotensi menyusul naik) | Harga 6,8% di bawah rata-rata nasional (berpotensi menyusul naik) | Salah satu provinsi tetangga berubah +1,9% dalam 7 hari","[{""feature"": ""nbr_rel_price"", ""shap"": 0.21791593204159374, ""value"": -0.06744419038295746, ""text"": ""Harga 6,5% lebih murah dari provinsi tetangga (berpotensi menyusul naik)""}, {""feature"": ""rel_nat"", ""shap"": 0.14272243349593472, ""value"": -0.07045166194438934, ""text"": ""Harga 6,8% di bawah rata-rata nasional (berpotensi menyusul naik)""}, {""feature"": ""nbr_ret_7_max"", ""shap"": 0.10285508141686547, ""value"": 0.01855340786278248, ""text"": ""Salah satu provinsi tetangga berubah +1,9% dalam 7 hari""}]"
2026-10-07,com_2,31,0.00552260178824517,0,0.003717472,0.0037105794,Beras Kualitas Bawah II,Beras,Maluku,-3.6954,128.1814,Rendah,"Harga 12,1% lebih murah dari provinsi tetangga (berpotensi menyusul naik) | Harga pedagang besar +3,1% dalam 7 hari terakhir | Harga 8,2% di bawah rata-rata nasional (berpotensi menyusul naik)","[{""feature"": ""nbr_rel_price"", ""shap"": 0.18293423579659837, ""value"": -0.1294289231300354, ""text"": ""Harga 12,1% lebih murah dari provinsi tetangga (berpotensi menyusul naik)""}, {""feature"": ""ret_7_whole"", ""shap"": 0.17975339362863757, ""value"": 0.030305350199341774, ""text"": ""Harga pedagang besar +3,1% dalam 7 hari terakhir""}, {""feature"": ""rel_nat"", ""shap"": 0.15122484103109812, ""value"": -0.08515781164169312, ""text"": ""Harga 8,2% di bawah rata-rata nasional (berpotensi menyusul naik)""}]"
2026-10-07,com_2,32,0.00199123036815426,0,0.0,0.0,Beras Kualitas Bawah II,Beras,Maluku Utara,0.7893,127.3842,Rendah,"336 hari sejak lonjakan terakhir | Sudah lebih dari 4 bulan setelah Iduladha (pola musiman) | Harga di provinsi tetangga berubah rata-rata +0,2% dalam 14 hari","[{""feature"": ""days_since_spike"", ""shap"": 0.17385670186662633, ""value"": 336.0, ""text"": ""336 hari sejak lonjakan terakhir""}, {""feature"": ""days_since_iduladha"", ""shap"": 0.03107558409398865, ""value"": 120.0, ""text"": ""Sudah lebih dari 4 bulan setelah Iduladha (pola musiman)""}, {""feature"": ""nbr_ret_14_mean"", ""shap"": 0.013845864991218322, ""value"": 0.0018552896799519658, ""text"": ""Harga di provinsi tetangga berubah rata-rata +0,2% dalam 14 hari""}]"
2026-10-07,com_2,33,0.0013275713954395368,0,0.0,0.0,Beras Kualitas Bawah II,Beras,Papua,-2.5337,140.7181,Rendah,"Curah hujan 30 hari (30–60 hari lalu) -1,4 SD dari normal | Tinggal 5,0 poin persen lagi menuju ambang lonjakan | Salah satu provinsi tetangga berubah +0,4% dalam 7 hari","[{""feature"": ""rain_30_anom_lag30"", ""shap"": 0.03509853289788058, ""value"": -1.376806616783142, ""text"": ""Curah hujan 30 hari (30–60 hari lalu) -1,4 SD dari normal""}, {""feature"": ""gap_to_threshold"", ""shap"": 0.01822989818371167, ""value"": 0.05000000074505806, ""text"": ""Tinggal 5,0 poin persen lagi menuju ambang lonjakan""}, {""feature"": ""nbr_ret_7_max"", ""shap"": 0.011345600253699507, ""value"": 0.0037105793599039316, ""text"": ""Salah satu provinsi tetangga berubah +0,4% dalam 7 hari""}]"
2026-10-07,com_2,34,0.0021114182357579387,0,0.0,0.0,Beras Kualitas Bawah II,Beras,Papua Barat,-0.8615,134.062,Rendah,"Tinggal 5,0 poin persen lagi menuju ambang lonjakan | Sudah lebih dari 4 bulan setelah Idulfitri (pola musiman) | H-79 menuju Natal","[{""feature"": ""gap_to_threshold"", ""shap"": 0.019745112573952672, ""value"": 0.05000000074505806, ""text"": ""Tinggal 5,0 poin persen lagi menuju ambang lonjakan""}, {""feature"": ""days_since_idulfitri"", ""shap"": 0.00950103924891714, ""value"": 120.0, ""text"": ""Sudah lebih dari 4 bulan setelah Idulfitri (pola musiman)""}, {""feature"": ""days_to_natal"", ""shap"": 0.008834659118491744, ""value"": 79.0, ""text"": ""H-79 menuju Natal""}]"
2026-10-07,com_3,1,0.0008610336982376109,0,-0.009433962,-0.0031695748,Beras Kualitas Medium I,Beras,Aceh,5.5483,95.3238,Rendah,"Harga 7,7% lebih murah dari provinsi tetangga (berpotensi menyusul naik) | Sudah lebih dari 4 bulan setelah Idulfitri (pola musiman) | Harga 5,1% di bawah rata-rata nasional (berpotensi menyusul naik)","[{""feature"": ""nbr_rel_price"", ""shap"": 0.13332401057464507, ""value"": -0.0796697735786438, ""text"": ""Harga 7,7% lebih murah dari provinsi tetangga (berpotensi menyusul naik)""}, {""feature"": ""days_since_idulfitri"", ""shap"": 0.013507503926233101, ""value"": 120.0, ""text"": ""Sudah lebih dari 4 bulan setelah Idulfitri (pola musiman)""}, {""feature"": ""rel_nat"", ""shap"": 0.00783005938283987, ""value"": -0.05256232991814613, ""text"": ""Harga 5,1% di bawah rata-rata nasional (berpotensi menyusul naik)""}]"
2026-10-07,com_3,2,0.0006942526878987562,0,0.0,0.0,Beras Kualitas Medium I,Beras,Sumatera Utara,3.5952,98.6722,Rendah,"Harga 8,4% lebih murah dari provinsi tetangga (berpotensi menyusul naik) | H-79 menuju Natal | Harga 5,7% di bawah rata-rata nasional (berpotensi menyusul naik)","[{""feature"": ""nbr_rel_price"", ""shap"": 0.13361757004139974, ""value"": -0.0881623700261116, ""text"": ""Harga 8,4% lebih murah dari provinsi tetangga (berpotensi menyusul naik)""}, {""feature"": ""days_to_natal"", ""shap"": 0.017657773782022015, ""value"": 79.0, ""text"": ""H-79 menuju Natal""}, {""feature"": ""rel_nat"", ""shap"": 0.012662248536713383, ""value"": -0.058931779116392136, ""text"": ""Harga 5,7% di bawah rata-rata nasional (berpotensi menyusul naik)""}]"
2026-10-07,com_3,3,0.0007468271538583172,0,0.0,0.0,Beras Kualitas Medium I,Beras,Sumatera Barat,-0.9471,100.4172,Rendah,"Harga +0,5 SD dari rata-rata 30 hari terakhir | H-79 menuju Natal | Sudah lebih dari 4 bulan setelah Idulfitri (pola musiman)","[{""feature"": ""z_30"", ""shap"": 0.03950891878186902, ""value"": 0.5424047112464905, ""text"": ""Harga +0,5 SD dari rata-rata 30 hari terakhir""}, {""feature"": ""days_to_natal"", ""shap"": 0.024127712184247477, ""value"": 79.0, ""text"": ""H-79 menuju Natal""}, {""feature"": ""days_since_idulfitri"", ""shap"": 0.014505873849897617, ""value"": 120.0, ""text"": ""Sudah lebih dari 4 bulan setelah Idulfitri (pola musiman)""}]"
2026-10-07,com_3,4,0.0009034355850685925,0,0.0,0.0,Beras Kualitas Medium I,Beras,Riau,0.5071,101.4478,Rendah,"Harga pedagang besar 102,5% di atas harga produsen | Tinggal 5,0 poin persen lagi menuju ambang lonjakan | Harga 2,1% di atas titik terendah 90 hari terakhir","[{""feature"": ""margin_whole_prod"", ""shap"": 0.06211746262651389, ""value"": 0.7057259678840637, ""text"": ""Harga pedagang besar 102,5% di atas harga produsen""}, {""feature"": ""gap_to_threshold"", ""shap"": 0.023282418772359155, ""value"": 0.05000000074505806, ""text"": ""Tinggal 5,0 poin persen lagi menuju ambang lonjakan""}, {""feature"": ""dist_min_90"", ""shap"": 0.016789212361930726, ""value"": 0.02080312743782997, ""text"": ""Harga 2,1% di atas titik terendah 90 hari terakhir""}]"
2026-10-07,com_3,5,0.002406923365781879,0,-0.009646302,0.0,Beras Kualitas Medium I,Beras,Kepulauan Riau,0.9186,104.4665,Rendah,"Harga 8,1% lebih murah dari provinsi tetangga (berpotensi menyusul naik) | Harga 7,2% di bawah rata-rata nasional (berpotensi menyusul naik) | Harga konsumen 1,3% di atas harga pedagang besar","[{""feature"": ""nbr_rel_price"", ""shap"": 0.18019651853717653, ""value"": -0.0849650576710701, ""text"": ""Harga 8,1% lebih murah dari provinsi tetangga (berpotensi menyusul naik)""}, {""feature"": ""rel_nat"", ""shap"": 0.14531813040826227, ""value"": -0.07503518462181091, ""text"": ""Harga 7,2% di bawah rata-rata nasional (berpotensi menyusul naik)""}, {""feature"": ""margin_cons_whole"", ""shap"": 0.07314637308526294, ""value"": 0.013072081841528416, ""text"": ""Harga konsumen 1,3% di atas harga pedagang besar""}]"
2026-10-07,com_3,6,0.0019988192865016043,0,0.0,0.0,Beras Kualitas Medium I,Beras,Jambi,-1.6101,103.6131,Rendah,"Harga pedagang besar +1,3% dalam 7 hari terakhir | Tinggal 5,0 poin persen lagi menuju ambang lonjakan | Harga pedagang besar 17,1% di atas harga produsen","[{""feature"": ""ret_7_whole"", ""shap"": 0.2767259972554751, ""value"": 0.013072081841528416, ""text"": ""Harga pedagang besar +1,3% dalam 7 hari terakhir""}, {""feature"": ""gap_to_threshold"", ""shap"": 0.03564891597425491, ""value"": 0.05000000074505806, ""text"": ""Tinggal 5,0 poin persen lagi menuju ambang lonjakan""}, {""feature"": ""margin_whole_prod"", ""shap"": 0.02812162217205942, ""value"": 0.15794575214385986, ""text"": ""Harga pedagang besar 17,1% di atas harga produsen""}]"
2026-10-07,com_3,7,0.0011381321183077573,0,0.0,0.0,Beras Kualitas Medium I,Beras,Bengkulu,-3.7928,102.2608,Rendah,"Harga 5,9% lebih murah dari provinsi tetangga (berpotensi menyusul naik) | Harga +0,6 SD dari rata-rata 30 hari terakhir | Harga produsen +4,3% dalam 14 hari terakhir","[{""feature"": ""nbr_rel_price"", ""shap"": 0.214172772233845, ""value"": -0.06105310097336769, ""text"": ""Harga 5,9% lebih murah dari provinsi tetangga (berpotensi menyusul naik)""}, {""feature"": ""z_30"", ""shap"": 0.052970738137243435, ""value"": 0.5928871035575867, ""text"": ""Harga +0,6 SD dari rata-rata 30 hari terakhir""}, {""feature"": ""ret_14_prod"", ""shap"": 0.02568371315173749, ""value"": 0.04255961626768112, ""text"": ""Harga produsen +4,3% dalam 14 hari terakhir""}]"
2026-10-07,com_3,8,0.0032690178941573705,0,0.0,0.0,Beras Kualitas Medium I,Beras,Sumatera Selatan,-2.9761,104.7754,Rendah,"Harga +0,6 SD dari rata-rata 30 hari terakhir | Tinggal 5,0 poin persen lagi menuju ambang lonjakan | Harga pedagang besar 21,5% di atas harga produsen","[{""feature"": ""z_30"", ""shap"": 0.04017378267978075, ""value"": 0.5928871035575867, ""text"": ""Harga +0,6 SD dari rata-rata 30 hari terakhir""}, {""feature"": ""gap_to_threshold"", ""shap"": 0.03160375098688405, ""value"": 0.05000000074505806, ""text"": ""Tinggal 5,0 poin persen lagi menuju ambang lonjakan""}, {""feature"": ""margin_whole_prod"", ""shap"": 0.028168310901178873, ""value"": 0.19439414143562317, ""text"": ""Harga pedagang besar 21,5% di atas harga produsen""}]"
2026-10-07,com_3,9,0.002504479416981438,0,0.0,0.0,Beras Kualitas Medium I,Beras,Kepulauan Bangka Belitung,-2.1316,106.1169,Rendah,"Harga konsumen 0,9% di bawah harga pedagang besar | Provinsi ""pemimpin"" (biasanya naik duluan) berubah rata-rata +0,3% dalam 7 hari | Tinggal 5,0 poin persen lagi menuju ambang lonjakan","[{""feature"": ""margin_cons_whole"", ""shap"": 0.1868038789816292, ""value"": -0.00902261771261692, ""text"": ""Harga konsumen 0,9% di bawah harga pedagang besar""}, {""feature"": ""lead_ret_7_mean"", ""shap"": 0.05061678309353581, ""value"": 0.0032330327667295933, ""text"": ""Provinsi \""pemimpin\"" (biasanya naik duluan) berubah rata-rata +0,3% dalam 7 hari""}, {""feature"": ""gap_to_threshold"", ""shap"": 0.02923231368791272, ""value"": 0.05000000074505806, ""text"": ""Tinggal 5,0 poin persen lagi menuju ambang lonjakan""}]"
2026-10-07,com_3,10,0.0006070712621164131,0,0.0,0.0,Beras Kualitas Medium I,Beras,Lampung,-5.3971,105.2668,Rendah,"Harga 3,8% lebih murah dari provinsi tetangga (berpotensi menyusul naik) | Harga +0,5 SD dari rata-rata 30 hari terakhir | Tinggal 5,0 poin persen lagi menuju ambang lonjakan","[{""feature"": ""nbr_rel_price"", ""shap"": 0.08933913825731937, ""value"": -0.03855392336845398, ""text"": ""Harga 3,8% lebih murah dari provinsi tetangga (berpotensi menyusul naik)""}, {""feature"": ""z_30"", ""shap"": 0.03128874233562095, ""value"": 0.5494275093078613, ""text"": ""Harga +0,5 SD dari rata-rata 30 hari terakhir""}, {""feature"": ""gap_to_threshold"", ""shap"": 0.01931675532287581, ""value"": 0.05000000074505806, ""text"": ""Tinggal 5,0 poin persen lagi menuju ambang lonjakan""}]"
2026-10-07,com_3,11,0.0007673102311781229,0,0.0,0.0,Beras Kualitas Medium I,Beras,Banten,-6.1104,106.164,Rendah,"H-79 menuju Natal | Sudah lebih dari 4 bulan setelah Idulfitri (pola musiman) | Harga pedagang besar 11,1% di atas harga produsen","[{""feature"": ""days_to_natal"", ""shap"": 0.016467472241525297, ""value"": 79.0, ""text"": ""H-79 menuju Natal""}, {""feature"": ""days_since_idulfitri"", ""shap"": 0.014805660843624703, ""value"": 120.0, ""text"": ""Sudah lebih dari 4 bulan setelah Idulfitri (pola musiman)""}, {""feature"": ""margin_whole_prod"", ""shap"": 0.013172554247623607, ""value"": 0.10536051541566849, ""text"": ""Harga pedagang besar 11,1% di atas harga produsen""}]"
2026-10-07,com_3,12,0.0010678271928346724,0,-0.0031545742,-0.0031595603,Beras Kualitas Medium I,Beras,Jawa Barat,-6.9175,107.6191,Rendah,"Harga 4,2% lebih murah dari provinsi tetangga (berpotensi menyusul naik) | Harga produsen -6,5% dalam 14 hari terakhir | Provinsi ""pemimpin"" (biasanya naik duluan) berubah rata-rata +0,4% dalam 14 hari","[{""feature"": ""nbr_rel_price"", ""shap"": 0.09560558909309864, ""value"": -0.04305585101246834, ""text"": ""Harga 4,2% lebih murah dari provinsi tetangga (berpotensi menyusul naik)""}, {""feature"": ""ret_14_prod"", ""shap"": 0.0344442744810707, ""value"": -0.06693948060274124, ""text"": ""Harga produsen -6,5% dalam 14 hari terakhir""}, {""feature"": ""lead_ret_14_mean"", ""shap"": 0.031051944743875997, ""value"": 0.004269840195775032, ""text"": ""Provinsi \""pemimpin\"" (biasanya naik duluan) berubah rata-rata +0,4% dalam 14 hari""}]"
2026-10-07,com_3,13,0.0008329508552501348,0,0.0,0.0,Beras Kualitas Medium I,Beras,DKI Jakarta,-6.2088,106.8456,Rendah,"H-79 menuju Natal | Sudah lebih dari 4 bulan setelah Idulfitri (pola musiman) | Harga +0,6 SD dari rata-rata 90 hari terakhir","[{""feature"": ""days_to_natal"", ""shap"": 0.019250829436577032, ""value"": 79.0, ""text"": ""H-79 menuju Natal""}, {""feature"": ""days_since_idulfitri"", ""shap"": 0.014464972904937985, ""value"": 120.0, ""text"": ""Sudah lebih dari 4 bulan setelah Idulfitri (pola musiman)""}, {""feature"": ""z_90"", ""shap"": 0.008680462239566901, ""value"": 0.6338265538215637, ""text"": ""Harga +0,6 SD dari rata-rata 90 hari terakhir""}]"
2026-10-07,com_3,14,0.0008144871127599046,0,0.00625,0.0,Beras Kualitas Medium I,Beras,Jawa Tengah,-6.9667,110.4167,Rendah,"Harga +1,4 SD dari rata-rata 30 hari terakhir | Salah satu provinsi tetangga berubah +0,7% dalam 7 hari | Tinggal 4,4 poin persen lagi menuju ambang lonjakan","[{""feature"": ""z_30"", ""shap"": 0.04391435653808049, ""value"": 1.358068585395813, ""text"": ""Harga +1,4 SD dari rata-rata 30 hari terakhir""}, {""feature"": ""nbr_ret_7_max"", ""shap"": 0.03316668944497992, ""value"": 0.006578971166163683, ""text"": ""Salah satu provinsi tetangga berubah +0,7% dalam 7 hari""}, {""feature"": ""gap_to_threshold"", ""shap"": 0.022866584633903293, ""value"": 0.04374999925494194, ""text"": ""Tinggal 4,4 poin persen lagi menuju ambang lonjakan""}]"
2026-10-07,com_3,15,0.0020633437933337984,0,0.0,0.0,Beras Kualitas Medium I,Beras,DI Yogyakarta,-7.7956,110.3695,Rendah,"Harga 7,2% di bawah rata-rata nasional (berpotensi menyusul naik) | Harga 2,0% lebih murah dari provinsi tetangga (berpotensi menyusul naik) | Salah satu provinsi tetangga berubah +0,7% dalam 7 hari","[{""feature"": ""rel_nat"", ""shap"": 0.10839696067339687, ""value"": -0.07503518462181091, ""text"": ""Harga 7,2% di bawah rata-rata nasional (berpotensi menyusul naik)""}, {""feature"": ""nbr_rel_price"", ""shap"": 0.08076388221994207, ""value"": -0.020102063193917274, ""text"": ""Harga 2,0% lebih murah dari provinsi tetangga (berpotensi menyusul naik)""}, {""feature"": ""nbr_ret_7_max"", ""shap"": 0.06411064928900972, ""value"": 0.006578971166163683, ""text"": ""Salah satu provinsi tetangga berubah +0,7% dalam 7 hari""}]"
2026-10-07,com_3,16,0.0018586387131945947,0,0.0066006603,0.006578971,Beras Kualitas Medium I,Beras,Jawa Timur,-7.2575,112.7521,Rendah,"Harga 8,1% di bawah rata-rata nasional (berpotensi menyusul naik) | Harga konsumen 2,0% di atas harga pedagang besar | Harga +2,4 SD dari rata-rata 30 hari terakhir","[{""feature"": ""rel_nat"", ""shap"": 0.09843024531132483, ""value"": -0.08482319116592407, ""text"": ""Harga 8,1% di bawah rata-rata nasional (berpotensi menyusul naik)""}, {""feature"": ""margin_cons_whole"", ""shap"": 0.09038265924811457, ""value"": 0.01986820250749588, ""text"": ""Harga konsumen 2,0% di atas harga pedagang besar""}, {""feature"": ""z_30"", ""shap"": 0.08768476230033893, ""value"": 2.379167318344116, ""text"": ""Harga +2,4 SD dari rata-rata 30 hari terakhir""}]"
2026-10-07,com_3,17,0.001854151159705594,0,0.0,0.0,Beras Kualitas Medium I,Beras,Bali,-8.6705,115.2126,Rendah,"Harga konsumen 1,6% di atas harga pedagang besar | Salah satu provinsi tetangga berubah +0,7% dalam 7 hari | Harga +0,5 SD dari rata-rata 30 hari terakhir","[{""feature"": ""margin_cons_whole"", ""shap"": 0.09749342834195954, ""value"": 0.01600034162402153, ""text"": ""Harga konsumen 1,6% di atas harga pedagang besar""}, {""feature"": ""nbr_ret_7_max"", ""shap"": 0.062224824812503944, ""value"": 0.006578971166163683, ""text"": ""Salah satu provinsi tetangga berubah +0,7% dalam 7 hari""}, {""feature"": ""z_30"", ""shap"": 0.0429169033973121, ""value"": 0.5424047112464905, ""text"": ""Harga +0,5 SD dari rata-rata 30 hari terakhir""}]"
2026-10-07,com_3,18,0.0026215012656844467,0,0.0,0.0,Beras Kualitas Medium I,Beras,Nusa Tenggara Barat,-8.5833,116.1167,Rendah,"Harga 10,9% lebih murah dari provinsi tetangga (berpotensi menyusul naik) | Harga 17,8% di bawah rata-rata nasional (berpotensi menyusul naik) | Salah satu provinsi tetangga berubah +0,7% dalam 7 hari","[{""feature"": ""nbr_rel_price"", ""shap"": 0.24175527203394218, ""value"": -0.1149708703160286, ""text"": ""Harga 10,9% lebih murah dari provinsi tetangga (berpotensi menyusul naik)""}, {""feature"": ""rel_nat"", ""shap"": 0.22529319540896453, ""value"": -0.19566316902637482, ""text"": ""Harga 17,8% di bawah rata-rata nasional (berpotensi menyusul naik)""}, {""feature"": ""nbr_ret_7_max"", ""shap"": 0.05367871418589271, ""value"": 0.006711434572935104, ""text"": ""Salah satu provinsi tetangga berubah +0,7% dalam 7 hari""}]"
2026-10-07,com_3,19,0.001104950559802697,0,0.0,0.0,Beras Kualitas Medium I,Beras,Nusa Tenggara Timur,-10.1772,123.607,Rendah,"Harga 10,5% di bawah rata-rata nasional (berpotensi menyusul naik) | Salah satu provinsi tetangga berubah +0,7% dalam 7 hari | Harga di provinsi tetangga berubah rata-rata +0,3% dalam 14 hari","[{""feature"": ""rel_nat"", ""shap"": 0.1584361172287365, ""value"": -0.11140283197164536, ""text"": ""Harga 10,5% di bawah rata-rata nasional (berpotensi menyusul naik)""}, {""feature"": ""nbr_ret_7_max"", ""shap"": 0.050975872318751426, ""value"": 0.006711434572935104, ""text"": ""Salah satu provinsi tetangga berubah +0,7% dalam 7 hari""}, {""feature"": ""nbr_ret_14_mean"", ""shap"": 0.02885585337237241, ""value"": 0.0032771872356534004, ""text"": ""Harga di provinsi tetangga berubah rata-rata +0,3% dalam 14 hari""}]"
2026-10-07,com_3,20,0.0006615131912164879,0,0.0,0.0,Beras Kualitas Medium I,Beras,Kalimantan Barat,-0.0263,109.3425,Rendah,"Harga konsumen 0,9% di atas harga pedagang besar | Tinggal 5,0 poin persen lagi menuju ambang lonjakan | Curah hujan 30 hari (30–60 hari lalu) -1,3 SD dari normal","[{""feature"": ""margin_cons_whole"", ""shap"": 0.07022701719392262, ""value"": 0.008658062666654587, ""text"": ""Harga konsumen 0,9% di atas harga pedagang besar""}, {""feature"": ""gap_to_threshold"", ""shap"": 0.028315348025832333, ""value"": 0.05000000074505806, ""text"": ""Tinggal 5,0 poin persen lagi menuju ambang lonjakan""}, {""feature"": ""rain_30_anom_lag30"", ""shap"": 0.02393825567042815, ""value"": -1.2946429252624512, ""text"": ""Curah hujan 30 hari (30–60 hari lalu) -1,3 SD dari normal""}]"
2026-10-07,com_3,21,0.003952839504367047,0,0.004914005,-0.009732437,Beras Kualitas Medium I,Beras,Kalimantan Selatan,-3.3186,114.5944,Rendah,"Harga 6,5% di atas titik terendah 90 hari terakhir | Salah satu provinsi tetangga berubah +3,0% dalam 7 hari | Harga +0,7 SD dari rata-rata 30 hari terakhir","[{""feature"": ""dist_min_90"", ""shap"": 0.1385440780025895, ""value"": 0.06307260692119598, ""text"": ""Harga 6,5% di atas titik terendah 90 hari terakhir""}, {""feature"": ""nbr_ret_7_max"", ""shap"": 0.07473615187683949, ""value"": 0.02941388450562954, ""text"": ""Salah satu provinsi tetangga berubah +3,0% dalam 7 hari""}, {""feature"": ""z_30"", ""shap"": 0.04504328213258882, ""value"": 0.7357468008995056, ""text"": ""Harga +0,7 SD dari rata-rata 30 hari terakhir""}]"
2026-10-07,com_3,22,0.0024706571408858917,0,0.0,0.0,Beras Kualitas Medium I,Beras,Kalimantan Tengah,-2.2161,113.9135,Rendah,"Provinsi ""pemimpin"" (biasanya naik duluan) berubah rata-rata +0,5% dalam 7 hari | Salah satu provinsi tetangga berubah +3,0% dalam 7 hari | Tinggal 5,0 poin persen lagi menuju ambang lonjakan","[{""feature"": ""lead_ret_7_mean"", ""shap"": 0.17329953704079595, ""value"": 0.004852099344134331, ""text"": ""Provinsi \""pemimpin\"" (biasanya naik duluan) berubah rata-rata +0,5% dalam 7 hari""}, {""feature"": ""nbr_ret_7_max"", ""shap"": 0.07592103661046255, ""value"": 0.02941388450562954, ""text"": ""Salah satu provinsi tetangga berubah +3,0% dalam 7 hari""}, {""feature"": ""gap_to_threshold"", ""shap"": 0.04379718435646869, ""value"": 0.05000000074505806, ""text"": ""Tinggal 5,0 poin persen lagi menuju ambang lonjakan""}]"
2026-10-07,com_3,23,0.02381411282758332,0,0.0,0.029413885,Beras Kualitas Medium I,Beras,Kalimantan Timur,-0.5022,117.1536,Rendah,"Harga sedang bergejolak: rata-rata ±1,2% per hari (14 hari terakhir) | Harga +3,0% dalam 7 hari terakhir | Curah hujan 30 hari (30–60 hari lalu) -1,6 SD dari normal","[{""feature"": ""vol_14"", ""shap"": 0.5499718650376517, ""value"": 0.01153707504272461, ""text"": ""Harga sedang bergejolak: rata-rata ±1,2% per hari (14 hari terakhir)""}, {""feature"": ""ret_7"", ""shap"": 0.2993361578092288, ""value"": 0.02941388450562954, ""text"": ""Harga +3,0% dalam 7 hari terakhir""}, {""feature"": ""rain_30_anom_lag30"", ""shap"": 0.06313089410761187, ""value"": -1.6460604667663574, ""text"": ""Curah hujan 30 hari (30–60 hari lalu) -1,6 SD dari normal""}]"
2026-10-07,com_3,24,0.004297165352221418,0,0.0116959065,0.014556298,Beras Kualitas Medium I,Beras,Kalimantan Utara,2.8375,117.3653,Rendah,"Harga +1,5% dalam 3 hari terakhir | Tinggal 3,8 poin persen lagi menuju ambang lonjakan | Harga +2,7 SD dari rata-rata 30 hari terakhir","[{""feature"": ""ret_3"", ""shap"": 0.17144225184903736, ""value"": 0.014556298032402992, ""text"": ""Harga +1,5% dalam 3 hari terakhir""}, {""feature"": ""gap_to_threshold"", ""shap"": 0.12306068694347207, ""value"": 0.03830409422516823, ""text"": ""Tinggal 3,8 poin persen lagi menuju ambang lonjakan""}, {""feature"": ""z_30"", ""shap"": 0.09913087004739207, ""value"": 2.7352352142333984, ""text"": ""Harga +2,7 SD dari rata-rata 30 hari terakhir""}]"
2026-10-07,com_3,25,0.005940882093942718,0,0.0,0.0,Beras Kualitas Medium I,Beras,Gorontalo,0.5435,123.0568,Rendah,"105 hari sejak lonjakan terakhir | Provinsi ""pemimpin"" (biasanya naik duluan) berubah rata-rata +0,4% dalam 7 hari | Harga 4,1% lebih murah dari provinsi tetangga (berpotensi menyusul naik)","[{""feature"": ""days_since_spike"", ""shap"": 0.2896618121725266, ""value"": 105.0, ""text"": ""105 hari sejak lonjakan terakhir""}, {""feature"": ""lead_ret_7_mean"", ""shap"": 0.15487279814989174, ""value"": 0.004011830314993858, ""text"": ""Provinsi \""pemimpin\"" (biasanya naik duluan) berubah rata-rata +0,4% dalam 7 hari""}, {""feature"": ""nbr_rel_price"", ""shap"": 0.1494843249471024, ""value"": -0.04199845716357231, ""text"": ""Harga 4,1% lebih murah dari provinsi tetangga (berpotensi menyusul naik)""}]"
2026-10-07,com_3,26,0.0011826632945497334,0,0.0067340066,0.0067114346,Beras Kualitas Medium I,Beras,Sulawesi Selatan,-5.1477,119.4327,Rendah,"Harga 9,9% di bawah rata-rata nasional (berpotensi menyusul naik) | Harga 3,9% lebih murah dari provinsi tetangga (berpotensi menyusul naik) | Tinggal 4,3 poin persen lagi menuju ambang lonjakan","[{""feature"": ""rel_nat"", ""shap"": 0.10677013814250474, ""value"": -0.10469139367341995, ""text"": ""Harga 9,9% di bawah rata-rata nasional (berpotensi menyusul naik)""}, {""feature"": ""nbr_rel_price"", ""shap"": 0.1015911617374603, ""value"": -0.03953466936945915, ""text"": ""Harga 3,9% lebih murah dari provinsi tetangga (berpotensi menyusul naik)""}, {""feature"": ""gap_to_threshold"", ""shap"": 0.048417257110014565, ""value"": 0.043265994638204575, ""text"": ""Tinggal 4,3 poin persen lagi menuju ambang lonjakan""}]"
2026-10-07,com_3,27,0.001016701231058688,0,0.003125,0.0031201274,Beras Kualitas Medium I,Beras,Sulawesi Tenggara,-3.9985,122.513,Rendah,"Harga +0,3% dalam 1 hari terakhir | Harga +5,3 SD dari rata-rata 30 hari terakhir | Salah satu provinsi tetangga berubah +0,7% dalam 7 hari","[{""feature"": ""ret_1"", ""shap"": 0.15641625606246867, ""value"": 0.0031201273668557405, ""text"": ""Harga +0,3% dalam 1 hari terakhir""}, {""feature"": ""z_30"", ""shap"": 0.09285659677425719, ""value"": 5.294651031494141, ""text"": ""Harga +5,3 SD dari rata-rata 30 hari terakhir""}, {""feature"": ""nbr_ret_7_max"", ""shap"": 0.04109808994579646, ""value"": 0.006711434572935104, ""text"": ""Salah satu provinsi tetangga berubah +0,7% dalam 7 hari""}]"
2026-10-07,com_3,28,0.0050705042858726485,0,0.0,0.0,Beras Kualitas Medium I,Beras,Sulawesi Tengah,-0.8917,119.8707,Rendah,"107 hari sejak lonjakan terakhir | Provinsi ""pemimpin"" (biasanya naik duluan) berubah rata-rata +0,5% dalam 7 hari | Salah satu provinsi tetangga berubah +3,0% dalam 7 hari","[{""feature"": ""days_since_spike"", ""shap"": 0.24515601395981892, ""value"": 107.0, ""text"": ""107 hari sejak lonjakan terakhir""}, {""feature"": ""lead_ret_7_mean"", ""shap"": 0.1485700787835184, ""value"": 0.0052089327946305275, ""text"": ""Provinsi \""pemimpin\"" (biasanya naik duluan) berubah rata-rata +0,5% dalam 7 hari""}, {""feature"": ""nbr_ret_7_max"", ""shap"": 0.09171478217269428, ""value"": 0.02941388450562954, ""text"": ""Salah satu provinsi tetangga berubah +3,0% dalam 7 hari""}]"
2026-10-07,com_3,29,0.0035016800635367345,0,0.0089552235,0.008915364,Beras Kualitas Medium I,Beras,Sulawesi Utara,1.4748,124.8421,Rendah,"104 hari sejak lonjakan terakhir | Harga +3,7 SD dari rata-rata 30 hari terakhir | Harga +0,9% dalam 3 hari terakhir","[{""feature"": ""days_since_spike"", ""shap"": 0.2859700622695934, ""value"": 104.0, ""text"": ""104 hari sejak lonjakan terakhir""}, {""feature"": ""z_30"", ""shap"": 0.14570153920929488, ""value"": 3.6787679195404053, ""text"": ""Harga +3,7 SD dari rata-rata 30 hari terakhir""}, {""feature"": ""ret_3"", ""shap"": 0.133977972186195, ""value"": 0.008915363810956478, ""text"": ""Harga +0,9% dalam 3 hari terakhir""}]"
2026-10-07,com_3,30,0.0024644559171451952,0,0.0,0.0,Beras Kualitas Medium I,Beras,Sulawesi Barat,-2.6748,118.8885,Rendah,"Harga 8,7% lebih murah dari provinsi tetangga (berpotensi menyusul naik) | Harga 11,7% di bawah rata-rata nasional (berpotensi menyusul naik) | Salah satu provinsi tetangga berubah +3,0% dalam 7 hari","[{""feature"": ""nbr_rel_price"", ""shap"": 0.20633029564714367, ""value"": -0.09059705585241318, ""text"": ""Harga 8,7% lebih murah dari provinsi tetangga (berpotensi menyusul naik)""}, {""feature"": ""rel_nat"", ""shap"": 0.17873665992592513, ""value"": -0.12496235966682434, ""text"": ""Harga 11,7% di bawah rata-rata nasional (berpotensi menyusul naik)""}, {""feature"": ""nbr_ret_7_max"", ""shap"": 0.10311874856007364, ""value"": 0.02941388450562954, ""text"": ""Salah satu provinsi tetangga berubah +3,0% dalam 7 hari""}]"
2026-10-07,com_3,31,0.0020024771944755627,0,0.0,0.0,Beras Kualitas Medium I,Beras,Maluku,-3.6954,128.1814,Rendah,"Provinsi ""pemimpin"" (biasanya naik duluan) berubah rata-rata +1,1% dalam 7 hari | Harga konsumen 1,4% di atas harga pedagang besar | Salah satu provinsi tetangga berubah +0,9% dalam 7 hari","[{""feature"": ""lead_ret_7_mean"", ""shap"": 0.3195827750311353, ""value"": 0.010844671167433262, ""text"": ""Provinsi \""pemimpin\"" (biasanya naik duluan) berubah rata-rata +1,1% dalam 7 hari""}, {""feature"": ""margin_cons_whole"", ""shap"": 0.14193604324535627, ""value"": 0.0143887372687459, ""text"": ""Harga konsumen 1,4% di atas harga pedagang besar""}, {""feature"": ""nbr_ret_7_max"", ""shap"": 0.08146017123581849, ""value"": 0.008915363810956478, ""text"": ""Salah satu provinsi tetangga berubah +0,9% dalam 7 hari""}]"
2026-10-07,com_3,32,0.00174612060063833,0,0.0,0.0,Beras Kualitas Medium I,Beras,Maluku Utara,0.7893,127.3842,Rendah,"Salah satu provinsi tetangga berubah +0,9% dalam 7 hari | Tinggal 5,0 poin persen lagi menuju ambang lonjakan | Harga di provinsi tetangga berubah rata-rata +0,3% dalam 14 hari","[{""feature"": ""nbr_ret_7_max"", ""shap"": 0.06667350087569579, ""value"": 0.008915363810956478, ""text"": ""Salah satu provinsi tetangga berubah +0,9% dalam 7 hari""}, {""feature"": ""gap_to_threshold"", ""shap"": 0.021494744990257646, ""value"": 0.05000000074505806, ""text"": ""Tinggal 5,0 poin persen lagi menuju ambang lonjakan""}, {""feature"": ""nbr_ret_14_mean"", ""shap"": 0.01637698445666917, ""value"": 0.0029717879369854927, ""text"": ""Harga di provinsi tetangga berubah rata-rata +0,3% dalam 14 hari""}]"
2026-10-07,com_3,33,0.0033555257268243293,0,0.0,0.0,Beras Kualitas Medium I,Beras,Papua,-2.5337,140.7181,Rendah,"Provinsi ""pemimpin"" (biasanya naik duluan) berubah rata-rata +0,7% dalam 14 hari | Harga +0,6 SD dari rata-rata 30 hari terakhir | Curah hujan 30 hari (30–60 hari lalu) -1,4 SD dari normal","[{""feature"": ""lead_ret_14_mean"", ""shap"": 0.2709850028686503, ""value"": 0.006847800686955452, ""text"": ""Provinsi \""pemimpin\"" (biasanya naik duluan) berubah rata-rata +0,7% dalam 14 hari""}, {""feature"": ""z_30"", ""shap"": 0.04902677753462004, ""value"": 0.5928871035575867, ""text"": ""Harga +0,6 SD dari rata-rata 30 hari terakhir""}, {""feature"": ""rain_30_anom_lag30"", ""shap"": 0.03784676310639398, ""value"": -1.376806616783142, ""text"": ""Curah hujan 30 hari (30–60 hari lalu) -1,4 SD dari normal""}]"
2026-10-07,com_3,34,0.003644108118125732,0,0.0027855153,0.0,Beras Kualitas Medium I,Beras,Papua Barat,-0.8615,134.062,Rendah,"Harga +1,5 SD dari rata-rata 30 hari terakhir | Harga 1,8% lebih murah dari provinsi tetangga (berpotensi menyusul naik) | H-79 menuju Natal","[{""feature"": ""z_30"", ""shap"": 0.07106431126700304, ""value"": 1.5018507242202759, ""text"": ""Harga +1,5 SD dari rata-rata 30 hari terakhir""}, {""feature"": ""nbr_rel_price"", ""shap"": 0.036008850744939876, ""value"": -0.018144216388463974, ""text"": ""Harga 1,8% lebih murah dari provinsi tetangga (berpotensi menyusul naik)""}, {""feature"": ""days_to_natal"", ""shap"": 0.0195417010738608, ""value"": 79.0, ""text"": ""H-79 menuju Natal""}]"
2026-10-07,com_4,1,0.0009884399454293275,0,-0.009771987,0.0,Beras Kualitas Medium II,Beras,Aceh,5.5483,95.3238,Rendah,"Harga 11,2% lebih murah dari provinsi tetangga (berpotensi menyusul naik) | Harga konsumen 1,7% di atas harga pedagang besar | Harga 7,3% di bawah rata-rata nasional (berpotensi menyusul naik)","[{""feature"": ""nbr_rel_price"", ""shap"": 0.14026978983388377, ""value"": -0.11899338662624359, ""text"": ""Harga 11,2% lebih murah dari provinsi tetangga (berpotensi menyusul naik)""}, {""feature"": ""margin_cons_whole"", ""shap"": 0.06584850479874066, ""value"": 0.016584128141403198, ""text"": ""Harga konsumen 1,7% di atas harga pedagang besar""}, {""feature"": ""rel_nat"", ""shap"": 0.06432006224262696, ""value"": -0.07598590850830078, ""text"": ""Harga 7,3% di bawah rata-rata nasional (berpotensi menyusul naik)""}]"
2026-10-07,com_4,2,0.0007113807268053876,0,0.0,0.0,Beras Kualitas Medium II,Beras,Sumatera Utara,3.5952,98.6722,Rendah,"Harga 4,9% lebih murah dari provinsi tetangga (berpotensi menyusul naik) | H-79 menuju Natal | Sudah lebih dari 4 bulan setelah Idulfitri (pola musiman)","[{""feature"": ""nbr_rel_price"", ""shap"": 0.09378563631801165, ""value"": -0.050602324306964874, ""text"": ""Harga 4,9% lebih murah dari provinsi tetangga (berpotensi menyusul naik)""}, {""feature"": ""days_to_natal"", ""shap"": 0.015005870296762558, ""value"": 79.0, ""text"": ""H-79 menuju Natal""}, {""feature"": ""days_since_idulfitri"", ""shap"": 0.012018671072257087, ""value"": 120.0, ""text"": ""Sudah lebih dari 4 bulan setelah Idulfitri (pola musiman)""}]"
2026-10-07,com_4,3,0.0009485029524162414,0,0.0,0.0,Beras Kualitas Medium II,Beras,Sumatera Barat,-0.9471,100.4172,Rendah,"Harga +0,5 SD dari rata-rata 30 hari terakhir | H-79 menuju Natal | Curah hujan 30 hari (60–90 hari lalu) +1,3 SD dari normal","[{""feature"": ""z_30"", ""shap"": 0.04589634833570043, ""value"": 0.5424047112464905, ""text"": ""Harga +0,5 SD dari rata-rata 30 hari terakhir""}, {""feature"": ""days_to_natal"", ""shap"": 0.021172973188707162, ""value"": 79.0, ""text"": ""H-79 menuju Natal""}, {""feature"": ""rain_30_anom_lag60"", ""shap"": 0.01489593010540789, ""value"": 1.3416086435317993, ""text"": ""Curah hujan 30 hari (60–90 hari lalu) +1,3 SD dari normal""}]"
2026-10-07,com_4,4,0.0009125284897599891,0,0.0029498525,0.0,Beras Kualitas Medium II,Beras,Riau,0.5071,101.4478,Rendah,"Harga +0,5 SD dari rata-rata 30 hari terakhir | Sudah lebih dari 4 bulan setelah Idulfitri (pola musiman) | Tinggal 4,7 poin persen lagi menuju ambang lonjakan","[{""feature"": ""z_30"", ""shap"": 0.041673533455861014, ""value"": 0.4915960431098938, ""text"": ""Harga +0,5 SD dari rata-rata 30 hari terakhir""}, {""feature"": ""days_since_idulfitri"", ""shap"": 0.013557250404231783, ""value"": 120.0, ""text"": ""Sudah lebih dari 4 bulan setelah Idulfitri (pola musiman)""}, {""feature"": ""gap_to_threshold"", ""shap"": 0.008599265437353381, ""value"": 0.047050148248672485, ""text"": ""Tinggal 4,7 poin persen lagi menuju ambang lonjakan""}]"
2026-10-07,com_4,5,0.0014227267844087953,0,0.0,0.0,Beras Kualitas Medium II,Beras,Kepulauan Riau,0.9186,104.4665,Rendah,"Harga 3,2% lebih murah dari provinsi tetangga (berpotensi menyusul naik) | Curah hujan 30 hari (60–90 hari lalu) +5,0 SD dari normal | H-79 menuju Natal","[{""feature"": ""nbr_rel_price"", ""shap"": 0.05821329203951381, ""value"": -0.03260884806513786, ""text"": ""Harga 3,2% lebih murah dari provinsi tetangga (berpotensi menyusul naik)""}, {""feature"": ""rain_30_anom_lag60"", ""shap"": 0.02570048884393031, ""value"": 5.0, ""text"": ""Curah hujan 30 hari (60–90 hari lalu) +5,0 SD dari normal""}, {""feature"": ""days_to_natal"", ""shap"": 0.01780531179560589, ""value"": 79.0, ""text"": ""H-79 menuju Natal""}]"
2026-10-07,com_4,6,0.0018694272763696532,0,0.0,0.0,Beras Kualitas Medium II,Beras,Jambi,-1.6101,103.6131,Rendah,"Harga pedagang besar +1,7% dalam 7 hari terakhir | Tinggal 5,0 poin persen lagi menuju ambang lonjakan | Harga pedagang besar 16,7% di atas harga produsen","[{""feature"": ""ret_7_whole"", ""shap"": 0.25621232588132686, ""value"": 0.016420729458332062, ""text"": ""Harga pedagang besar +1,7% dalam 7 hari terakhir""}, {""feature"": ""gap_to_threshold"", ""shap"": 0.03622410769815831, ""value"": 0.05000000074505806, ""text"": ""Tinggal 5,0 poin persen lagi menuju ambang lonjakan""}, {""feature"": ""margin_whole_prod"", ""shap"": 0.02426075891275622, ""value"": 0.15469372272491455, ""text"": ""Harga pedagang besar 16,7% di atas harga produsen""}]"
2026-10-07,com_4,7,0.0010571507936847282,0,0.0,0.0,Beras Kualitas Medium II,Beras,Bengkulu,-3.7928,102.2608,Rendah,"Harga 4,8% lebih murah dari provinsi tetangga (berpotensi menyusul naik) | Harga +0,6 SD dari rata-rata 30 hari terakhir | Harga produsen +15,1% dalam 14 hari terakhir","[{""feature"": ""nbr_rel_price"", ""shap"": 0.12345824627457636, ""value"": -0.04927177354693413, ""text"": ""Harga 4,8% lebih murah dari provinsi tetangga (berpotensi menyusul naik)""}, {""feature"": ""z_30"", ""shap"": 0.04426714557491655, ""value"": 0.5928871035575867, ""text"": ""Harga +0,6 SD dari rata-rata 30 hari terakhir""}, {""feature"": ""ret_14_prod"", ""shap"": 0.012276718088334446, ""value"": 0.14040112495422363, ""text"": ""Harga produsen +15,1% dalam 14 hari terakhir""}]"
2026-10-07,com_4,8,0.0019352402605469787,0,0.0,0.0,Beras Kualitas Medium II,Beras,Sumatera Selatan,-2.9761,104.7754,Rendah,"Harga +0,6 SD dari rata-rata 30 hari terakhir | Tinggal 5,0 poin persen lagi menuju ambang lonjakan | Harga pedagang besar 24,0% di atas harga produsen","[{""feature"": ""z_30"", ""shap"": 0.040290949259591674, ""value"": 0.5928871035575867, ""text"": ""Harga +0,6 SD dari rata-rata 30 hari terakhir""}, {""feature"": ""gap_to_threshold"", ""shap"": 0.023103393004259568, ""value"": 0.05000000074505806, ""text"": ""Tinggal 5,0 poin persen lagi menuju ambang lonjakan""}, {""feature"": ""margin_whole_prod"", ""shap"": 0.017182995092814797, ""value"": 0.2148447483778, ""text"": ""Harga pedagang besar 24,0% di atas harga produsen""}]"
2026-10-07,com_4,9,0.0013761424586625848,0,0.0,0.0,Beras Kualitas Medium II,Beras,Kepulauan Bangka Belitung,-2.1316,106.1169,Rendah,"Harga konsumen 5,7% di bawah harga pedagang besar | Harga 3,7% lebih murah dari provinsi tetangga (berpotensi menyusul naik) | Sudah lebih dari 4 bulan setelah Idulfitri (pola musiman)","[{""feature"": ""margin_cons_whole"", ""shap"": 0.15863769653888832, ""value"": -0.058568354696035385, ""text"": ""Harga konsumen 5,7% di bawah harga pedagang besar""}, {""feature"": ""nbr_rel_price"", ""shap"": 0.10060754143160879, ""value"": -0.03802793473005295, ""text"": ""Harga 3,7% lebih murah dari provinsi tetangga (berpotensi menyusul naik)""}, {""feature"": ""days_since_idulfitri"", ""shap"": 0.018380685954215745, ""value"": 120.0, ""text"": ""Sudah lebih dari 4 bulan setelah Idulfitri (pola musiman)""}]"
2026-10-07,com_4,10,0.001004138545617933,0,0.0,0.0,Beras Kualitas Medium II,Beras,Lampung,-5.3971,105.2668,Rendah,"Harga konsumen 1,9% di bawah harga pedagang besar | Harga 3,1% lebih murah dari provinsi tetangga (berpotensi menyusul naik) | Harga 4,3% di atas titik terendah 90 hari terakhir","[{""feature"": ""margin_cons_whole"", ""shap"": 0.08966483974029896, ""value"": -0.018809331580996513, ""text"": ""Harga konsumen 1,9% di bawah harga pedagang besar""}, {""feature"": ""nbr_rel_price"", ""shap"": 0.06426295616074996, ""value"": -0.031821515411138535, ""text"": ""Harga 3,1% lebih murah dari provinsi tetangga (berpotensi menyusul naik)""}, {""feature"": ""dist_min_90"", ""shap"": 0.0496565944746839, ""value"": 0.04200940951704979, ""text"": ""Harga 4,3% di atas titik terendah 90 hari terakhir""}]"
2026-10-07,com_4,11,0.0006876642462958744,0,0.0,0.0,Beras Kualitas Medium II,Beras,Banten,-6.1104,106.164,Rendah,"H-79 menuju Natal | Sudah lebih dari 4 bulan setelah Idulfitri (pola musiman) | Harga pedagang besar 31,8% di atas harga produsen","[{""feature"": ""days_to_natal"", ""shap"": 0.01861224663698729, ""value"": 79.0, ""text"": ""H-79 menuju Natal""}, {""feature"": ""days_since_idulfitri"", ""shap"": 0.014823772543071167, ""value"": 120.0, ""text"": ""Sudah lebih dari 4 bulan setelah Idulfitri (pola musiman)""}, {""feature"": ""margin_whole_prod"", ""shap"": 0.01442122168953123, ""value"": 0.2762533724308014, ""text"": ""Harga pedagang besar 31,8% di atas harga produsen""}]"
2026-10-07,com_4,12,0.0010086973138146217,0,0.0,0.0,Beras Kualitas Medium II,Beras,Jawa Barat,-6.9175,107.6191,Rendah,"Harga 7,3% di bawah rata-rata nasional (berpotensi menyusul naik) | Harga 3,5% lebih murah dari provinsi tetangga (berpotensi menyusul naik) | Harga produsen -7,0% dalam 14 hari terakhir","[{""feature"": ""rel_nat"", ""shap"": 0.09149455422228624, ""value"": -0.07598590850830078, ""text"": ""Harga 7,3% di bawah rata-rata nasional (berpotensi menyusul naik)""}, {""feature"": ""nbr_rel_price"", ""shap"": 0.04771438357077885, ""value"": -0.03519662842154503, ""text"": ""Harga 3,5% lebih murah dari provinsi tetangga (berpotensi menyusul naik)""}, {""feature"": ""ret_14_prod"", ""shap"": 0.03604415043763481, ""value"": -0.0726897343993187, ""text"": ""Harga produsen -7,0% dalam 14 hari terakhir""}]"
2026-10-07,com_4,13,0.0009744052853906262,0,0.0,0.0,Beras Kualitas Medium II,Beras,DKI Jakarta,-6.2088,106.8456,Rendah,H-79 menuju Natal | Sudah lebih dari 4 bulan setelah Idulfitri (pola musiman) | H-86 menuju Tahun Baru,"[{""feature"": ""days_to_natal"", ""shap"": 0.019539855554135746, ""value"": 79.0, ""text"": ""H-79 menuju Natal""}, {""feature"": ""days_since_idulfitri"", ""shap"": 0.015137405894160086, ""value"": 120.0, ""text"": ""Sudah lebih dari 4 bulan setelah Idulfitri (pola musiman)""}, {""feature"": ""days_to_tahun_baru"", ""shap"": 0.011634364006234686, ""value"": 86.0, ""text"": ""H-86 menuju Tahun Baru""}]"
2026-10-07,com_4,14,0.0007441231839391263,0,0.0,0.0,Beras Kualitas Medium II,Beras,Jawa Tengah,-6.9667,110.4167,Rendah,"Harga 7,3% di bawah rata-rata nasional (berpotensi menyusul naik) | Sudah lebih dari 4 bulan setelah Idulfitri (pola musiman) | H-79 menuju Natal","[{""feature"": ""rel_nat"", ""shap"": 0.06505297295385007, ""value"": -0.07598590850830078, ""text"": ""Harga 7,3% di bawah rata-rata nasional (berpotensi menyusul naik)""}, {""feature"": ""days_since_idulfitri"", ""shap"": 0.015492313457809662, ""value"": 120.0, ""text"": ""Sudah lebih dari 4 bulan setelah Idulfitri (pola musiman)""}, {""feature"": ""days_to_natal"", ""shap"": 0.011664566370402842, ""value"": 79.0, ""text"": ""H-79 menuju Natal""}]"
2026-10-07,com_4,15,0.0025060344048816814,0,-0.010238908,0.0,Beras Kualitas Medium II,Beras,DI Yogyakarta,-7.7956,110.3695,Rendah,"Harga 11,6% di bawah rata-rata nasional (berpotensi menyusul naik) | Harga pedagang besar +0,7% dalam 14 hari terakhir | Harga 3,6% lebih murah dari provinsi tetangga (berpotensi menyusul naik)","[{""feature"": ""rel_nat"", ""shap"": 0.16915917031450187, ""value"": -0.12313268333673477, ""text"": ""Harga 11,6% di bawah rata-rata nasional (berpotensi menyusul naik)""}, {""feature"": ""ret_14_whole"", ""shap"": 0.10296737894272175, ""value"": 0.0070922281593084335, ""text"": ""Harga pedagang besar +0,7% dalam 14 hari terakhir""}, {""feature"": ""nbr_rel_price"", ""shap"": 0.06598681945165383, ""value"": -0.03712933138012886, ""text"": ""Harga 3,6% lebih murah dari provinsi tetangga (berpotensi menyusul naik)""}]"
2026-10-07,com_4,16,0.001556319285774803,0,0.0034013605,0.003395589,Beras Kualitas Medium II,Beras,Jawa Timur,-7.2575,112.7521,Rendah,"Harga konsumen 0,7% di atas harga pedagang besar | Harga 10,1% di bawah rata-rata nasional (berpotensi menyusul naik) | Harga +2,2 SD dari rata-rata 30 hari terakhir","[{""feature"": ""margin_cons_whole"", ""shap"": 0.10942413051028713, ""value"": 0.006802747491747141, ""text"": ""Harga konsumen 0,7% di atas harga pedagang besar""}, {""feature"": ""rel_nat"", ""shap"": 0.10839311858355408, ""value"": -0.10603825002908707, ""text"": ""Harga 10,1% di bawah rata-rata nasional (berpotensi menyusul naik)""}, {""feature"": ""z_30"", ""shap"": 0.08575867109298121, ""value"": 2.1946394443511963, ""text"": ""Harga +2,2 SD dari rata-rata 30 hari terakhir""}]"
2026-10-07,com_4,17,0.0008774398273639713,0,-0.0030864198,-0.006172859,Beras Kualitas Medium II,Beras,Bali,-8.6705,115.2126,Rendah,"Harga pedagang besar 24,5% di atas harga produsen | Sudah lebih dari 4 bulan setelah Idulfitri (pola musiman) | Harga +0,9 SD dari rata-rata 90 hari terakhir","[{""feature"": ""margin_whole_prod"", ""shap"": 0.038191357943469374, ""value"": 0.21911939978599548, ""text"": ""Harga pedagang besar 24,5% di atas harga produsen""}, {""feature"": ""days_since_idulfitri"", ""shap"": 0.016401830866782572, ""value"": 120.0, ""text"": ""Sudah lebih dari 4 bulan setelah Idulfitri (pola musiman)""}, {""feature"": ""z_90"", ""shap"": 0.01009927112027295, ""value"": 0.9408663511276245, ""text"": ""Harga +0,9 SD dari rata-rata 90 hari terakhir""}]"
2026-10-07,com_4,18,0.0032326559702822327,0,0.0,0.0,Beras Kualitas Medium II,Beras,Nusa Tenggara Barat,-8.5833,116.1167,Rendah,"Harga 17,8% lebih murah dari provinsi tetangga (berpotensi menyusul naik) | Harga 23,8% di bawah rata-rata nasional (berpotensi menyusul naik) | Salah satu provinsi tetangga berubah +2,1% dalam 7 hari","[{""feature"": ""nbr_rel_price"", ""shap"": 0.3222046680226105, ""value"": -0.19574008882045746, ""text"": ""Harga 17,8% lebih murah dari provinsi tetangga (berpotensi menyusul naik)""}, {""feature"": ""rel_nat"", ""shap"": 0.1896845362394389, ""value"": -0.2715526819229126, ""text"": ""Harga 23,8% di bawah rata-rata nasional (berpotensi menyusul naik)""}, {""feature"": ""nbr_ret_7_max"", ""shap"": 0.07131741443818548, ""value"": 0.020548667758703232, ""text"": ""Salah satu provinsi tetangga berubah +2,1% dalam 7 hari""}]"
2026-10-07,com_4,19,0.001508145864916346,0,0.01,0.0,Beras Kualitas Medium II,Beras,Nusa Tenggara Timur,-10.1772,123.607,Rendah,"Harga 7,6% di bawah rata-rata nasional (berpotensi menyusul naik) | Tinggal 4,0 poin persen lagi menuju ambang lonjakan | Salah satu provinsi tetangga berubah +2,1% dalam 7 hari","[{""feature"": ""rel_nat"", ""shap"": 0.1091342112546549, ""value"": -0.0792808011174202, ""text"": ""Harga 7,6% di bawah rata-rata nasional (berpotensi menyusul naik)""}, {""feature"": ""gap_to_threshold"", ""shap"": 0.10047787733214399, ""value"": 0.03999999910593033, ""text"": ""Tinggal 4,0 poin persen lagi menuju ambang lonjakan""}, {""feature"": ""nbr_ret_7_max"", ""shap"": 0.08661796135543998, ""value"": 0.020548667758703232, ""text"": ""Salah satu provinsi tetangga berubah +2,1% dalam 7 hari""}]"
2026-10-07,com_4,20,0.0007259688039897575,0,0.0,0.0,Beras Kualitas Medium II,Beras,Kalimantan Barat,-0.0263,109.3425,Rendah,"Tinggal 5,0 poin persen lagi menuju ambang lonjakan | Curah hujan 30 hari (30–60 hari lalu) -1,3 SD dari normal | Harga konsumen 2,7% di atas harga pedagang besar","[{""feature"": ""gap_to_threshold"", ""shap"": 0.028419637989909548, ""value"": 0.05000000074505806, ""text"": ""Tinggal 5,0 poin persen lagi menuju ambang lonjakan""}, {""feature"": ""rain_30_anom_lag30"", ""shap"": 0.02348041757418361, ""value"": -1.2946429252624512, ""text"": ""Curah hujan 30 hari (30–60 hari lalu) -1,3 SD dari normal""}, {""feature"": ""margin_cons_whole"", ""shap"": 0.02342624143823898, ""value"": 0.026827242225408554, ""text"": ""Harga konsumen 2,7% di atas harga pedagang besar""}]"
2026-10-07,com_4,21,0.006995753060976468,0,0.021881837,0.008602204,Beras Kualitas Medium II,Beras,Kalimantan Selatan,-3.3186,114.5944,Rendah,"Tinggal 2,8 poin persen lagi menuju ambang lonjakan | 196 hari sejak lonjakan terakhir | Harga +2,5 SD dari rata-rata 30 hari terakhir","[{""feature"": ""gap_to_threshold"", ""shap"": 0.41886974828387724, ""value"": 0.028118161484599113, ""text"": ""Tinggal 2,8 poin persen lagi menuju ambang lonjakan""}, {""feature"": ""days_since_spike"", ""shap"": 0.2121198042947548, ""value"": 196.0, ""text"": ""196 hari sejak lonjakan terakhir""}, {""feature"": ""z_30"", ""shap"": 0.13257196584682487, ""value"": 2.475069522857666, ""text"": ""Harga +2,5 SD dari rata-rata 30 hari terakhir""}]"
2026-10-07,com_4,22,0.0014636286723333756,0,0.0,0.0,Beras Kualitas Medium II,Beras,Kalimantan Tengah,-2.2161,113.9135,Rendah,"Salah satu provinsi tetangga berubah +0,9% dalam 7 hari | Harga di provinsi tetangga berubah rata-rata +0,7% dalam 14 hari | Tinggal 5,0 poin persen lagi menuju ambang lonjakan","[{""feature"": ""nbr_ret_7_max"", ""shap"": 0.07768157458777712, ""value"": 0.0086022038012743, ""text"": ""Salah satu provinsi tetangga berubah +0,9% dalam 7 hari""}, {""feature"": ""nbr_ret_14_mean"", ""shap"": 0.05110086253609814, ""value"": 0.007215288933366537, ""text"": ""Harga di provinsi tetangga berubah rata-rata +0,7% dalam 14 hari""}, {""feature"": ""gap_to_threshold"", ""shap"": 0.02696266450066144, ""value"": 0.05000000074505806, ""text"": ""Tinggal 5,0 poin persen lagi menuju ambang lonjakan""}]"
2026-10-07,com_4,23,0.0019969612861589405,0,0.0,-0.0150378775,Beras Kualitas Medium II,Beras,Kalimantan Timur,-0.5022,117.1536,Rendah,"Harga konsumen 4,1% di bawah harga pedagang besar | Curah hujan 30 hari (30–60 hari lalu) -1,6 SD dari normal | Harga sedang bergejolak: rata-rata ±0,6% per hari (14 hari terakhir)","[{""feature"": ""margin_cons_whole"", ""shap"": 0.07731280835931092, ""value"": -0.04154900461435318, ""text"": ""Harga konsumen 4,1% di bawah harga pedagang besar""}, {""feature"": ""rain_30_anom_lag30"", ""shap"": 0.0627310042760907, ""value"": -1.6460604667663574, ""text"": ""Curah hujan 30 hari (30–60 hari lalu) -1,6 SD dari normal""}, {""feature"": ""vol_14"", ""shap"": 0.05740108890743364, ""value"": 0.005898340605199337, ""text"": ""Harga sedang bergejolak: rata-rata ±0,6% per hari (14 hari terakhir)""}]"
2026-10-07,com_4,24,0.002733809758326327,0,0.0,0.0,Beras Kualitas Medium II,Beras,Kalimantan Utara,2.8375,117.3653,Rendah,"233 hari sejak lonjakan terakhir | Harga +1,0 SD dari rata-rata 30 hari terakhir | Curah hujan 30 hari (30–60 hari lalu) -1,8 SD dari normal","[{""feature"": ""days_since_spike"", ""shap"": 0.2547033544067305, ""value"": 233.0, ""text"": ""233 hari sejak lonjakan terakhir""}, {""feature"": ""z_30"", ""shap"": 0.06450008621650684, ""value"": 0.9831920862197876, ""text"": ""Harga +1,0 SD dari rata-rata 30 hari terakhir""}, {""feature"": ""rain_30_anom_lag30"", ""shap"": 0.0493970458492659, ""value"": -1.7519081830978394, ""text"": ""Curah hujan 30 hari (30–60 hari lalu) -1,8 SD dari normal""}]"
2026-10-07,com_4,26,0.0044395317157906195,0,0.020761246,0.020548668,Beras Kualitas Medium II,Beras,Sulawesi Selatan,-5.1477,119.4327,Rendah,"Tinggal 2,9 poin persen lagi menuju ambang lonjakan | Harga +2,1% dalam 7 hari terakhir | Harga +2,8 SD dari rata-rata 30 hari terakhir","[{""feature"": ""gap_to_threshold"", ""shap"": 0.4444860965741775, ""value"": 0.029238754883408546, ""text"": ""Tinggal 2,9 poin persen lagi menuju ambang lonjakan""}, {""feature"": ""ret_7"", ""shap"": 0.27480340966539013, ""value"": 0.020548667758703232, ""text"": ""Harga +2,1% dalam 7 hari terakhir""}, {""feature"": ""z_30"", ""shap"": 0.12538805812513776, ""value"": 2.8461084365844727, ""text"": ""Harga +2,8 SD dari rata-rata 30 hari terakhir""}]"
2026-10-07,com_4,27,0.0037994612862852313,0,0.003164557,0.0031595603,Beras Kualitas Medium II,Beras,Sulawesi Tenggara,-3.9985,122.513,Rendah,"Provinsi ""pemimpin"" (biasanya naik duluan) berubah rata-rata +0,7% dalam 14 hari | Harga +0,3% dalam 1 hari terakhir | Salah satu provinsi tetangga berubah +2,1% dalam 7 hari","[{""feature"": ""lead_ret_14_mean"", ""shap"": 0.30522494497581387, ""value"": 0.006849556230008602, ""text"": ""Provinsi \""pemimpin\"" (biasanya naik duluan) berubah rata-rata +0,7% dalam 14 hari""}, {""feature"": ""ret_1"", ""shap"": 0.12553348003733786, ""value"": 0.003159560263156891, ""text"": ""Harga +0,3% dalam 1 hari terakhir""}, {""feature"": ""nbr_ret_7_max"", ""shap"": 0.09033611051799903, ""value"": 0.020548667758703232, ""text"": ""Salah satu provinsi tetangga berubah +2,1% dalam 7 hari""}]"
2026-10-07,com_4,28,0.0026067881434023153,0,0.0,0.0,Beras Kualitas Medium II,Beras,Sulawesi Tengah,-0.8917,119.8707,Rendah,"Provinsi ""pemimpin"" (biasanya naik duluan) berubah rata-rata +0,7% dalam 14 hari | Curah hujan 30 hari (30–60 hari lalu) -1,3 SD dari normal | Tinggal 5,0 poin persen lagi menuju ambang lonjakan","[{""feature"": ""lead_ret_14_mean"", ""shap"": 0.3113279368406458, ""value"": 0.006849556230008602, ""text"": ""Provinsi \""pemimpin\"" (biasanya naik duluan) berubah rata-rata +0,7% dalam 14 hari""}, {""feature"": ""rain_30_anom_lag30"", ""shap"": 0.028069946213201965, ""value"": -1.3176658153533936, ""text"": ""Curah hujan 30 hari (30–60 hari lalu) -1,3 SD dari normal""}, {""feature"": ""gap_to_threshold"", ""shap"": 0.02059691744552724, ""value"": 0.05000000074505806, ""text"": ""Tinggal 5,0 poin persen lagi menuju ambang lonjakan""}]"
2026-10-07,com_4,29,0.006242932309733714,0,0.0088495575,0.00881063,Beras Kualitas Medium II,Beras,Sulawesi Utara,1.4748,124.8421,Rendah,"Provinsi ""pemimpin"" (biasanya naik duluan) berubah rata-rata +0,7% dalam 14 hari | Harga +0,9% dalam 3 hari terakhir | Harga +3,7 SD dari rata-rata 30 hari terakhir","[{""feature"": ""lead_ret_14_mean"", ""shap"": 0.30157062463427203, ""value"": 0.006849556230008602, ""text"": ""Provinsi \""pemimpin\"" (biasanya naik duluan) berubah rata-rata +0,7% dalam 14 hari""}, {""feature"": ""ret_3"", ""shap"": 0.13261948495032091, ""value"": 0.008810630068182945, ""text"": ""Harga +0,9% dalam 3 hari terakhir""}, {""feature"": ""z_30"", ""shap"": 0.12310436385441803, ""value"": 3.6787679195404053, ""text"": ""Harga +3,7 SD dari rata-rata 30 hari terakhir""}]"
2026-10-07,com_4,30,0.0017756767267950119,0,0.0,0.0,Beras Kualitas Medium II,Beras,Sulawesi Barat,-2.6748,118.8885,Rendah,"Harga 8,0% lebih murah dari provinsi tetangga (berpotensi menyusul naik) | Harga 11,3% di bawah rata-rata nasional (berpotensi menyusul naik) | Salah satu provinsi tetangga berubah +2,1% dalam 7 hari","[{""feature"": ""nbr_rel_price"", ""shap"": 0.15657456593983293, ""value"": -0.08330779522657394, ""text"": ""Harga 8,0% lebih murah dari provinsi tetangga (berpotensi menyusul naik)""}, {""feature"": ""rel_nat"", ""shap"": 0.12093320491181025, ""value"": -0.11969034373760223, ""text"": ""Harga 11,3% di bawah rata-rata nasional (berpotensi menyusul naik)""}, {""feature"": ""nbr_ret_7_max"", ""shap"": 0.08686841497593996, ""value"": 0.020548667758703232, ""text"": ""Salah satu provinsi tetangga berubah +2,1% dalam 7 hari""}]"
2026-10-07,com_4,31,0.0012143201159521794,0,0.0,0.0,Beras Kualitas Medium II,Beras,Maluku,-3.6954,128.1814,Rendah,"Salah satu provinsi tetangga berubah +0,9% dalam 7 hari | Harga di provinsi tetangga berubah rata-rata +0,4% dalam 14 hari | Harga konsumen 19,6% di atas harga produsen","[{""feature"": ""nbr_ret_7_max"", ""shap"": 0.08410150358712758, ""value"": 0.008810630068182945, ""text"": ""Salah satu provinsi tetangga berubah +0,9% dalam 7 hari""}, {""feature"": ""nbr_ret_14_mean"", ""shap"": 0.04101998079395847, ""value"": 0.003990063443779945, ""text"": ""Harga di provinsi tetangga berubah rata-rata +0,4% dalam 14 hari""}, {""feature"": ""margin_cons_prod"", ""shap"": 0.02707803840980985, ""value"": 0.1793409287929535, ""text"": ""Harga konsumen 19,6% di atas harga produsen""}]"
2026-10-07,com_4,32,0.0018637193209212841,0,0.0,0.0,Beras Kualitas Medium II,Beras,Maluku Utara,0.7893,127.3842,Rendah,"Salah satu provinsi tetangga berubah +0,9% dalam 7 hari | Harga di provinsi tetangga berubah rata-rata +0,4% dalam 14 hari | Tinggal 5,0 poin persen lagi menuju ambang lonjakan","[{""feature"": ""nbr_ret_7_max"", ""shap"": 0.06333776695151941, ""value"": 0.008810630068182945, ""text"": ""Salah satu provinsi tetangga berubah +0,9% dalam 7 hari""}, {""feature"": ""nbr_ret_14_mean"", ""shap"": 0.04269382491356395, ""value"": 0.004405315034091473, ""text"": ""Harga di provinsi tetangga berubah rata-rata +0,4% dalam 14 hari""}, {""feature"": ""gap_to_threshold"", ""shap"": 0.02197148905652466, ""value"": 0.05000000074505806, ""text"": ""Tinggal 5,0 poin persen lagi menuju ambang lonjakan""}]"
2026-10-07,com_4,33,0.001386535031711316,0,0.0026041667,0.0,Beras Kualitas Medium II,Beras,Papua,-2.5337,140.7181,Rendah,"Harga +1,1 SD dari rata-rata 30 hari terakhir | Curah hujan 30 hari (30–60 hari lalu) -1,4 SD dari normal | Tinggal 4,7 poin persen lagi menuju ambang lonjakan","[{""feature"": ""z_30"", ""shap"": 0.05232578567257912, ""value"": 1.1243231296539307, ""text"": ""Harga +1,1 SD dari rata-rata 30 hari terakhir""}, {""feature"": ""rain_30_anom_lag30"", ""shap"": 0.03764471190712416, ""value"": -1.376806616783142, ""text"": ""Curah hujan 30 hari (30–60 hari lalu) -1,4 SD dari normal""}, {""feature"": ""gap_to_threshold"", ""shap"": 0.01568282454446826, ""value"": 0.04739583283662796, ""text"": ""Tinggal 4,7 poin persen lagi menuju ambang lonjakan""}]"
2026-10-07,com_4,34,0.0032015419267008736,0,0.0,0.0,Beras Kualitas Medium II,Beras,Papua Barat,-0.8615,134.062,Rendah,"Provinsi ""pemimpin"" (biasanya naik duluan) berubah rata-rata +0,7% dalam 7 hari | Harga konsumen 0,9% di atas harga pedagang besar | Tinggal 5,0 poin persen lagi menuju ambang lonjakan","[{""feature"": ""lead_ret_7_mean"", ""shap"": 0.19218629320066682, ""value"": 0.006849556230008602, ""text"": ""Provinsi \""pemimpin\"" (biasanya naik duluan) berubah rata-rata +0,7% dalam 7 hari""}, {""feature"": ""margin_cons_whole"", ""shap"": 0.06443683275789391, ""value"": 0.008708328008651733, ""text"": ""Harga konsumen 0,9% di atas harga pedagang besar""}, {""feature"": ""gap_to_threshold"", ""shap"": 0.022816750369828217, ""value"": 0.05000000074505806, ""text"": ""Tinggal 5,0 poin persen lagi menuju ambang lonjakan""}]"
2026-10-07,com_5,1,0.0010467253068496187,0,-0.006060606,0.0,Beras Kualitas Super I,Beras,Aceh,5.5483,95.3238,Rendah,"Harga 9,1% lebih murah dari provinsi tetangga (berpotensi menyusul naik) | Harga 8,6% di bawah rata-rata nasional (berpotensi menyusul naik) | Sudah lebih dari 4 bulan setelah Idulfitri (pola musiman)","[{""feature"": ""nbr_rel_price"", ""shap"": 0.10638489060545141, ""value"": -0.09594238549470901, ""text"": ""Harga 9,1% lebih murah dari provinsi tetangga (berpotensi menyusul naik)""}, {""feature"": ""rel_nat"", ""shap"": 0.06217331453197717, ""value"": -0.090308777987957, ""text"": ""Harga 8,6% di bawah rata-rata nasional (berpotensi menyusul naik)""}, {""feature"": ""days_since_idulfitri"", ""shap"": 0.011995672380591172, ""value"": 120.0, ""text"": ""Sudah lebih dari 4 bulan setelah Idulfitri (pola musiman)""}]"
2026-10-07,com_5,2,0.00076355188488099,0,0.0,0.0,Beras Kualitas Super I,Beras,Sumatera Utara,3.5952,98.6722,Rendah,"Harga 7,3% lebih murah dari provinsi tetangga (berpotensi menyusul naik) | Harga 7,2% di bawah rata-rata nasional (berpotensi menyusul naik) | H-79 menuju Natal","[{""feature"": ""nbr_rel_price"", ""shap"": 0.1117517143188866, ""value"": -0.0757705420255661, ""text"": ""Harga 7,3% lebih murah dari provinsi tetangga (berpotensi menyusul naik)""}, {""feature"": ""rel_nat"", ""shap"": 0.08340896857397401, ""value"": -0.07517989724874496, ""text"": ""Harga 7,2% di bawah rata-rata nasional (berpotensi menyusul naik)""}, {""feature"": ""days_to_natal"", ""shap"": 0.01230219332117604, ""value"": 79.0, ""text"": ""H-79 menuju Natal""}]"
2026-10-07,com_5,3,0.0010222847696845947,0,0.0,0.0,Beras Kualitas Super I,Beras,Sumatera Barat,-0.9471,100.4172,Rendah,"Harga pedagang besar +0,5% dalam 14 hari terakhir | Sudah lebih dari 4 bulan setelah Idulfitri (pola musiman) | Tinggal 5,0 poin persen lagi menuju ambang lonjakan","[{""feature"": ""ret_14_whole"", ""shap"": 0.04651145264458408, ""value"": 0.005420067347586155, ""text"": ""Harga pedagang besar +0,5% dalam 14 hari terakhir""}, {""feature"": ""days_since_idulfitri"", ""shap"": 0.014189575051764988, ""value"": 120.0, ""text"": ""Sudah lebih dari 4 bulan setelah Idulfitri (pola musiman)""}, {""feature"": ""gap_to_threshold"", ""shap"": 0.012646961542044671, ""value"": 0.05000000074505806, ""text"": ""Tinggal 5,0 poin persen lagi menuju ambang lonjakan""}]"
2026-10-07,com_5,4,0.0008907098326916024,0,0.0,0.0,Beras Kualitas Super I,Beras,Riau,0.5071,101.4478,Rendah,"Tinggal 5,0 poin persen lagi menuju ambang lonjakan | Sudah lebih dari 4 bulan setelah Idulfitri (pola musiman) | Provinsi ""pemimpin"" (biasanya naik duluan) berubah rata-rata +0,3% dalam 7 hari","[{""feature"": ""gap_to_threshold"", ""shap"": 0.02315708563015138, ""value"": 0.05000000074505806, ""text"": ""Tinggal 5,0 poin persen lagi menuju ambang lonjakan""}, {""feature"": ""days_since_idulfitri"", ""shap"": 0.015401113188296543, ""value"": 120.0, ""text"": ""Sudah lebih dari 4 bulan setelah Idulfitri (pola musiman)""}, {""feature"": ""lead_ret_7_mean"", ""shap"": 0.01307594159877389, ""value"": 0.0028208913281559944, ""text"": ""Provinsi \""pemimpin\"" (biasanya naik duluan) berubah rata-rata +0,3% dalam 7 hari""}]"
2026-10-07,com_5,5,0.00139653737539376,0,0.0,0.0,Beras Kualitas Super I,Beras,Kepulauan Riau,0.9186,104.4665,Rendah,"Harga 6,4% lebih murah dari provinsi tetangga (berpotensi menyusul naik) | Harga 6,7% di bawah rata-rata nasional (berpotensi menyusul naik) | Curah hujan 30 hari (30–60 hari lalu) +5,0 SD dari normal","[{""feature"": ""nbr_rel_price"", ""shap"": 0.15142413907586302, ""value"": -0.06603790819644928, ""text"": ""Harga 6,4% lebih murah dari provinsi tetangga (berpotensi menyusul naik)""}, {""feature"": ""rel_nat"", ""shap"": 0.12197219815914656, ""value"": -0.06919185817241669, ""text"": ""Harga 6,7% di bawah rata-rata nasional (berpotensi menyusul naik)""}, {""feature"": ""rain_30_anom_lag30"", ""shap"": 0.02449303755842736, ""value"": 5.0, ""text"": ""Curah hujan 30 hari (30–60 hari lalu) +5,0 SD dari normal""}]"
2026-10-07,com_5,6,0.0007814524399935268,0,0.0,0.0,Beras Kualitas Super I,Beras,Jambi,-1.6101,103.6131,Rendah,"Margin konsumen-produsen -1,0 SD dari normalnya | Tinggal 5,0 poin persen lagi menuju ambang lonjakan | Harga konsumen 20,3% di atas harga produsen","[{""feature"": ""margin_cons_prod_z90"", ""shap"": 0.023634490258562253, ""value"": -0.9978798031806946, ""text"": ""Margin konsumen-produsen -1,0 SD dari normalnya""}, {""feature"": ""gap_to_threshold"", ""shap"": 0.02110326657024556, ""value"": 0.05000000074505806, ""text"": ""Tinggal 5,0 poin persen lagi menuju ambang lonjakan""}, {""feature"": ""margin_cons_prod"", ""shap"": 0.020880165423894884, ""value"": 0.18509548902511597, ""text"": ""Harga konsumen 20,3% di atas harga produsen""}]"
2026-10-07,com_5,7,0.0028759463619631477,0,0.0,0.0,Beras Kualitas Super I,Beras,Bengkulu,-3.7928,102.2608,Rendah,"126 hari sejak lonjakan terakhir | Harga pedagang besar +1,6% dalam 14 hari terakhir | Harga 3,6% lebih murah dari provinsi tetangga (berpotensi menyusul naik)","[{""feature"": ""days_since_spike"", ""shap"": 0.22571570495813964, ""value"": 126.0, ""text"": ""126 hari sejak lonjakan terakhir""}, {""feature"": ""ret_14_whole"", ""shap"": 0.11686161926285102, ""value"": 0.015698909759521484, ""text"": ""Harga pedagang besar +1,6% dalam 14 hari terakhir""}, {""feature"": ""nbr_rel_price"", ""shap"": 0.11611149502183057, ""value"": -0.03642372414469719, ""text"": ""Harga 3,6% lebih murah dari provinsi tetangga (berpotensi menyusul naik)""}]"
2026-10-07,com_5,8,0.0031842632855734673,0,0.0,0.0,Beras Kualitas Super I,Beras,Sumatera Selatan,-2.9761,104.7754,Rendah,"Harga +0,6 SD dari rata-rata 30 hari terakhir | Tinggal 5,0 poin persen lagi menuju ambang lonjakan | Harga pedagang besar 6,0% di atas harga produsen","[{""feature"": ""z_30"", ""shap"": 0.03489350182501867, ""value"": 0.5928871035575867, ""text"": ""Harga +0,6 SD dari rata-rata 30 hari terakhir""}, {""feature"": ""gap_to_threshold"", ""shap"": 0.029399636784281546, ""value"": 0.05000000074505806, ""text"": ""Tinggal 5,0 poin persen lagi menuju ambang lonjakan""}, {""feature"": ""margin_whole_prod"", ""shap"": 0.0170391712671418, ""value"": 0.058335576206445694, ""text"": ""Harga pedagang besar 6,0% di atas harga produsen""}]"
2026-10-07,com_5,9,0.0012321953089281371,0,0.0,0.0,Beras Kualitas Super I,Beras,Kepulauan Bangka Belitung,-2.1316,106.1169,Rendah,"Sudah lebih dari 4 bulan setelah Idulfitri (pola musiman) | Tinggal 5,0 poin persen lagi menuju ambang lonjakan | H-79 menuju Natal","[{""feature"": ""days_since_idulfitri"", ""shap"": 0.017049747997072477, ""value"": 120.0, ""text"": ""Sudah lebih dari 4 bulan setelah Idulfitri (pola musiman)""}, {""feature"": ""gap_to_threshold"", ""shap"": 0.013896627118108639, ""value"": 0.05000000074505806, ""text"": ""Tinggal 5,0 poin persen lagi menuju ambang lonjakan""}, {""feature"": ""days_to_natal"", ""shap"": 0.010761870406313078, ""value"": 79.0, ""text"": ""H-79 menuju Natal""}]"
2026-10-07,com_5,10,0.0011665948933236626,0,0.0,0.0,Beras Kualitas Super I,Beras,Lampung,-5.3971,105.2668,Rendah,"Harga 15,5% lebih murah dari provinsi tetangga (berpotensi menyusul naik) | Harga pedagang besar +0,9% dalam 14 hari terakhir | Harga konsumen 3,0% di bawah harga pedagang besar","[{""feature"": ""nbr_rel_price"", ""shap"": 0.1478845626301206, ""value"": -0.16811130940914154, ""text"": ""Harga 15,5% lebih murah dari provinsi tetangga (berpotensi menyusul naik)""}, {""feature"": ""ret_14_whole"", ""shap"": 0.11094618867300052, ""value"": 0.009049835614860058, ""text"": ""Harga pedagang besar +0,9% dalam 14 hari terakhir""}, {""feature"": ""margin_cons_whole"", ""shap"": 0.10059693045280337, ""value"": -0.030490167438983917, ""text"": ""Harga konsumen 3,0% di bawah harga pedagang besar""}]"
2026-10-07,com_5,11,0.0008161772493101132,0,0.0,0.0,Beras Kualitas Super I,Beras,Banten,-6.1104,106.164,Rendah,"Harga konsumen 0,8% di atas harga pedagang besar | Sudah lebih dari 4 bulan setelah Idulfitri (pola musiman) | Harga pedagang besar 19,2% di atas harga produsen","[{""feature"": ""margin_cons_whole"", ""shap"": 0.05370259037905177, ""value"": 0.008298803120851517, ""text"": ""Harga konsumen 0,8% di atas harga pedagang besar""}, {""feature"": ""days_since_idulfitri"", ""shap"": 0.01994598214179269, ""value"": 120.0, ""text"": ""Sudah lebih dari 4 bulan setelah Idulfitri (pola musiman)""}, {""feature"": ""margin_whole_prod"", ""shap"": 0.012491172937392887, ""value"": 0.17567701637744904, ""text"": ""Harga pedagang besar 19,2% di atas harga produsen""}]"
2026-10-07,com_5,12,0.0010052107999609589,0,-0.0028653296,-0.0028694423,Beras Kualitas Super I,Beras,Jawa Barat,-6.9175,107.6191,Rendah,"Harga 8,3% lebih murah dari provinsi tetangga (berpotensi menyusul naik) | Provinsi ""pemimpin"" (biasanya naik duluan) berubah rata-rata +0,4% dalam 14 hari | Harga pedagang besar 11,7% di atas harga produsen","[{""feature"": ""nbr_rel_price"", ""shap"": 0.09590157007972777, ""value"": -0.08701582252979279, ""text"": ""Harga 8,3% lebih murah dari provinsi tetangga (berpotensi menyusul naik)""}, {""feature"": ""lead_ret_14_mean"", ""shap"": 0.04040822667423889, ""value"": 0.004025351721793413, ""text"": ""Provinsi \""pemimpin\"" (biasanya naik duluan) berubah rata-rata +0,4% dalam 14 hari""}, {""feature"": ""margin_whole_prod"", ""shap"": 0.019911956999614757, ""value"": 0.11034806072711945, ""text"": ""Harga pedagang besar 11,7% di atas harga produsen""}]"
2026-10-07,com_5,13,0.0012167367931661438,0,0.0,0.0,Beras Kualitas Super I,Beras,DKI Jakarta,-6.2088,106.8456,Rendah,252 hari sejak lonjakan terakhir | Sudah lebih dari 4 bulan setelah Idulfitri (pola musiman) | H-86 menuju Tahun Baru,"[{""feature"": ""days_since_spike"", ""shap"": 0.2133140866976382, ""value"": 252.0, ""text"": ""252 hari sejak lonjakan terakhir""}, {""feature"": ""days_since_idulfitri"", ""shap"": 0.01821762538275135, ""value"": 120.0, ""text"": ""Sudah lebih dari 4 bulan setelah Idulfitri (pola musiman)""}, {""feature"": ""days_to_tahun_baru"", ""shap"": 0.01661251515372123, ""value"": 86.0, ""text"": ""H-86 menuju Tahun Baru""}]"
2026-10-07,com_5,14,0.0007582343784865106,0,0.0028409092,0.0,Beras Kualitas Super I,Beras,Jawa Tengah,-6.9667,110.4167,Rendah,"Harga +1,4 SD dari rata-rata 30 hari terakhir | Sudah lebih dari 4 bulan setelah Idulfitri (pola musiman) | H-79 menuju Natal","[{""feature"": ""z_30"", ""shap"": 0.04406939615542476, ""value"": 1.3904435634613037, ""text"": ""Harga +1,4 SD dari rata-rata 30 hari terakhir""}, {""feature"": ""days_since_idulfitri"", ""shap"": 0.019023455516927076, ""value"": 120.0, ""text"": ""Sudah lebih dari 4 bulan setelah Idulfitri (pola musiman)""}, {""feature"": ""days_to_natal"", ""shap"": 0.011583987089986971, ""value"": 79.0, ""text"": ""H-79 menuju Natal""}]"
2026-10-07,com_5,15,0.0013428107065094118,0,0.0,0.0,Beras Kualitas Super I,Beras,DI Yogyakarta,-7.7956,110.3695,Rendah,"Harga konsumen 1,5% di bawah harga pedagang besar | Harga 1,4% lebih murah dari provinsi tetangga (berpotensi menyusul naik) | Harga 5,8% di bawah rata-rata nasional (berpotensi menyusul naik)","[{""feature"": ""margin_cons_whole"", ""shap"": 0.05501718278171934, ""value"": -0.014684551395475864, ""text"": ""Harga konsumen 1,5% di bawah harga pedagang besar""}, {""feature"": ""nbr_rel_price"", ""shap"": 0.029416987471982355, ""value"": -0.014182153157889843, ""text"": ""Harga 1,4% lebih murah dari provinsi tetangga (berpotensi menyusul naik)""}, {""feature"": ""rel_nat"", ""shap"": 0.025528098652777206, ""value"": -0.060276493430137634, ""text"": ""Harga 5,8% di bawah rata-rata nasional (berpotensi menyusul naik)""}]"
2026-10-07,com_5,16,0.0013139521425281824,0,0.003058104,0.0030534375,Beras Kualitas Super I,Beras,Jawa Timur,-7.2575,112.7521,Rendah,"Harga +2,9 SD dari rata-rata 30 hari terakhir | Harga 8,6% di bawah rata-rata nasional (berpotensi menyusul naik) | Harga 4,0% lebih murah dari provinsi tetangga (berpotensi menyusul naik)","[{""feature"": ""z_30"", ""shap"": 0.08459610945387935, ""value"": 2.9495761394500732, ""text"": ""Harga +2,9 SD dari rata-rata 30 hari terakhir""}, {""feature"": ""rel_nat"", ""shap"": 0.0743805195781232, ""value"": -0.090308777987957, ""text"": ""Harga 8,6% di bawah rata-rata nasional (berpotensi menyusul naik)""}, {""feature"": ""nbr_rel_price"", ""shap"": 0.074077867788121, ""value"": -0.040538039058446884, ""text"": ""Harga 4,0% lebih murah dari provinsi tetangga (berpotensi menyusul naik)""}]"
2026-10-07,com_5,17,0.0012800238418972088,0,0.009063444,0.0,Beras Kualitas Super I,Beras,Bali,-8.6705,115.2126,Rendah,"Harga 7,0% di bawah rata-rata nasional (berpotensi menyusul naik) | Harga +1,6 SD dari rata-rata 30 hari terakhir | Tinggal 4,1 poin persen lagi menuju ambang lonjakan","[{""feature"": ""rel_nat"", ""shap"": 0.09329206837639979, ""value"": -0.07218139618635178, ""text"": ""Harga 7,0% di bawah rata-rata nasional (berpotensi menyusul naik)""}, {""feature"": ""z_30"", ""shap"": 0.06883313953967467, ""value"": 1.5529643297195435, ""text"": ""Harga +1,6 SD dari rata-rata 30 hari terakhir""}, {""feature"": ""gap_to_threshold"", ""shap"": 0.038445487654752725, ""value"": 0.040936555713415146, ""text"": ""Tinggal 4,1 poin persen lagi menuju ambang lonjakan""}]"
2026-10-07,com_5,18,0.0035005123247978773,0,0.0,0.0,Beras Kualitas Super I,Beras,Nusa Tenggara Barat,-8.5833,116.1167,Rendah,"Harga 13,6% di bawah rata-rata nasional (berpotensi menyusul naik) | Harga 4,1% lebih murah dari provinsi tetangga (berpotensi menyusul naik) | Salah satu provinsi tetangga berubah +0,7% dalam 7 hari","[{""feature"": ""rel_nat"", ""shap"": 0.1611041711685251, ""value"": -0.1467500925064087, ""text"": ""Harga 13,6% di bawah rata-rata nasional (berpotensi menyusul naik)""}, {""feature"": ""nbr_rel_price"", ""shap"": 0.12298686417964416, ""value"": -0.04151249676942825, ""text"": ""Harga 4,1% lebih murah dari provinsi tetangga (berpotensi menyusul naik)""}, {""feature"": ""nbr_ret_7_max"", ""shap"": 0.07460926659453916, ""value"": 0.006514681037515402, ""text"": ""Salah satu provinsi tetangga berubah +0,7% dalam 7 hari""}]"
2026-10-07,com_5,19,0.0016717642938843466,0,0.0,0.0,Beras Kualitas Super I,Beras,Nusa Tenggara Timur,-10.1772,123.607,Rendah,"Harga 9,2% di bawah rata-rata nasional (berpotensi menyusul naik) | Harga pedagang besar +0,6% dalam 14 hari terakhir | Salah satu provinsi tetangga berubah +0,7% dalam 7 hari","[{""feature"": ""rel_nat"", ""shap"": 0.1145605051399669, ""value"": -0.09642500430345535, ""text"": ""Harga 9,2% di bawah rata-rata nasional (berpotensi menyusul naik)""}, {""feature"": ""ret_14_whole"", ""shap"": 0.11409039390562904, ""value"": 0.006329135037958622, ""text"": ""Harga pedagang besar +0,6% dalam 14 hari terakhir""}, {""feature"": ""nbr_ret_7_max"", ""shap"": 0.0751193539577961, ""value"": 0.006514681037515402, ""text"": ""Salah satu provinsi tetangga berubah +0,7% dalam 7 hari""}]"
2026-10-07,com_5,20,0.0011592784519518034,0,0.0,0.0,Beras Kualitas Super I,Beras,Kalimantan Barat,-0.0263,109.3425,Rendah,"Harga 4,7% lebih murah dari provinsi tetangga (berpotensi menyusul naik) | Harga di provinsi tetangga berubah rata-rata +1,0% dalam 14 hari | Curah hujan 30 hari (30–60 hari lalu) -1,3 SD dari normal","[{""feature"": ""nbr_rel_price"", ""shap"": 0.09173787103232046, ""value"": -0.04816300794482231, ""text"": ""Harga 4,7% lebih murah dari provinsi tetangga (berpotensi menyusul naik)""}, {""feature"": ""nbr_ret_14_mean"", ""shap"": 0.04347275498206101, ""value"": 0.009700005874037743, ""text"": ""Harga di provinsi tetangga berubah rata-rata +1,0% dalam 14 hari""}, {""feature"": ""rain_30_anom_lag30"", ""shap"": 0.03348255759029539, ""value"": -1.2946429252624512, ""text"": ""Curah hujan 30 hari (30–60 hari lalu) -1,3 SD dari normal""}]"
2026-10-07,com_5,21,0.0015803498936456423,0,0.0,0.0,Beras Kualitas Super I,Beras,Kalimantan Selatan,-3.3186,114.5944,Rendah,"Salah satu provinsi tetangga berubah +0,6% dalam 7 hari | Harga di provinsi tetangga berubah rata-rata +1,0% dalam 14 hari | Tinggal 5,0 poin persen lagi menuju ambang lonjakan","[{""feature"": ""nbr_ret_7_max"", ""shap"": 0.051443987534686625, ""value"": 0.005698021035641432, ""text"": ""Salah satu provinsi tetangga berubah +0,6% dalam 7 hari""}, {""feature"": ""nbr_ret_14_mean"", ""shap"": 0.04558540684559714, ""value"": 0.009700005874037743, ""text"": ""Harga di provinsi tetangga berubah rata-rata +1,0% dalam 14 hari""}, {""feature"": ""gap_to_threshold"", ""shap"": 0.016707750529554415, ""value"": 0.05000000074505806, ""text"": ""Tinggal 5,0 poin persen lagi menuju ambang lonjakan""}]"
2026-10-07,com_5,22,0.008147870499732486,0,0.02952756,0.0,Beras Kualitas Super I,Beras,Kalimantan Tengah,-2.2161,113.9135,Rendah,"Tinggal 2,0 poin persen lagi menuju ambang lonjakan | 2 kali lonjakan dalam setahun terakhir | Harga sedang bergejolak: rata-rata ±0,8% per hari (14 hari terakhir)","[{""feature"": ""gap_to_threshold"", ""shap"": 0.2441548197086652, ""value"": 0.020472440868616104, ""text"": ""Tinggal 2,0 poin persen lagi menuju ambang lonjakan""}, {""feature"": ""n_onsets_365"", ""shap"": 0.18716304283312313, ""value"": 2.0, ""text"": ""2 kali lonjakan dalam setahun terakhir""}, {""feature"": ""vol_14"", ""shap"": 0.17885385795551548, ""value"": 0.007777306716889143, ""text"": ""Harga sedang bergejolak: rata-rata ±0,8% per hari (14 hari terakhir)""}]"
2026-10-07,com_5,23,0.0017605752349437154,0,0.0,0.005698021,Beras Kualitas Super I,Beras,Kalimantan Timur,-0.5022,117.1536,Rendah,"Curah hujan 30 hari (30–60 hari lalu) -1,6 SD dari normal | Harga +0,3 SD dari rata-rata 30 hari terakhir | Tinggal 5,0 poin persen lagi menuju ambang lonjakan","[{""feature"": ""rain_30_anom_lag30"", ""shap"": 0.04757966310901715, ""value"": -1.6460604667663574, ""text"": ""Curah hujan 30 hari (30–60 hari lalu) -1,6 SD dari normal""}, {""feature"": ""z_30"", ""shap"": 0.028613299255550378, ""value"": 0.2627691328525543, ""text"": ""Harga +0,3 SD dari rata-rata 30 hari terakhir""}, {""feature"": ""gap_to_threshold"", ""shap"": 0.024074042350337135, ""value"": 0.05000000074505806, ""text"": ""Tinggal 5,0 poin persen lagi menuju ambang lonjakan""}]"
2026-10-07,com_5,24,0.0015400232728590903,0,0.0,0.0,Beras Kualitas Super I,Beras,Kalimantan Utara,2.8375,117.3653,Rendah,"Curah hujan 30 hari (30–60 hari lalu) -1,8 SD dari normal | Salah satu provinsi tetangga berubah +0,6% dalam 7 hari | Harga +1,0 SD dari rata-rata 30 hari terakhir","[{""feature"": ""rain_30_anom_lag30"", ""shap"": 0.050803488457087036, ""value"": -1.7519081830978394, ""text"": ""Curah hujan 30 hari (30–60 hari lalu) -1,8 SD dari normal""}, {""feature"": ""nbr_ret_7_max"", ""shap"": 0.046087902689317506, ""value"": 0.005698021035641432, ""text"": ""Salah satu provinsi tetangga berubah +0,6% dalam 7 hari""}, {""feature"": ""z_30"", ""shap"": 0.04279477982664651, ""value"": 0.9831920862197876, ""text"": ""Harga +1,0 SD dari rata-rata 30 hari terakhir""}]"
2026-10-07,com_5,25,0.0037792321685579315,0,0.0,0.0,Beras Kualitas Super I,Beras,Gorontalo,0.5435,123.0568,Rendah,"Harga pedagang besar +1,6% dalam 14 hari terakhir | Harga 5,6% lebih murah dari provinsi tetangga (berpotensi menyusul naik) | Salah satu provinsi tetangga berubah +0,8% dalam 7 hari","[{""feature"": ""ret_14_whole"", ""shap"": 0.14035191943529693, ""value"": 0.01605170965194702, ""text"": ""Harga pedagang besar +1,6% dalam 14 hari terakhir""}, {""feature"": ""nbr_rel_price"", ""shap"": 0.14002790517191416, ""value"": -0.05750254541635513, ""text"": ""Harga 5,6% lebih murah dari provinsi tetangga (berpotensi menyusul naik)""}, {""feature"": ""nbr_ret_7_max"", ""shap"": 0.11162599373098261, ""value"": 0.008462673984467983, ""text"": ""Salah satu provinsi tetangga berubah +0,8% dalam 7 hari""}]"
2026-10-07,com_5,26,0.0012900564560643704,0,0.006535948,0.006514681,Beras Kualitas Super I,Beras,Sulawesi Selatan,-5.1477,119.4327,Rendah,"Harga 14,2% di bawah rata-rata nasional (berpotensi menyusul naik) | Harga 6,3% lebih murah dari provinsi tetangga (berpotensi menyusul naik) | Tinggal 4,3 poin persen lagi menuju ambang lonjakan","[{""feature"": ""rel_nat"", ""shap"": 0.11338621825286227, ""value"": -0.15322260558605194, ""text"": ""Harga 14,2% di bawah rata-rata nasional (berpotensi menyusul naik)""}, {""feature"": ""nbr_rel_price"", ""shap"": 0.11226285548811263, ""value"": -0.06516885757446289, ""text"": ""Harga 6,3% lebih murah dari provinsi tetangga (berpotensi menyusul naik)""}, {""feature"": ""gap_to_threshold"", ""shap"": 0.07254341827491137, ""value"": 0.0434640534222126, ""text"": ""Tinggal 4,3 poin persen lagi menuju ambang lonjakan""}]"
2026-10-07,com_5,27,0.0010549391776786556,0,0.0,0.0,Beras Kualitas Super I,Beras,Sulawesi Tenggara,-3.9985,122.513,Rendah,"Harga 6,7% di bawah rata-rata nasional (berpotensi menyusul naik) | Harga konsumen 1,5% di atas harga pedagang besar | Salah satu provinsi tetangga berubah +0,7% dalam 7 hari","[{""feature"": ""rel_nat"", ""shap"": 0.11607601163826167, ""value"": -0.06919185817241669, ""text"": ""Harga 6,7% di bawah rata-rata nasional (berpotensi menyusul naik)""}, {""feature"": ""margin_cons_whole"", ""shap"": 0.06894226113811774, ""value"": 0.01503787748515606, ""text"": ""Harga konsumen 1,5% di atas harga pedagang besar""}, {""feature"": ""nbr_ret_7_max"", ""shap"": 0.04521467184361789, ""value"": 0.006514681037515402, ""text"": ""Salah satu provinsi tetangga berubah +0,7% dalam 7 hari""}]"
2026-10-07,com_5,28,0.002168295104633338,0,0.0,0.0,Beras Kualitas Super I,Beras,Sulawesi Tengah,-0.8917,119.8707,Rendah,"Salah satu provinsi tetangga berubah +0,6% dalam 7 hari | Harga 5,0% di bawah rata-rata nasional (berpotensi menyusul naik) | Curah hujan 30 hari (30–60 hari lalu) -1,3 SD dari normal","[{""feature"": ""nbr_ret_7_max"", ""shap"": 0.05701172016037736, ""value"": 0.005698021035641432, ""text"": ""Salah satu provinsi tetangga berubah +0,6% dalam 7 hari""}, {""feature"": ""rel_nat"", ""shap"": 0.04258478202261231, ""value"": -0.051439911127090454, ""text"": ""Harga 5,0% di bawah rata-rata nasional (berpotensi menyusul naik)""}, {""feature"": ""rain_30_anom_lag30"", ""shap"": 0.03783645867110609, ""value"": -1.3176658153533936, ""text"": ""Curah hujan 30 hari (30–60 hari lalu) -1,3 SD dari normal""}]"
2026-10-07,com_5,29,0.0023586776112581474,0,0.008498584,0.008462674,Beras Kualitas Super I,Beras,Sulawesi Utara,1.4748,124.8421,Rendah,"Harga +3,7 SD dari rata-rata 30 hari terakhir | Harga +0,8% dalam 3 hari terakhir | Harga 4,7% di atas titik terendah 90 hari terakhir","[{""feature"": ""z_30"", ""shap"": 0.12457504711992658, ""value"": 3.6787679195404053, ""text"": ""Harga +3,7 SD dari rata-rata 30 hari terakhir""}, {""feature"": ""ret_3"", ""shap"": 0.11725505235773569, ""value"": 0.008462673984467983, ""text"": ""Harga +0,8% dalam 3 hari terakhir""}, {""feature"": ""dist_min_90"", ""shap"": 0.08728184690988806, ""value"": 0.04598511382937431, ""text"": ""Harga 4,7% di atas titik terendah 90 hari terakhir""}]"
2026-10-07,com_5,30,0.0025284456410776344,0,0.0,0.0,Beras Kualitas Super I,Beras,Sulawesi Barat,-2.6748,118.8885,Rendah,"Harga 13,4% di bawah rata-rata nasional (berpotensi menyusul naik) | Harga 6,6% lebih murah dari provinsi tetangga (berpotensi menyusul naik) | Salah satu provinsi tetangga berubah +0,7% dalam 7 hari","[{""feature"": ""rel_nat"", ""shap"": 0.17760902781669402, ""value"": -0.14352947473526, ""text"": ""Harga 13,4% di bawah rata-rata nasional (berpotensi menyusul naik)""}, {""feature"": ""nbr_rel_price"", ""shap"": 0.16150102115354212, ""value"": -0.06874489784240723, ""text"": ""Harga 6,6% lebih murah dari provinsi tetangga (berpotensi menyusul naik)""}, {""feature"": ""nbr_ret_7_max"", ""shap"": 0.06160917940909979, ""value"": 0.006514681037515402, ""text"": ""Salah satu provinsi tetangga berubah +0,7% dalam 7 hari""}]"
2026-10-07,com_5,31,0.0011799702440240746,0,0.0,0.0,Beras Kualitas Super I,Beras,Maluku,-3.6954,128.1814,Rendah,"Salah satu provinsi tetangga berubah +0,8% dalam 7 hari | Tinggal 5,0 poin persen lagi menuju ambang lonjakan | Harga di provinsi tetangga berubah rata-rata +0,3% dalam 14 hari","[{""feature"": ""nbr_ret_7_max"", ""shap"": 0.09338178850508198, ""value"": 0.008462673984467983, ""text"": ""Salah satu provinsi tetangga berubah +0,8% dalam 7 hari""}, {""feature"": ""gap_to_threshold"", ""shap"": 0.024955391621758805, ""value"": 0.05000000074505806, ""text"": ""Tinggal 5,0 poin persen lagi menuju ambang lonjakan""}, {""feature"": ""nbr_ret_14_mean"", ""shap"": 0.01823930043055706, ""value"": 0.0028208913281559944, ""text"": ""Harga di provinsi tetangga berubah rata-rata +0,3% dalam 14 hari""}]"
2026-10-07,com_5,32,0.0020861537483105735,0,0.0,0.0,Beras Kualitas Super I,Beras,Maluku Utara,0.7893,127.3842,Rendah,"Salah satu provinsi tetangga berubah +0,8% dalam 7 hari | Harga di provinsi tetangga berubah rata-rata +0,3% dalam 14 hari | Sudah lebih dari 4 bulan setelah Idulfitri (pola musiman)","[{""feature"": ""nbr_ret_7_max"", ""shap"": 0.07372456044299357, ""value"": 0.008462673984467983, ""text"": ""Salah satu provinsi tetangga berubah +0,8% dalam 7 hari""}, {""feature"": ""nbr_ret_14_mean"", ""shap"": 0.01798048097321573, ""value"": 0.0028208913281559944, ""text"": ""Harga di provinsi tetangga berubah rata-rata +0,3% dalam 14 hari""}, {""feature"": ""days_since_idulfitri"", ""shap"": 0.016063353951628844, ""value"": 120.0, ""text"": ""Sudah lebih dari 4 bulan setelah Idulfitri (pola musiman)""}]"
2026-10-07,com_5,33,0.0013421785800476454,0,-0.0023696683,0.0,Beras Kualitas Super I,Beras,Papua,-2.5337,140.7181,Rendah,"Curah hujan 30 hari (30–60 hari lalu) -1,4 SD dari normal | Sudah lebih dari 4 bulan setelah Idulfitri (pola musiman) | H-79 menuju Natal","[{""feature"": ""rain_30_anom_lag30"", ""shap"": 0.038903172175480755, ""value"": -1.376806616783142, ""text"": ""Curah hujan 30 hari (30–60 hari lalu) -1,4 SD dari normal""}, {""feature"": ""days_since_idulfitri"", ""shap"": 0.01466823748646463, ""value"": 120.0, ""text"": ""Sudah lebih dari 4 bulan setelah Idulfitri (pola musiman)""}, {""feature"": ""days_to_natal"", ""shap"": 0.009992649007485685, ""value"": 79.0, ""text"": ""H-79 menuju Natal""}]"
2026-10-07,com_5,34,0.002580797966061976,0,0.0,0.0,Beras Kualitas Super I,Beras,Papua Barat,-0.8615,134.062,Rendah,"Harga 5,7% lebih murah dari provinsi tetangga (berpotensi menyusul naik) | Tinggal 5,0 poin persen lagi menuju ambang lonjakan | Sudah lebih dari 4 bulan setelah Idulfitri (pola musiman)","[{""feature"": ""nbr_rel_price"", ""shap"": 0.1955876150102058, ""value"": -0.05842023342847824, ""text"": ""Harga 5,7% lebih murah dari provinsi tetangga (berpotensi menyusul naik)""}, {""feature"": ""gap_to_threshold"", ""shap"": 0.019596461560056632, ""value"": 0.05000000074505806, ""text"": ""Tinggal 5,0 poin persen lagi menuju ambang lonjakan""}, {""feature"": ""days_since_idulfitri"", ""shap"": 0.010937018877763549, ""value"": 120.0, ""text"": ""Sudah lebih dari 4 bulan setelah Idulfitri (pola musiman)""}]"
2026-10-07,com_6,1,0.001099657136489249,0,0.0,0.00313972,Beras Kualitas Super II,Beras,Aceh,5.5483,95.3238,Rendah,"Harga 10,5% lebih murah dari provinsi tetangga (berpotensi menyusul naik) | Harga konsumen 0,9% di atas harga pedagang besar | Harga 8,1% di bawah rata-rata nasional (berpotensi menyusul naik)","[{""feature"": ""nbr_rel_price"", ""shap"": 0.1343567322986515, ""value"": -0.11065629869699478, ""text"": ""Harga 10,5% lebih murah dari provinsi tetangga (berpotensi menyusul naik)""}, {""feature"": ""margin_cons_whole"", ""shap"": 0.07972408598456791, ""value"": 0.009448889642953873, ""text"": ""Harga konsumen 0,9% di atas harga pedagang besar""}, {""feature"": ""rel_nat"", ""shap"": 0.06690156685035803, ""value"": -0.08413367718458176, ""text"": ""Harga 8,1% di bawah rata-rata nasional (berpotensi menyusul naik)""}]"
2026-10-07,com_6,2,0.0006401918755451207,0,0.0,0.0,Beras Kualitas Super II,Beras,Sumatera Utara,3.5952,98.6722,Rendah,"Harga 2,9% lebih murah dari provinsi tetangga (berpotensi menyusul naik) | Sudah lebih dari 4 bulan setelah Idulfitri (pola musiman) | Harga pedagang besar 7,7% di atas harga produsen","[{""feature"": ""nbr_rel_price"", ""shap"": 0.06069748453123941, ""value"": -0.029577627778053284, ""text"": ""Harga 2,9% lebih murah dari provinsi tetangga (berpotensi menyusul naik)""}, {""feature"": ""days_since_idulfitri"", ""shap"": 0.010876301568038971, ""value"": 120.0, ""text"": ""Sudah lebih dari 4 bulan setelah Idulfitri (pola musiman)""}, {""feature"": ""margin_whole_prod"", ""shap"": 0.010406494211880203, ""value"": 0.07458885759115219, ""text"": ""Harga pedagang besar 7,7% di atas harga produsen""}]"
2026-10-07,com_6,3,0.0010125621274052748,0,0.0,0.0,Beras Kualitas Super II,Beras,Sumatera Barat,-0.9471,100.4172,Rendah,"Harga pedagang besar +0,6% dalam 14 hari terakhir | Sudah lebih dari 4 bulan setelah Idulfitri (pola musiman) | Tinggal 5,0 poin persen lagi menuju ambang lonjakan","[{""feature"": ""ret_14_whole"", ""shap"": 0.04439527640984548, ""value"": 0.0056497324258089066, ""text"": ""Harga pedagang besar +0,6% dalam 14 hari terakhir""}, {""feature"": ""days_since_idulfitri"", ""shap"": 0.013257493269786067, ""value"": 120.0, ""text"": ""Sudah lebih dari 4 bulan setelah Idulfitri (pola musiman)""}, {""feature"": ""gap_to_threshold"", ""shap"": 0.012804681584725001, ""value"": 0.05000000074505806, ""text"": ""Tinggal 5,0 poin persen lagi menuju ambang lonjakan""}]"
2026-10-07,com_6,4,0.0010129766181594464,0,0.0028328612,0.0028288562,Beras Kualitas Super II,Beras,Riau,0.5071,101.4478,Rendah,"Harga +1,8 SD dari rata-rata 30 hari terakhir | Tinggal 4,7 poin persen lagi menuju ambang lonjakan | Sudah lebih dari 4 bulan setelah Idulfitri (pola musiman)","[{""feature"": ""z_30"", ""shap"": 0.08165343004122656, ""value"": 1.7821869850158691, ""text"": ""Harga +1,8 SD dari rata-rata 30 hari terakhir""}, {""feature"": ""gap_to_threshold"", ""shap"": 0.022720545294172903, ""value"": 0.04716713726520538, ""text"": ""Tinggal 4,7 poin persen lagi menuju ambang lonjakan""}, {""feature"": ""days_since_idulfitri"", ""shap"": 0.013135341661744432, ""value"": 120.0, ""text"": ""Sudah lebih dari 4 bulan setelah Idulfitri (pola musiman)""}]"
2026-10-07,com_6,5,0.001383883695059533,0,0.0,0.0,Beras Kualitas Super II,Beras,Kepulauan Riau,0.9186,104.4665,Rendah,"Harga 5,5% lebih murah dari provinsi tetangga (berpotensi menyusul naik) | Tinggal 5,0 poin persen lagi menuju ambang lonjakan | Sudah lebih dari 4 bulan setelah Iduladha (pola musiman)","[{""feature"": ""nbr_rel_price"", ""shap"": 0.1809323472378099, ""value"": -0.05684520676732063, ""text"": ""Harga 5,5% lebih murah dari provinsi tetangga (berpotensi menyusul naik)""}, {""feature"": ""gap_to_threshold"", ""shap"": 0.01929602953452851, ""value"": 0.05000000074505806, ""text"": ""Tinggal 5,0 poin persen lagi menuju ambang lonjakan""}, {""feature"": ""days_since_iduladha"", ""shap"": 0.015212128384869754, ""value"": 120.0, ""text"": ""Sudah lebih dari 4 bulan setelah Iduladha (pola musiman)""}]"
2026-10-07,com_6,6,0.0007872872846789102,0,0.0,0.0,Beras Kualitas Super II,Beras,Jambi,-1.6101,103.6131,Rendah,"Sudah lebih dari 4 bulan setelah Idulfitri (pola musiman) | Harga +1,0 SD dari rata-rata 90 hari terakhir | Margin konsumen-produsen -1,9 SD dari normalnya","[{""feature"": ""days_since_idulfitri"", ""shap"": 0.01254011247599128, ""value"": 120.0, ""text"": ""Sudah lebih dari 4 bulan setelah Idulfitri (pola musiman)""}, {""feature"": ""z_90"", ""shap"": 0.011876673376737043, ""value"": 1.0167784690856934, ""text"": ""Harga +1,0 SD dari rata-rata 90 hari terakhir""}, {""feature"": ""margin_cons_prod_z90"", ""shap"": 0.011820289079686153, ""value"": -1.929495096206665, ""text"": ""Margin konsumen-produsen -1,9 SD dari normalnya""}]"
2026-10-07,com_6,7,0.0012197725596747745,0,0.0,0.0,Beras Kualitas Super II,Beras,Bengkulu,-3.7928,102.2608,Rendah,"Harga 4,2% lebih murah dari provinsi tetangga (berpotensi menyusul naik) | Harga pedagang besar +0,6% dalam 14 hari terakhir | Margin konsumen-produsen -3,0 SD dari normalnya","[{""feature"": ""nbr_rel_price"", ""shap"": 0.12963226833108726, ""value"": -0.043080151081085205, ""text"": ""Harga 4,2% lebih murah dari provinsi tetangga (berpotensi menyusul naik)""}, {""feature"": ""ret_14_whole"", ""shap"": 0.09161257158589624, ""value"": 0.006250020116567612, ""text"": ""Harga pedagang besar +0,6% dalam 14 hari terakhir""}, {""feature"": ""margin_cons_prod_z90"", ""shap"": 0.015147521413113995, ""value"": -2.961247205734253, ""text"": ""Margin konsumen-produsen -3,0 SD dari normalnya""}]"
2026-10-07,com_6,8,0.003929885201918306,0,0.0,0.0,Beras Kualitas Super II,Beras,Sumatera Selatan,-2.9761,104.7754,Rendah,"Harga pedagang besar +1,3% dalam 7 hari terakhir | Harga pedagang besar 12,0% di atas harga produsen | Harga +0,6 SD dari rata-rata 30 hari terakhir","[{""feature"": ""ret_7_whole"", ""shap"": 0.15715680340628654, ""value"": 0.013072081841528416, ""text"": ""Harga pedagang besar +1,3% dalam 7 hari terakhir""}, {""feature"": ""margin_whole_prod"", ""shap"": 0.05016322193462568, ""value"": 0.11332868784666061, ""text"": ""Harga pedagang besar 12,0% di atas harga produsen""}, {""feature"": ""z_30"", ""shap"": 0.0338605592313624, ""value"": 0.5928871035575867, ""text"": ""Harga +0,6 SD dari rata-rata 30 hari terakhir""}]"
2026-10-07,com_6,9,0.0011238424835809868,0,0.0,0.0,Beras Kualitas Super II,Beras,Kepulauan Bangka Belitung,-2.1316,106.1169,Rendah,"Sudah lebih dari 4 bulan setelah Idulfitri (pola musiman) | Tinggal 5,0 poin persen lagi menuju ambang lonjakan | Margin konsumen-produsen +0,1 SD dari normalnya","[{""feature"": ""days_since_idulfitri"", ""shap"": 0.013918168760570282, ""value"": 120.0, ""text"": ""Sudah lebih dari 4 bulan setelah Idulfitri (pola musiman)""}, {""feature"": ""gap_to_threshold"", ""shap"": 0.005722132400990952, ""value"": 0.05000000074505806, ""text"": ""Tinggal 5,0 poin persen lagi menuju ambang lonjakan""}, {""feature"": ""margin_cons_prod_z90"", ""shap"": 0.004747611295036673, ""value"": 0.11285524815320969, ""text"": ""Margin konsumen-produsen +0,1 SD dari normalnya""}]"
2026-10-07,com_6,10,0.0007196846754358355,0,0.0,0.0,Beras Kualitas Super II,Beras,Lampung,-5.3971,105.2668,Rendah,"Harga 5,5% lebih murah dari provinsi tetangga (berpotensi menyusul naik) | Harga konsumen 1,9% di atas harga pedagang besar | Harga +0,6 SD dari rata-rata 30 hari terakhir","[{""feature"": ""nbr_rel_price"", ""shap"": 0.11842862194732635, ""value"": -0.056086860597133636, ""text"": ""Harga 5,5% lebih murah dari provinsi tetangga (berpotensi menyusul naik)""}, {""feature"": ""margin_cons_whole"", ""shap"": 0.05801712283491143, ""value"": 0.018462063744664192, ""text"": ""Harga konsumen 1,9% di atas harga pedagang besar""}, {""feature"": ""z_30"", ""shap"": 0.028762795404710943, ""value"": 0.6436502933502197, ""text"": ""Harga +0,6 SD dari rata-rata 30 hari terakhir""}]"
2026-10-07,com_6,11,0.0013296162525613215,0,0.0,0.0,Beras Kualitas Super II,Beras,Banten,-6.1104,106.164,Rendah,"Harga konsumen 2,1% di atas harga pedagang besar | Harga pedagang besar 22,7% di atas harga produsen | Sudah lebih dari 4 bulan setelah Idulfitri (pola musiman)","[{""feature"": ""margin_cons_whole"", ""shap"": 0.06517036665084437, ""value"": 0.020379161462187767, ""text"": ""Harga konsumen 2,1% di atas harga pedagang besar""}, {""feature"": ""margin_whole_prod"", ""shap"": 0.03131348326729506, ""value"": 0.20492811501026154, ""text"": ""Harga pedagang besar 22,7% di atas harga produsen""}, {""feature"": ""days_since_idulfitri"", ""shap"": 0.015806657110237165, ""value"": 120.0, ""text"": ""Sudah lebih dari 4 bulan setelah Idulfitri (pola musiman)""}]"
2026-10-07,com_6,12,0.0011324705308400345,0,0.0,0.0,Beras Kualitas Super II,Beras,Jawa Barat,-6.9175,107.6191,Rendah,"Harga 4,4% lebih murah dari provinsi tetangga (berpotensi menyusul naik) | Harga 5,2% di bawah rata-rata nasional (berpotensi menyusul naik) | Tinggal 5,0 poin persen lagi menuju ambang lonjakan","[{""feature"": ""nbr_rel_price"", ""shap"": 0.08860358274718019, ""value"": -0.04505830258131027, ""text"": ""Harga 4,4% lebih murah dari provinsi tetangga (berpotensi menyusul naik)""}, {""feature"": ""rel_nat"", ""shap"": 0.026153724961280895, ""value"": -0.05326702818274498, ""text"": ""Harga 5,2% di bawah rata-rata nasional (berpotensi menyusul naik)""}, {""feature"": ""gap_to_threshold"", ""shap"": 0.026019742649444243, ""value"": 0.05000000074505806, ""text"": ""Tinggal 5,0 poin persen lagi menuju ambang lonjakan""}]"
2026-10-07,com_6,13,0.0008977334371456236,0,0.0,0.0,Beras Kualitas Super II,Beras,DKI Jakarta,-6.2088,106.8456,Rendah,"Sudah lebih dari 4 bulan setelah Idulfitri (pola musiman) | H-86 menuju Tahun Baru | Harga +0,9 SD dari rata-rata 90 hari terakhir","[{""feature"": ""days_since_idulfitri"", ""shap"": 0.014436469112160729, ""value"": 120.0, ""text"": ""Sudah lebih dari 4 bulan setelah Idulfitri (pola musiman)""}, {""feature"": ""days_to_tahun_baru"", ""shap"": 0.00912412019328911, ""value"": 86.0, ""text"": ""H-86 menuju Tahun Baru""}, {""feature"": ""z_90"", ""shap"": 0.0075696886497951385, ""value"": 0.9096360206604004, ""text"": ""Harga +0,9 SD dari rata-rata 90 hari terakhir""}]"
2026-10-07,com_6,14,0.0011344238261731642,0,0.0,0.0,Beras Kualitas Super II,Beras,Jawa Tengah,-6.9667,110.4167,Rendah,"Salah satu provinsi tetangga berubah +0,6% dalam 7 hari | Harga pasar modern 23,9% lebih mahal dari pasar tradisional | Harga 4,9% di bawah rata-rata nasional (berpotensi menyusul naik)","[{""feature"": ""nbr_ret_7_max"", ""shap"": 0.05191024373107909, ""value"": 0.006250020116567612, ""text"": ""Salah satu provinsi tetangga berubah +0,6% dalam 7 hari""}, {""feature"": ""gap_modern"", ""shap"": 0.03196971240476028, ""value"": 0.21462249755859375, ""text"": ""Harga pasar modern 23,9% lebih mahal dari pasar tradisional""}, {""feature"": ""rel_nat"", ""shap"": 0.024413004031130833, ""value"": -0.05023212730884552, ""text"": ""Harga 4,9% di bawah rata-rata nasional (berpotensi menyusul naik)""}]"
2026-10-07,com_6,15,0.00339166880513768,0,0.0,0.0,Beras Kualitas Super II,Beras,DI Yogyakarta,-7.7956,110.3695,Rendah,"Harga 9,2% di bawah rata-rata nasional (berpotensi menyusul naik) | Harga 3,6% lebih murah dari provinsi tetangga (berpotensi menyusul naik) | Harga konsumen 0,3% di bawah harga pedagang besar","[{""feature"": ""rel_nat"", ""shap"": 0.13502114946871602, ""value"": -0.09675214439630508, ""text"": ""Harga 9,2% di bawah rata-rata nasional (berpotensi menyusul naik)""}, {""feature"": ""nbr_rel_price"", ""shap"": 0.11726798029319382, ""value"": -0.036291204392910004, ""text"": ""Harga 3,6% lebih murah dari provinsi tetangga (berpotensi menyusul naik)""}, {""feature"": ""margin_cons_whole"", ""shap"": 0.08045431996490257, ""value"": -0.003169574774801731, ""text"": ""Harga konsumen 0,3% di bawah harga pedagang besar""}]"
2026-10-07,com_6,16,0.0013951775276206918,0,0.0062695923,0.00625002,Beras Kualitas Super II,Beras,Jawa Timur,-7.2575,112.7521,Rendah,"Harga +2,2 SD dari rata-rata 30 hari terakhir | Harga 7,5% di bawah rata-rata nasional (berpotensi menyusul naik) | Tinggal 4,4 poin persen lagi menuju ambang lonjakan","[{""feature"": ""z_30"", ""shap"": 0.09093088157612698, ""value"": 2.165745258331299, ""text"": ""Harga +2,2 SD dari rata-rata 30 hari terakhir""}, {""feature"": ""rel_nat"", ""shap"": 0.07693739122990552, ""value"": -0.07788365334272385, ""text"": ""Harga 7,5% di bawah rata-rata nasional (berpotensi menyusul naik)""}, {""feature"": ""gap_to_threshold"", ""shap"": 0.03180823167736435, ""value"": 0.04373040795326233, ""text"": ""Tinggal 4,4 poin persen lagi menuju ambang lonjakan""}]"
2026-10-07,com_6,17,0.0012556087985867567,0,0.003030303,0.0,Beras Kualitas Super II,Beras,Bali,-8.6705,115.2126,Rendah,"Salah satu provinsi tetangga berubah +0,6% dalam 7 hari | Harga +1,3 SD dari rata-rata 30 hari terakhir | Harga di provinsi tetangga berubah rata-rata +0,3% dalam 14 hari","[{""feature"": ""nbr_ret_7_max"", ""shap"": 0.06558516398460613, ""value"": 0.006250020116567612, ""text"": ""Salah satu provinsi tetangga berubah +0,6% dalam 7 hari""}, {""feature"": ""z_30"", ""shap"": 0.04323943247958505, ""value"": 1.260962724685669, ""text"": ""Harga +1,3 SD dari rata-rata 30 hari terakhir""}, {""feature"": ""nbr_ret_14_mean"", ""shap"": 0.03895915243021347, ""value"": 0.003254987532272935, ""text"": ""Harga di provinsi tetangga berubah rata-rata +0,3% dalam 14 hari""}]"
2026-10-07,com_6,18,0.002715604265562085,0,0.0035211267,0.003514942,Beras Kualitas Super II,Beras,Nusa Tenggara Barat,-8.5833,116.1167,Rendah,"Harga 17,9% di bawah rata-rata nasional (berpotensi menyusul naik) | Harga 10,6% lebih murah dari provinsi tetangga (berpotensi menyusul naik) | Harga +2,9 SD dari rata-rata 30 hari terakhir","[{""feature"": ""rel_nat"", ""shap"": 0.20850411957910206, ""value"": -0.19683559238910675, ""text"": ""Harga 17,9% di bawah rata-rata nasional (berpotensi menyusul naik)""}, {""feature"": ""nbr_rel_price"", ""shap"": 0.16568075631930984, ""value"": -0.11213457584381104, ""text"": ""Harga 10,6% lebih murah dari provinsi tetangga (berpotensi menyusul naik)""}, {""feature"": ""z_30"", ""shap"": 0.09780115966040646, ""value"": 2.9495761394500732, ""text"": ""Harga +2,9 SD dari rata-rata 30 hari terakhir""}]"
2026-10-07,com_6,19,0.0013655171843331637,0,0.003125,0.0,Beras Kualitas Super II,Beras,Nusa Tenggara Timur,-10.1772,123.607,Rendah,"Harga konsumen 1,3% di atas harga pedagang besar | Harga 7,5% di bawah rata-rata nasional (berpotensi menyusul naik) | Harga +1,6 SD dari rata-rata 30 hari terakhir","[{""feature"": ""margin_cons_whole"", ""shap"": 0.09795970419614607, ""value"": 0.012539349496364594, ""text"": ""Harga konsumen 1,3% di atas harga pedagang besar""}, {""feature"": ""rel_nat"", ""shap"": 0.09752994916415861, ""value"": -0.07788365334272385, ""text"": ""Harga 7,5% di bawah rata-rata nasional (berpotensi menyusul naik)""}, {""feature"": ""z_30"", ""shap"": 0.06208203226962266, ""value"": 1.6304396390914917, ""text"": ""Harga +1,6 SD dari rata-rata 30 hari terakhir""}]"
2026-10-07,com_6,20,0.0012262870730923368,0,0.0027247956,0.00272109,Beras Kualitas Super II,Beras,Kalimantan Barat,-0.0263,109.3425,Rendah,"Harga +0,3% dalam 1 hari terakhir | Harga +2,5 SD dari rata-rata 30 hari terakhir | Harga pedagang besar +0,9% dalam 14 hari terakhir","[{""feature"": ""ret_1"", ""shap"": 0.1489251186616158, ""value"": 0.0027210901025682688, ""text"": ""Harga +0,3% dalam 1 hari terakhir""}, {""feature"": ""z_30"", ""shap"": 0.1252058413997365, ""value"": 2.5184693336486816, ""text"": ""Harga +2,5 SD dari rata-rata 30 hari terakhir""}, {""feature"": ""ret_14_whole"", ""shap"": 0.10290922179513498, ""value"": 0.008633146993815899, ""text"": ""Harga pedagang besar +0,9% dalam 14 hari terakhir""}]"
2026-10-07,com_6,21,0.0012962002456185313,0,0.0,0.0,Beras Kualitas Super II,Beras,Kalimantan Selatan,-3.3186,114.5944,Rendah,"Salah satu provinsi tetangga berubah +1,5% dalam 7 hari | Harga di provinsi tetangga berubah rata-rata +0,5% dalam 7 hari | Tinggal 5,0 poin persen lagi menuju ambang lonjakan","[{""feature"": ""nbr_ret_7_max"", ""shap"": 0.08346185140493641, ""value"": 0.01481508556753397, ""text"": ""Salah satu provinsi tetangga berubah +1,5% dalam 7 hari""}, {""feature"": ""nbr_ret_7_mean"", ""shap"": 0.022006655746150974, ""value"": 0.0049383617006242275, ""text"": ""Harga di provinsi tetangga berubah rata-rata +0,5% dalam 7 hari""}, {""feature"": ""gap_to_threshold"", ""shap"": 0.015750970850875956, ""value"": 0.05000000074505806, ""text"": ""Tinggal 5,0 poin persen lagi menuju ambang lonjakan""}]"
2026-10-07,com_6,22,0.006464144600923108,0,0.0,0.0,Beras Kualitas Super II,Beras,Kalimantan Tengah,-2.2161,113.9135,Rendah,"2 kali lonjakan dalam setahun terakhir | 205 hari sejak lonjakan terakhir | Harga pedagang besar +1,7% dalam 14 hari terakhir","[{""feature"": ""n_onsets_365"", ""shap"": 0.32760715435213783, ""value"": 2.0, ""text"": ""2 kali lonjakan dalam setahun terakhir""}, {""feature"": ""days_since_spike"", ""shap"": 0.2617546371760966, ""value"": 205.0, ""text"": ""205 hari sejak lonjakan terakhir""}, {""feature"": ""ret_14_whole"", ""shap"": 0.15345330094287013, ""value"": 0.01641302928328514, ""text"": ""Harga pedagang besar +1,7% dalam 14 hari terakhir""}]"
2026-10-07,com_6,23,0.00559528264823274,0,-0.0029325513,0.014815086,Beras Kualitas Super II,Beras,Kalimantan Timur,-0.5022,117.1536,Rendah,"Harga +1,5% dalam 7 hari terakhir | Harga sedang bergejolak: rata-rata ±0,7% per hari (14 hari terakhir) | Curah hujan 30 hari (30–60 hari lalu) -1,6 SD dari normal","[{""feature"": ""ret_7"", ""shap"": 0.11689938272848927, ""value"": 0.01481508556753397, ""text"": ""Harga +1,5% dalam 7 hari terakhir""}, {""feature"": ""vol_14"", ""shap"": 0.11337794082963833, ""value"": 0.007006986532360315, ""text"": ""Harga sedang bergejolak: rata-rata ±0,7% per hari (14 hari terakhir)""}, {""feature"": ""rain_30_anom_lag30"", ""shap"": 0.04917133098726551, ""value"": -1.6460604667663574, ""text"": ""Curah hujan 30 hari (30–60 hari lalu) -1,6 SD dari normal""}]"
2026-10-07,com_6,24,0.0026225165078330196,0,0.0,0.0,Beras Kualitas Super II,Beras,Kalimantan Utara,2.8375,117.3653,Rendah,"Salah satu provinsi tetangga berubah +1,5% dalam 7 hari | Curah hujan 30 hari (30–60 hari lalu) -1,8 SD dari normal | Harga +0,4 SD dari rata-rata 30 hari terakhir","[{""feature"": ""nbr_ret_7_max"", ""shap"": 0.08479633309294778, ""value"": 0.01481508556753397, ""text"": ""Salah satu provinsi tetangga berubah +1,5% dalam 7 hari""}, {""feature"": ""rain_30_anom_lag30"", ""shap"": 0.05830122436647549, ""value"": -1.7519081830978394, ""text"": ""Curah hujan 30 hari (30–60 hari lalu) -1,8 SD dari normal""}, {""feature"": ""z_30"", ""shap"": 0.034481236511789595, ""value"": 0.36819878220558167, ""text"": ""Harga +0,4 SD dari rata-rata 30 hari terakhir""}]"
2026-10-07,com_6,26,0.0011367235909266916,0,0.0066006603,0.006578971,Beras Kualitas Super II,Beras,Sulawesi Selatan,-5.1477,119.4327,Rendah,"Harga 7,1% lebih murah dari provinsi tetangga (berpotensi menyusul naik) | Harga 12,1% di bawah rata-rata nasional (berpotensi menyusul naik) | Harga konsumen 1,0% di atas harga pedagang besar","[{""feature"": ""nbr_rel_price"", ""shap"": 0.11901711287272145, ""value"": -0.07397222518920898, ""text"": ""Harga 7,1% lebih murah dari provinsi tetangga (berpotensi menyusul naik)""}, {""feature"": ""rel_nat"", ""shap"": 0.11581445396068636, ""value"": -0.12901300191879272, ""text"": ""Harga 12,1% di bawah rata-rata nasional (berpotensi menyusul naik)""}, {""feature"": ""margin_cons_whole"", ""shap"": 0.10314841527581163, ""value"": 0.009884758852422237, ""text"": ""Harga konsumen 1,0% di atas harga pedagang besar""}]"
2026-10-07,com_6,27,0.001053106549139484,0,-0.003012048,0.0,Beras Kualitas Super II,Beras,Sulawesi Tenggara,-3.9985,122.513,Rendah,"Salah satu provinsi tetangga berubah +0,7% dalam 7 hari | Harga di provinsi tetangga berubah rata-rata +0,2% dalam 14 hari | Curah hujan 30 hari di sentra produksi (60–90 hari lalu) -0,7 SD dari normal","[{""feature"": ""nbr_ret_7_max"", ""shap"": 0.04675891071679824, ""value"": 0.006578971166163683, ""text"": ""Salah satu provinsi tetangga berubah +0,7% dalam 7 hari""}, {""feature"": ""nbr_ret_14_mean"", ""shap"": 0.017523783630977365, ""value"": 0.0021929903887212276, ""text"": ""Harga di provinsi tetangga berubah rata-rata +0,2% dalam 14 hari""}, {""feature"": ""rain_30_anom_lag60_sentra"", ""shap"": 0.009063436307961576, ""value"": -0.6900790929794312, ""text"": ""Curah hujan 30 hari di sentra produksi (60–90 hari lalu) -0,7 SD dari normal""}]"
2026-10-07,com_6,28,0.0018635979099017302,0,0.0,0.0,Beras Kualitas Super II,Beras,Sulawesi Tengah,-0.8917,119.8707,Rendah,"Salah satu provinsi tetangga berubah +1,5% dalam 7 hari | Curah hujan 30 hari (30–60 hari lalu) -1,3 SD dari normal | Harga di provinsi tetangga berubah rata-rata +0,7% dalam 7 hari","[{""feature"": ""nbr_ret_7_max"", ""shap"": 0.0618321230694173, ""value"": 0.01481508556753397, ""text"": ""Salah satu provinsi tetangga berubah +1,5% dalam 7 hari""}, {""feature"": ""rain_30_anom_lag30"", ""shap"": 0.020945768357787182, ""value"": -1.3176658153533936, ""text"": ""Curah hujan 30 hari (30–60 hari lalu) -1,3 SD dari normal""}, {""feature"": ""nbr_ret_7_mean"", ""shap"": 0.020245614081996967, ""value"": 0.007407542783766985, ""text"": ""Harga di provinsi tetangga berubah rata-rata +0,7% dalam 7 hari""}]"
2026-10-07,com_6,29,0.007440866469479544,0,0.01734104,0.017192401,Beras Kualitas Super II,Beras,Sulawesi Utara,1.4748,124.8421,Rendah,"Harga +1,1% dalam 1 hari terakhir | Tinggal 3,3 poin persen lagi menuju ambang lonjakan | Harga +5,0 SD dari rata-rata 30 hari terakhir","[{""feature"": ""ret_1"", ""shap"": 0.1979338044608188, ""value"": 0.011428696103394032, ""text"": ""Harga +1,1% dalam 1 hari terakhir""}, {""feature"": ""gap_to_threshold"", ""shap"": 0.17947203165382203, ""value"": 0.03265896067023277, ""text"": ""Tinggal 3,3 poin persen lagi menuju ambang lonjakan""}, {""feature"": ""z_30"", ""shap"": 0.1308040178310009, ""value"": 5.014409065246582, ""text"": ""Harga +5,0 SD dari rata-rata 30 hari terakhir""}]"
2026-10-07,com_6,30,0.0016744090123720164,0,0.0,0.0,Beras Kualitas Super II,Beras,Sulawesi Barat,-2.6748,118.8885,Rendah,"Harga 10,1% di bawah rata-rata nasional (berpotensi menyusul naik) | Harga 5,1% lebih murah dari provinsi tetangga (berpotensi menyusul naik) | Salah satu provinsi tetangga berubah +1,5% dalam 7 hari","[{""feature"": ""rel_nat"", ""shap"": 0.1438019027789235, ""value"": -0.10632159560918808, ""text"": ""Harga 10,1% di bawah rata-rata nasional (berpotensi menyusul naik)""}, {""feature"": ""nbr_rel_price"", ""shap"": 0.1223506166942849, ""value"": -0.052659425884485245, ""text"": ""Harga 5,1% lebih murah dari provinsi tetangga (berpotensi menyusul naik)""}, {""feature"": ""nbr_ret_7_max"", ""shap"": 0.09707981730979356, ""value"": 0.01481508556753397, ""text"": ""Salah satu provinsi tetangga berubah +1,5% dalam 7 hari""}]"
2026-10-07,com_6,31,0.003103996775474975,0,0.0,0.0,Beras Kualitas Super II,Beras,Maluku,-3.6954,128.1814,Rendah,"Provinsi ""pemimpin"" (biasanya naik duluan) berubah rata-rata +1,1% dalam 7 hari | Salah satu provinsi tetangga berubah +1,7% dalam 7 hari | Harga +0,6 SD dari rata-rata 30 hari terakhir","[{""feature"": ""lead_ret_7_mean"", ""shap"": 0.2957909527443847, ""value"": 0.0106691624969244, ""text"": ""Provinsi \""pemimpin\"" (biasanya naik duluan) berubah rata-rata +1,1% dalam 7 hari""}, {""feature"": ""nbr_ret_7_max"", ""shap"": 0.07745592641694032, ""value"": 0.017192400991916656, ""text"": ""Salah satu provinsi tetangga berubah +1,7% dalam 7 hari""}, {""feature"": ""z_30"", ""shap"": 0.04817701339484813, ""value"": 0.5836781859397888, ""text"": ""Harga +0,6 SD dari rata-rata 30 hari terakhir""}]"
2026-10-07,com_6,32,0.001941432304215059,0,0.0,0.0,Beras Kualitas Super II,Beras,Maluku Utara,0.7893,127.3842,Rendah,"Salah satu provinsi tetangga berubah +1,7% dalam 7 hari | Harga di provinsi tetangga berubah rata-rata +0,9% dalam 14 hari | Sudah lebih dari 4 bulan setelah Idulfitri (pola musiman)","[{""feature"": ""nbr_ret_7_max"", ""shap"": 0.06638633035505195, ""value"": 0.017192400991916656, ""text"": ""Salah satu provinsi tetangga berubah +1,7% dalam 7 hari""}, {""feature"": ""nbr_ret_14_mean"", ""shap"": 0.04168295512591872, ""value"": 0.008596200495958328, ""text"": ""Harga di provinsi tetangga berubah rata-rata +0,9% dalam 14 hari""}, {""feature"": ""days_since_idulfitri"", ""shap"": 0.017183016668242415, ""value"": 120.0, ""text"": ""Sudah lebih dari 4 bulan setelah Idulfitri (pola musiman)""}]"
2026-10-07,com_6,33,0.0014734526826465384,0,-0.002469136,0.0,Beras Kualitas Super II,Beras,Papua,-2.5337,140.7181,Rendah,"Curah hujan 30 hari (30–60 hari lalu) -1,4 SD dari normal | Sudah lebih dari 4 bulan setelah Idulfitri (pola musiman) | Curah hujan 30 hari (60–90 hari lalu) +0,1 SD dari normal","[{""feature"": ""rain_30_anom_lag30"", ""shap"": 0.04125143158626795, ""value"": -1.376806616783142, ""text"": ""Curah hujan 30 hari (30–60 hari lalu) -1,4 SD dari normal""}, {""feature"": ""days_since_idulfitri"", ""shap"": 0.01259854592666279, ""value"": 120.0, ""text"": ""Sudah lebih dari 4 bulan setelah Idulfitri (pola musiman)""}, {""feature"": ""rain_30_anom_lag60"", ""shap"": 0.009245531393115042, ""value"": 0.10441875457763672, ""text"": ""Curah hujan 30 hari (60–90 hari lalu) +0,1 SD dari normal""}]"
2026-10-07,com_6,34,0.0038214570297406014,0,0.002688172,0.0,Beras Kualitas Super II,Beras,Papua Barat,-0.8615,134.062,Rendah,"Harga 4,9% lebih murah dari provinsi tetangga (berpotensi menyusul naik) | Harga +1,5 SD dari rata-rata 30 hari terakhir | Tinggal 4,7 poin persen lagi menuju ambang lonjakan","[{""feature"": ""nbr_rel_price"", ""shap"": 0.18436574162722175, ""value"": -0.050019215792417526, ""text"": ""Harga 4,9% lebih murah dari provinsi tetangga (berpotensi menyusul naik)""}, {""feature"": ""z_30"", ""shap"": 0.06393215634776929, ""value"": 1.5018507242202759, ""text"": ""Harga +1,5 SD dari rata-rata 30 hari terakhir""}, {""feature"": ""gap_to_threshold"", ""shap"": 0.01952589084395356, ""value"": 0.047311827540397644, ""text"": ""Tinggal 4,7 poin persen lagi menuju ambang lonjakan""}]"
2026-10-07,com_7,1,0.006572171004997419,0,-0.022727273,0.004907985,Daging Ayam Ras Segar,Daging Ayam,Aceh,5.5483,95.3238,Rendah,"Harga sedang bergejolak: rata-rata ±0,9% per hari (30 hari terakhir) | Harga +1,1% dalam 1 hari terakhir | Harga 22,7% di atas titik terendah 90 hari terakhir","[{""feature"": ""vol_30"", ""shap"": 0.501425711523301, ""value"": 0.009477807208895683, ""text"": ""Harga sedang bergejolak: rata-rata ±0,9% per hari (30 hari terakhir)""}, {""feature"": ""ret_1"", ""shap"": 0.3676257084290332, ""value"": 0.011077036149799824, ""text"": ""Harga +1,1% dalam 1 hari terakhir""}, {""feature"": ""dist_min_90"", ""shap"": 0.1444107608799581, ""value"": 0.20434942841529846, ""text"": ""Harga 22,7% di atas titik terendah 90 hari terakhir""}]"
2026-10-07,com_7,2,0.0033228738948307044,0,-0.047477745,-0.027651532,Daging Ayam Ras Segar,Daging Ayam,Sumatera Utara,3.5952,98.6722,Rendah,"2 kali lonjakan dalam setahun terakhir | 66 hari sejak lonjakan terakhir | Harga 9,7% di bawah puncak 90 hari terakhir","[{""feature"": ""n_onsets_365"", ""shap"": 0.32693291073221536, ""value"": 2.0, ""text"": ""2 kali lonjakan dalam setahun terakhir""}, {""feature"": ""days_since_spike"", ""shap"": 0.21968456838302955, ""value"": 66.0, ""text"": ""66 hari sejak lonjakan terakhir""}, {""feature"": ""dist_max_90"", ""shap"": 0.18025599186641564, ""value"": -0.10161519050598145, ""text"": ""Harga 9,7% di bawah puncak 90 hari terakhir""}]"
2026-10-07,com_7,3,0.0017586210322217163,0,-0.046678636,-0.027856955,Daging Ayam Ras Segar,Daging Ayam,Sumatera Barat,-0.9471,100.4172,Rendah,"Harga 13,8% di atas titik terendah 90 hari terakhir | Harga pedagang besar 15,1% di atas harga produsen | Harga sedang bergejolak: rata-rata ±0,5% per hari (14 hari terakhir)","[{""feature"": ""dist_min_90"", ""shap"": 0.12908952504709578, ""value"": 0.12950399518013, ""text"": ""Harga 13,8% di atas titik terendah 90 hari terakhir""}, {""feature"": ""margin_whole_prod"", ""shap"": 0.036187100824128, ""value"": 0.1402856409549713, ""text"": ""Harga pedagang besar 15,1% di atas harga produsen""}, {""feature"": ""vol_14"", ""shap"": 0.033650893714993885, ""value"": 0.004804526921361685, ""text"": ""Harga sedang bergejolak: rata-rata ±0,5% per hari (14 hari terakhir)""}]"
2026-10-07,com_7,4,0.009591595149861607,0,-0.078457445,-0.06966604,Daging Ayam Ras Segar,Daging Ayam,Riau,0.5071,101.4478,Rendah,"Harga sedang bergejolak: rata-rata ±1,1% per hari (30 hari terakhir) | Harga 16,5% di bawah rata-rata nasional (berpotensi menyusul naik) | Harga 20,9% lebih murah dari provinsi tetangga (berpotensi menyusul naik)","[{""feature"": ""vol_30"", ""shap"": 0.5112663480231416, ""value"": 0.010901184752583504, ""text"": ""Harga sedang bergejolak: rata-rata ±1,1% per hari (30 hari terakhir)""}, {""feature"": ""rel_nat"", ""shap"": 0.26877792829080877, ""value"": -0.18039570748806, ""text"": ""Harga 16,5% di bawah rata-rata nasional (berpotensi menyusul naik)""}, {""feature"": ""nbr_rel_price"", ""shap"": 0.20651525991211844, ""value"": -0.23422400653362274, ""text"": ""Harga 20,9% lebih murah dari provinsi tetangga (berpotensi menyusul naik)""}]"
2026-10-07,com_7,5,0.0024619962446108287,0,-0.025957974,0.0050890697,Daging Ayam Ras Segar,Daging Ayam,Kepulauan Riau,0.9186,104.4665,Rendah,"Harga sedang bergejolak: rata-rata ±0,8% per hari (30 hari terakhir) | Harga 9,9% di bawah puncak 90 hari terakhir | Tahun lalu pada periode ini harga +6,6% dalam 14 hari (pola musiman)","[{""feature"": ""vol_30"", ""shap"": 0.3308657734376977, ""value"": 0.008112735114991665, ""text"": ""Harga sedang bergejolak: rata-rata ±0,8% per hari (30 hari terakhir)""}, {""feature"": ""dist_max_90"", ""shap"": 0.12692746264129054, ""value"": -0.10472579300403595, ""text"": ""Harga 9,9% di bawah puncak 90 hari terakhir""}, {""feature"": ""seas_ret_14_ly"", ""shap"": 0.024111444444221634, ""value"": 0.063664011657238, ""text"": ""Tahun lalu pada periode ini harga +6,6% dalam 14 hari (pola musiman)""}]"
2026-10-07,com_7,6,0.016772018807862697,0,-0.049704142,-0.01728438,Daging Ayam Ras Segar,Daging Ayam,Jambi,-1.6101,103.6131,Rendah,"Provinsi ""pemimpin"" (biasanya naik duluan) berubah rata-rata +2,0% dalam 7 hari | Harga sedang bergejolak: rata-rata ±0,8% per hari (30 hari terakhir) | 3 kali lonjakan dalam setahun terakhir","[{""feature"": ""lead_ret_7_mean"", ""shap"": 0.36371409208368455, ""value"": 0.019600681960582733, ""text"": ""Provinsi \""pemimpin\"" (biasanya naik duluan) berubah rata-rata +2,0% dalam 7 hari""}, {""feature"": ""vol_30"", ""shap"": 0.24975908623931667, ""value"": 0.008114814758300781, ""text"": ""Harga sedang bergejolak: rata-rata ±0,8% per hari (30 hari terakhir)""}, {""feature"": ""n_onsets_365"", ""shap"": 0.23114273966005866, ""value"": 3.0, ""text"": ""3 kali lonjakan dalam setahun terakhir""}]"
2026-10-07,com_7,7,0.01796858581541357,0,-0.12087912,-0.08388148,Daging Ayam Ras Segar,Daging Ayam,Bengkulu,-3.7928,102.2608,Rendah,"Harga sedang bergejolak: rata-rata ±1,0% per hari (30 hari terakhir) | 3 kali lonjakan dalam setahun terakhir | 65 hari sejak lonjakan terakhir","[{""feature"": ""vol_30"", ""shap"": 0.40575763919282043, ""value"": 0.00960235483944416, ""text"": ""Harga sedang bergejolak: rata-rata ±1,0% per hari (30 hari terakhir)""}, {""feature"": ""n_onsets_365"", ""shap"": 0.2993075134517438, ""value"": 3.0, ""text"": ""3 kali lonjakan dalam setahun terakhir""}, {""feature"": ""days_since_spike"", ""shap"": 0.19907901765436153, ""value"": 65.0, ""text"": ""65 hari sejak lonjakan terakhir""}]"
2026-10-07,com_7,8,0.008324214939446184,0,-0.07185629,-0.035491686,Daging Ayam Ras Segar,Daging Ayam,Sumatera Selatan,-2.9761,104.7754,Rendah,"58 hari sejak lonjakan terakhir | Harga sedang bergejolak: rata-rata ±0,8% per hari (14 hari terakhir) | Harga 4,5% lebih murah dari provinsi tetangga (berpotensi menyusul naik)","[{""feature"": ""days_since_spike"", ""shap"": 0.19934591982560695, ""value"": 58.0, ""text"": ""58 hari sejak lonjakan terakhir""}, {""feature"": ""vol_14"", ""shap"": 0.17117071601990225, ""value"": 0.00786616001278162, ""text"": ""Harga sedang bergejolak: rata-rata ±0,8% per hari (14 hari terakhir)""}, {""feature"": ""nbr_rel_price"", ""shap"": 0.14862809949135322, ""value"": -0.04576931521296501, ""text"": ""Harga 4,5% lebih murah dari provinsi tetangga (berpotensi menyusul naik)""}]"
2026-10-07,com_7,9,0.006373650983576987,0,-0.04162103,-0.0091013145,Daging Ayam Ras Segar,Daging Ayam,Kepulauan Bangka Belitung,-2.1316,106.1169,Rendah,"Harga sedang bergejolak: rata-rata ±1,3% per hari (30 hari terakhir) | 2 kali lonjakan dalam setahun terakhir | 24 hari sejak lonjakan terakhir","[{""feature"": ""vol_30"", ""shap"": 0.3772899627564241, ""value"": 0.012612842954695225, ""text"": ""Harga sedang bergejolak: rata-rata ±1,3% per hari (30 hari terakhir)""}, {""feature"": ""n_onsets_365"", ""shap"": 0.22267603554799853, ""value"": 2.0, ""text"": ""2 kali lonjakan dalam setahun terakhir""}, {""feature"": ""days_since_spike"", ""shap"": 0.16977708960619098, ""value"": 24.0, ""text"": ""24 hari sejak lonjakan terakhir""}]"
2026-10-07,com_7,10,0.0021724882693520166,0,-0.010416667,-0.016960615,Daging Ayam Ras Segar,Daging Ayam,Lampung,-5.3971,105.2668,Rendah,"72 hari sejak lonjakan terakhir | Harga 6,6% lebih murah dari provinsi tetangga (berpotensi menyusul naik) | Harga 22,2% di atas titik terendah 90 hari terakhir","[{""feature"": ""days_since_spike"", ""shap"": 0.1893488873249763, ""value"": 72.0, ""text"": ""72 hari sejak lonjakan terakhir""}, {""feature"": ""nbr_rel_price"", ""shap"": 0.1130182522082572, ""value"": -0.06880496442317963, ""text"": ""Harga 6,6% lebih murah dari provinsi tetangga (berpotensi menyusul naik)""}, {""feature"": ""dist_min_90"", ""shap"": 0.10622352975292365, ""value"": 0.20037834346294403, ""text"": ""Harga 22,2% di atas titik terendah 90 hari terakhir""}]"
2026-10-07,com_7,11,0.0035920431606638824,0,0.015625,0.0,Daging Ayam Ras Segar,Daging Ayam,Banten,-6.1104,106.164,Rendah,"Provinsi ""pemimpin"" (biasanya naik duluan) berubah rata-rata +0,8% dalam 14 hari | Harga +0,8% dalam 1 hari terakhir | Harga 13,7% di atas titik terendah 90 hari terakhir","[{""feature"": ""lead_ret_14_mean"", ""shap"": 0.3077413695736265, ""value"": 0.008266226388514042, ""text"": ""Provinsi \""pemimpin\"" (biasanya naik duluan) berubah rata-rata +0,8% dalam 14 hari""}, {""feature"": ""ret_1"", ""shap"": 0.2719407551215102, ""value"": 0.008318526670336723, ""text"": ""Harga +0,8% dalam 1 hari terakhir""}, {""feature"": ""dist_min_90"", ""shap"": 0.1177590949313453, ""value"": 0.1286405771970749, ""text"": ""Harga 13,7% di atas titik terendah 90 hari terakhir""}]"
2026-10-07,com_7,12,0.0011031061965747508,0,-0.019826518,-0.012562979,Daging Ayam Ras Segar,Daging Ayam,Jawa Barat,-6.9175,107.6191,Rendah,"Harga 19,3% di atas titik terendah 90 hari terakhir | Harga 3,0% lebih murah dari provinsi tetangga (berpotensi menyusul naik) | Harga pedagang besar 7,5% di atas harga produsen","[{""feature"": ""dist_min_90"", ""shap"": 0.13168608136742488, ""value"": 0.17652297019958496, ""text"": ""Harga 19,3% di atas titik terendah 90 hari terakhir""}, {""feature"": ""nbr_rel_price"", ""shap"": 0.03524147311714527, ""value"": -0.030969057232141495, ""text"": ""Harga 3,0% lebih murah dari provinsi tetangga (berpotensi menyusul naik)""}, {""feature"": ""margin_whole_prod"", ""shap"": 0.017476442656217603, ""value"": 0.07267837971448898, ""text"": ""Harga pedagang besar 7,5% di atas harga produsen""}]"
2026-10-07,com_7,13,0.003945045499316564,0,-0.015531661,-0.012062873,Daging Ayam Ras Segar,Daging Ayam,DKI Jakarta,-6.2088,106.8456,Rendah,"Provinsi ""pemimpin"" (biasanya naik duluan) berubah rata-rata +1,5% dalam 14 hari | 226 hari sejak lonjakan terakhir | Harga 20,3% di atas titik terendah 90 hari terakhir","[{""feature"": ""lead_ret_14_mean"", ""shap"": 0.447340423282768, ""value"": 0.01498052105307579, ""text"": ""Provinsi \""pemimpin\"" (biasanya naik duluan) berubah rata-rata +1,5% dalam 14 hari""}, {""feature"": ""days_since_spike"", ""shap"": 0.17874196138044238, ""value"": 226.0, ""text"": ""226 hari sejak lonjakan terakhir""}, {""feature"": ""dist_min_90"", ""shap"": 0.08460246515927061, ""value"": 0.1847516894340515, ""text"": ""Harga 20,3% di atas titik terendah 90 hari terakhir""}]"
2026-10-07,com_7,14,0.0014316166503431417,0,-0.038224414,-0.03526814,Daging Ayam Ras Segar,Daging Ayam,Jawa Tengah,-6.9667,110.4167,Rendah,"Harga 20,2% di atas titik terendah 90 hari terakhir | Harga 6,0% di bawah rata-rata nasional (berpotensi menyusul naik) | Harga sedang bergejolak: rata-rata ±0,4% per hari (7 hari terakhir)","[{""feature"": ""dist_min_90"", ""shap"": 0.11863111335614823, ""value"": 0.18386119604110718, ""text"": ""Harga 20,2% di atas titik terendah 90 hari terakhir""}, {""feature"": ""rel_nat"", ""shap"": 0.025245250098631686, ""value"": -0.06213178113102913, ""text"": ""Harga 6,0% di bawah rata-rata nasional (berpotensi menyusul naik)""}, {""feature"": ""vol_7"", ""shap"": 0.021028724525073383, ""value"": 0.004445125814527273, ""text"": ""Harga sedang bergejolak: rata-rata ±0,4% per hari (7 hari terakhir)""}]"
2026-10-07,com_7,15,0.002668178916826267,0,-0.036585364,-0.031155167,Daging Ayam Ras Segar,Daging Ayam,DI Yogyakarta,-7.7956,110.3695,Rendah,"76 hari sejak lonjakan terakhir | Harga 25,4% di atas titik terendah 90 hari terakhir | Harga sedang bergejolak: rata-rata ±0,5% per hari (14 hari terakhir)","[{""feature"": ""days_since_spike"", ""shap"": 0.1814419848523696, ""value"": 76.0, ""text"": ""76 hari sejak lonjakan terakhir""}, {""feature"": ""dist_min_90"", ""shap"": 0.10668489745103509, ""value"": 0.22631312906742096, ""text"": ""Harga 25,4% di atas titik terendah 90 hari terakhir""}, {""feature"": ""vol_14"", ""shap"": 0.0752891457928627, ""value"": 0.00527970353141427, ""text"": ""Harga sedang bergejolak: rata-rata ±0,5% per hari (14 hari terakhir)""}]"
2026-10-07,com_7,16,0.0028880620686109033,0,-0.04331683,-0.03932022,Daging Ayam Ras Segar,Daging Ayam,Jawa Timur,-7.2575,112.7521,Rendah,"79 hari sejak lonjakan terakhir | Harga 5,7% lebih murah dari provinsi tetangga (berpotensi menyusul naik) | Harga 6,9% di bawah rata-rata nasional (berpotensi menyusul naik)","[{""feature"": ""days_since_spike"", ""shap"": 0.18449013534387665, ""value"": 79.0, ""text"": ""79 hari sejak lonjakan terakhir""}, {""feature"": ""nbr_rel_price"", ""shap"": 0.11127691828055004, ""value"": -0.05835876613855362, ""text"": ""Harga 5,7% lebih murah dari provinsi tetangga (berpotensi menyusul naik)""}, {""feature"": ""rel_nat"", ""shap"": 0.07772973703756006, ""value"": -0.0711466521024704, ""text"": ""Harga 6,9% di bawah rata-rata nasional (berpotensi menyusul naik)""}]"
2026-10-07,com_7,17,0.001238966138817961,0,0.0044994378,0.0,Daging Ayam Ras Segar,Daging Ayam,Bali,-8.6705,115.2126,Rendah,"Harga 19,7% di atas titik terendah 90 hari terakhir | Harga konsumen 1,8% di bawah harga pedagang besar | Harga pedagang besar 15,1% di atas harga produsen","[{""feature"": ""dist_min_90"", ""shap"": 0.13067699953876416, ""value"": 0.17986097931861877, ""text"": ""Harga 19,7% di atas titik terendah 90 hari terakhir""}, {""feature"": ""margin_cons_whole"", ""shap"": 0.07093526619903953, ""value"": -0.017758512869477272, ""text"": ""Harga konsumen 1,8% di bawah harga pedagang besar""}, {""feature"": ""margin_whole_prod"", ""shap"": 0.03812074125240704, ""value"": 0.14031215012073517, ""text"": ""Harga pedagang besar 15,1% di atas harga produsen""}]"
2026-10-07,com_7,18,0.002255097635752489,0,-0.071428575,-0.053330842,Daging Ayam Ras Segar,Daging Ayam,Nusa Tenggara Barat,-8.5833,116.1167,Rendah,"Harga sedang bergejolak: rata-rata ±0,8% per hari (14 hari terakhir) | Harga 25,3% di atas titik terendah 90 hari terakhir | Salah satu provinsi tetangga berubah +1,1% dalam 7 hari","[{""feature"": ""vol_14"", ""shap"": 0.1798330575144026, ""value"": 0.007785786874592304, ""text"": ""Harga sedang bergejolak: rata-rata ±0,8% per hari (14 hari terakhir)""}, {""feature"": ""dist_min_90"", ""shap"": 0.0933033683509883, ""value"": 0.22518526017665863, ""text"": ""Harga 25,3% di atas titik terendah 90 hari terakhir""}, {""feature"": ""nbr_ret_7_max"", ""shap"": 0.0410488866147595, ""value"": 0.01071165595203638, ""text"": ""Salah satu provinsi tetangga berubah +1,1% dalam 7 hari""}]"
2026-10-07,com_7,19,0.0033484335920690887,0,-0.04255319,-0.022966562,Daging Ayam Ras Segar,Daging Ayam,Nusa Tenggara Timur,-10.1772,123.607,Rendah,"Provinsi ""pemimpin"" (biasanya naik duluan) berubah rata-rata +2,5% dalam 14 hari | Harga sedang bergejolak: rata-rata ±1,3% per hari (30 hari terakhir) | Harga pedagang besar +0,7% dalam 14 hari terakhir","[{""feature"": ""lead_ret_14_mean"", ""shap"": 0.498754021146785, ""value"": 0.02449282631278038, ""text"": ""Provinsi \""pemimpin\"" (biasanya naik duluan) berubah rata-rata +2,5% dalam 14 hari""}, {""feature"": ""vol_30"", ""shap"": 0.40358390384272735, ""value"": 0.012523225508630276, ""text"": ""Harga sedang bergejolak: rata-rata ±1,3% per hari (30 hari terakhir)""}, {""feature"": ""ret_14_whole"", ""shap"": 0.0654603257044811, ""value"": 0.00672271428629756, ""text"": ""Harga pedagang besar +0,7% dalam 14 hari terakhir""}]"
2026-10-07,com_7,20,0.0034698880040120446,0,0.005284016,-0.01822967,Daging Ayam Ras Segar,Daging Ayam,Kalimantan Barat,-0.0263,109.3425,Rendah,"Provinsi ""pemimpin"" (biasanya naik duluan) berubah rata-rata +0,6% dalam 7 hari | Harga 7,0% lebih murah dari provinsi tetangga (berpotensi menyusul naik) | Harga 8,3% di bawah rata-rata nasional (berpotensi menyusul naik)","[{""feature"": ""lead_ret_7_mean"", ""shap"": 0.14664699230667277, ""value"": 0.006195844616740942, ""text"": ""Provinsi \""pemimpin\"" (biasanya naik duluan) berubah rata-rata +0,6% dalam 7 hari""}, {""feature"": ""nbr_rel_price"", ""shap"": 0.13943857554842273, ""value"": -0.07272133976221085, ""text"": ""Harga 7,0% lebih murah dari provinsi tetangga (berpotensi menyusul naik)""}, {""feature"": ""rel_nat"", ""shap"": 0.11427022537501556, ""value"": -0.08679234236478806, ""text"": ""Harga 8,3% di bawah rata-rata nasional (berpotensi menyusul naik)""}]"
2026-10-07,com_7,21,0.010936653419877672,0,0.054958183,0.018286224,Daging Ayam Ras Segar,Daging Ayam,Kalimantan Selatan,-3.3186,114.5944,Rendah,"Harga sedang bergejolak: rata-rata ±1,0% per hari (30 hari terakhir) | Provinsi ""pemimpin"" (biasanya naik duluan) berubah rata-rata +1,9% dalam 14 hari | Harga +0,7% dalam 1 hari terakhir","[{""feature"": ""vol_30"", ""shap"": 0.3944848042857156, ""value"": 0.010083011351525784, ""text"": ""Harga sedang bergejolak: rata-rata ±1,0% per hari (30 hari terakhir)""}, {""feature"": ""lead_ret_14_mean"", ""shap"": 0.3513099217983837, ""value"": 0.018978778272867203, ""text"": ""Provinsi \""pemimpin\"" (biasanya naik duluan) berubah rata-rata +1,9% dalam 14 hari""}, {""feature"": ""ret_1"", ""shap"": 0.3261039935999833, ""value"": 0.0068182083778083324, ""text"": ""Harga +0,7% dalam 1 hari terakhir""}]"
2026-10-07,com_7,22,0.04661775524642437,0,0.074324325,0.012658397,Daging Ayam Ras Segar,Daging Ayam,Kalimantan Tengah,-2.2161,113.9135,Rendah,"Harga sedang bergejolak: rata-rata ±1,9% per hari (14 hari terakhir) | 4 kali lonjakan dalam setahun terakhir | 79 hari sejak lonjakan terakhir","[{""feature"": ""vol_14"", ""shap"": 0.5166665411170992, ""value"": 0.01863296702504158, ""text"": ""Harga sedang bergejolak: rata-rata ±1,9% per hari (14 hari terakhir)""}, {""feature"": ""n_onsets_365"", ""shap"": 0.34376305785018835, ""value"": 4.0, ""text"": ""4 kali lonjakan dalam setahun terakhir""}, {""feature"": ""days_since_spike"", ""shap"": 0.2988481953269249, ""value"": 79.0, ""text"": ""79 hari sejak lonjakan terakhir""}]"
2026-10-07,com_7,23,0.056785968058627866,0,-0.0027586208,-0.03265596,Daging Ayam Ras Segar,Daging Ayam,Kalimantan Timur,-0.5022,117.1536,Rendah,"Harga sedang bergejolak: rata-rata ±2,2% per hari (14 hari terakhir) | Provinsi ""pemimpin"" (biasanya naik duluan) berubah rata-rata +4,4% dalam 14 hari | Harga +0,4% dalam 1 hari terakhir","[{""feature"": ""vol_14"", ""shap"": 0.6518394713389585, ""value"": 0.021503765136003494, ""text"": ""Harga sedang bergejolak: rata-rata ±2,2% per hari (14 hari terakhir)""}, {""feature"": ""lead_ret_14_mean"", ""shap"": 0.3960427916014499, ""value"": 0.04348772019147873, ""text"": ""Provinsi \""pemimpin\"" (biasanya naik duluan) berubah rata-rata +4,4% dalam 14 hari""}, {""feature"": ""ret_1"", ""shap"": 0.28041980825622065, ""value"": 0.0041580102406442165, ""text"": ""Harga +0,4% dalam 1 hari terakhir""}]"
2026-10-07,com_7,24,0.0028764913999636266,0,0.0032085562,-0.026303463,Daging Ayam Ras Segar,Daging Ayam,Kalimantan Utara,2.8375,117.3653,Rendah,"Harga sedang bergejolak: rata-rata ±0,7% per hari (30 hari terakhir) | Salah satu provinsi tetangga berubah +4,6% dalam 7 hari | Harga di provinsi tetangga berubah rata-rata +2,3% dalam 14 hari","[{""feature"": ""vol_30"", ""shap"": 0.23820215393941205, ""value"": 0.00735612353309989, ""text"": ""Harga sedang bergejolak: rata-rata ±0,7% per hari (30 hari terakhir)""}, {""feature"": ""nbr_ret_7_max"", ""shap"": 0.06887308069594363, ""value"": 0.04479513317346573, ""text"": ""Salah satu provinsi tetangga berubah +4,6% dalam 7 hari""}, {""feature"": ""nbr_ret_14_mean"", ""shap"": 0.05524003009167901, ""value"": 0.0225845817476511, ""text"": ""Harga di provinsi tetangga berubah rata-rata +2,3% dalam 14 hari""}]"
2026-10-07,com_7,25,0.06611878000597864,0,0.053475935,0.058802046,Daging Ayam Ras Segar,Daging Ayam,Gorontalo,0.5435,123.0568,Rendah,"Harga +6,1% dalam 7 hari terakhir | Harga sedang bergejolak: rata-rata ±1,5% per hari (30 hari terakhir) | Provinsi ""pemimpin"" (biasanya naik duluan) berubah rata-rata +3,0% dalam 14 hari","[{""feature"": ""ret_7"", ""shap"": 0.589892482569783, ""value"": 0.0588020458817482, ""text"": ""Harga +6,1% dalam 7 hari terakhir""}, {""feature"": ""vol_30"", ""shap"": 0.3797281592246834, ""value"": 0.01508151926100254, ""text"": ""Harga sedang bergejolak: rata-rata ±1,5% per hari (30 hari terakhir)""}, {""feature"": ""lead_ret_14_mean"", ""shap"": 0.37778933170788714, ""value"": 0.029639219865202904, ""text"": ""Provinsi \""pemimpin\"" (biasanya naik duluan) berubah rata-rata +3,0% dalam 14 hari""}]"
2026-10-07,com_7,26,0.015751654051008795,0,0.073529415,0.010711656,Daging Ayam Ras Segar,Daging Ayam,Sulawesi Selatan,-5.1477,119.4327,Rendah,"Harga sedang bergejolak: rata-rata ±1,1% per hari (30 hari terakhir) | Harga 20,8% di bawah rata-rata nasional (berpotensi menyusul naik) | 195 hari sejak lonjakan terakhir","[{""feature"": ""vol_30"", ""shap"": 0.44707175415143685, ""value"": 0.011396342888474464, ""text"": ""Harga sedang bergejolak: rata-rata ±1,1% per hari (30 hari terakhir)""}, {""feature"": ""rel_nat"", ""shap"": 0.2702748242666072, ""value"": -0.23374168574810028, ""text"": ""Harga 20,8% di bawah rata-rata nasional (berpotensi menyusul naik)""}, {""feature"": ""days_since_spike"", ""shap"": 0.23248218476971266, ""value"": 195.0, ""text"": ""195 hari sejak lonjakan terakhir""}]"
2026-10-07,com_7,27,0.004605212041824634,0,0.0013262599,0.0039814254,Daging Ayam Ras Segar,Daging Ayam,Sulawesi Tenggara,-3.9985,122.513,Rendah,"Harga 22,4% di atas titik terendah 90 hari terakhir | Harga sedang bergejolak: rata-rata ±0,7% per hari (14 hari terakhir) | Harga 9,0% di bawah rata-rata nasional (berpotensi menyusul naik)","[{""feature"": ""dist_min_90"", ""shap"": 0.16910451102035487, ""value"": 0.20184873044490814, ""text"": ""Harga 22,4% di atas titik terendah 90 hari terakhir""}, {""feature"": ""vol_14"", ""shap"": 0.15187159865851277, ""value"": 0.007257575169205666, ""text"": ""Harga sedang bergejolak: rata-rata ±0,7% per hari (14 hari terakhir)""}, {""feature"": ""rel_nat"", ""shap"": 0.1339167789164024, ""value"": -0.09470795094966888, ""text"": ""Harga 9,0% di bawah rata-rata nasional (berpotensi menyusul naik)""}]"
2026-10-07,com_7,28,0.020064935972191993,0,0.0098452885,0.0,Daging Ayam Ras Segar,Daging Ayam,Sulawesi Tengah,-0.8917,119.8707,Rendah,"Provinsi ""pemimpin"" (biasanya naik duluan) berubah rata-rata +3,8% dalam 14 hari | Harga sedang bergejolak: rata-rata ±0,8% per hari (30 hari terakhir) | 3 kali lonjakan dalam setahun terakhir","[{""feature"": ""lead_ret_14_mean"", ""shap"": 0.5235515964000793, ""value"": 0.03752518445253372, ""text"": ""Provinsi \""pemimpin\"" (biasanya naik duluan) berubah rata-rata +3,8% dalam 14 hari""}, {""feature"": ""vol_30"", ""shap"": 0.20346640664661242, ""value"": 0.008465128019452095, ""text"": ""Harga sedang bergejolak: rata-rata ±0,8% per hari (30 hari terakhir)""}, {""feature"": ""n_onsets_365"", ""shap"": 0.19224775229896535, ""value"": 3.0, ""text"": ""3 kali lonjakan dalam setahun terakhir""}]"
2026-10-07,com_7,29,0.013970681905602132,0,0.06234414,0.011806512,Daging Ayam Ras Segar,Daging Ayam,Sulawesi Utara,1.4748,124.8421,Rendah,"Provinsi ""pemimpin"" (biasanya naik duluan) berubah rata-rata +4,5% dalam 14 hari | Harga sedang bergejolak: rata-rata ±0,9% per hari (30 hari terakhir) | Harga 15,6% di atas titik terendah 90 hari terakhir","[{""feature"": ""lead_ret_14_mean"", ""shap"": 0.5368462694372449, ""value"": 0.044281329959630966, ""text"": ""Provinsi \""pemimpin\"" (biasanya naik duluan) berubah rata-rata +4,5% dalam 14 hari""}, {""feature"": ""vol_30"", ""shap"": 0.1822036086735301, ""value"": 0.008743708953261375, ""text"": ""Harga sedang bergejolak: rata-rata ±0,9% per hari (30 hari terakhir)""}, {""feature"": ""dist_min_90"", ""shap"": 0.14371964758837583, ""value"": 0.14499863982200623, ""text"": ""Harga 15,6% di atas titik terendah 90 hari terakhir""}]"
2026-10-07,com_7,30,0.02235092614773814,0,0.06260032,0.044795133,Daging Ayam Ras Segar,Daging Ayam,Sulawesi Barat,-2.6748,118.8885,Rendah,"Provinsi ""pemimpin"" (biasanya naik duluan) berubah rata-rata +4,3% dalam 14 hari | Harga +4,6% dalam 7 hari terakhir | Harga sedang bergejolak: rata-rata ±1,3% per hari (30 hari terakhir)","[{""feature"": ""lead_ret_14_mean"", ""shap"": 0.43573834863884886, ""value"": 0.04208342358469963, ""text"": ""Provinsi \""pemimpin\"" (biasanya naik duluan) berubah rata-rata +4,3% dalam 14 hari""}, {""feature"": ""ret_7"", ""shap"": 0.2993077058330335, ""value"": 0.04479513317346573, ""text"": ""Harga +4,6% dalam 7 hari terakhir""}, {""feature"": ""vol_30"", ""shap"": 0.2985456991682072, ""value"": 0.01276796218007803, ""text"": ""Harga sedang bergejolak: rata-rata ±1,3% per hari (30 hari terakhir)""}]"
2026-10-07,com_7,31,0.0019173274887807814,0,0.0,0.0,Daging Ayam Ras Segar,Daging Ayam,Maluku,-3.6954,128.1814,Rendah,"259 hari sejak lonjakan terakhir | Salah satu provinsi tetangga berubah +1,2% dalam 7 hari | Harga di provinsi tetangga berubah rata-rata +2,1% dalam 14 hari","[{""feature"": ""days_since_spike"", ""shap"": 0.17014665372827847, ""value"": 259.0, ""text"": ""259 hari sejak lonjakan terakhir""}, {""feature"": ""nbr_ret_7_max"", ""shap"": 0.06946722775878132, ""value"": 0.011806512251496315, ""text"": ""Salah satu provinsi tetangga berubah +1,2% dalam 7 hari""}, {""feature"": ""nbr_ret_14_mean"", ""shap"": 0.034290260712506265, ""value"": 0.020601099357008934, ""text"": ""Harga di provinsi tetangga berubah rata-rata +2,1% dalam 14 hari""}]"
2026-10-07,com_7,32,0.0013248572714037081,0,0.0,0.0,Daging Ayam Ras Segar,Daging Ayam,Maluku Utara,0.7893,127.3842,Rendah,"Salah satu provinsi tetangga berubah +6,1% dalam 7 hari | Harga di provinsi tetangga berubah rata-rata +3,8% dalam 14 hari | Sudah lebih dari 4 bulan setelah Iduladha (pola musiman)","[{""feature"": ""nbr_ret_7_max"", ""shap"": 0.05721897383884745, ""value"": 0.0588020458817482, ""text"": ""Salah satu provinsi tetangga berubah +6,1% dalam 7 hari""}, {""feature"": ""nbr_ret_14_mean"", ""shap"": 0.05066811165285752, ""value"": 0.03752434253692627, ""text"": ""Harga di provinsi tetangga berubah rata-rata +3,8% dalam 14 hari""}, {""feature"": ""days_since_iduladha"", ""shap"": 0.007264908153528612, ""value"": 120.0, ""text"": ""Sudah lebih dari 4 bulan setelah Iduladha (pola musiman)""}]"
2026-10-07,com_7,33,0.0009958093868505085,0,-0.00097276265,-0.0009732361,Daging Ayam Ras Segar,Daging Ayam,Papua,-2.5337,140.7181,Rendah,"Harga pedagang besar 40,7% di atas harga produsen | Curah hujan 30 hari (30–60 hari lalu) -1,4 SD dari normal | Sudah lebih dari 4 bulan setelah Iduladha (pola musiman)","[{""feature"": ""margin_whole_prod"", ""shap"": 0.03704186546161226, ""value"": 0.34130316972732544, ""text"": ""Harga pedagang besar 40,7% di atas harga produsen""}, {""feature"": ""rain_30_anom_lag30"", ""shap"": 0.029074292921443583, ""value"": -1.376806616783142, ""text"": ""Curah hujan 30 hari (30–60 hari lalu) -1,4 SD dari normal""}, {""feature"": ""days_since_iduladha"", ""shap"": 0.011201979865728674, ""value"": 120.0, ""text"": ""Sudah lebih dari 4 bulan setelah Iduladha (pola musiman)""}]"
2026-10-07,com_7,34,0.010337247413235042,0,-0.026892431,-0.028256169,Daging Ayam Ras Segar,Daging Ayam,Papua Barat,-0.8615,134.062,Rendah,"Harga sedang bergejolak: rata-rata ±1,2% per hari (14 hari terakhir) | 3 kali lonjakan dalam setahun terakhir | 99 hari sejak lonjakan terakhir","[{""feature"": ""vol_14"", ""shap"": 0.30572668221803473, ""value"": 0.011931030079722404, ""text"": ""Harga sedang bergejolak: rata-rata ±1,2% per hari (14 hari terakhir)""}, {""feature"": ""n_onsets_365"", ""shap"": 0.2992262630468329, ""value"": 3.0, ""text"": ""3 kali lonjakan dalam setahun terakhir""}, {""feature"": ""days_since_spike"", ""shap"": 0.2217832668788909, ""value"": 99.0, ""text"": ""99 hari sejak lonjakan terakhir""}]"
2026-10-07,com_8,1,0.0014401308170573434,0,-0.0023474179,-0.0023501774,Daging Sapi Kualitas 1,Daging Sapi,Aceh,5.5483,95.3238,Rendah,"127 hari sejak lonjakan terakhir | Harga konsumen 2,0% di atas harga pedagang besar | Sudah lebih dari 4 bulan setelah Iduladha (pola musiman)","[{""feature"": ""days_since_spike"", ""shap"": 0.27024446940097424, ""value"": 127.0, ""text"": ""127 hari sejak lonjakan terakhir""}, {""feature"": ""margin_cons_whole"", ""shap"": 0.03871450886443034, ""value"": 0.019902631640434265, ""text"": ""Harga konsumen 2,0% di atas harga pedagang besar""}, {""feature"": ""days_since_iduladha"", ""shap"": 0.03713121450344089, ""value"": 120.0, ""text"": ""Sudah lebih dari 4 bulan setelah Iduladha (pola musiman)""}]"
2026-10-07,com_8,2,0.0009371550251454631,0,0.001987413,0.0,Daging Sapi Kualitas 1,Daging Sapi,Sumatera Utara,3.5952,98.6722,Rendah,"Harga 5,3% lebih murah dari provinsi tetangga (berpotensi menyusul naik) | Harga 4,3% di atas titik terendah 90 hari terakhir | Harga pasar modern 24,3% lebih mahal dari pasar tradisional","[{""feature"": ""nbr_rel_price"", ""shap"": 0.11027875034728243, ""value"": -0.05493508651852608, ""text"": ""Harga 5,3% lebih murah dari provinsi tetangga (berpotensi menyusul naik)""}, {""feature"": ""dist_min_90"", ""shap"": 0.042754928446861004, ""value"": 0.04220035299658775, ""text"": ""Harga 4,3% di atas titik terendah 90 hari terakhir""}, {""feature"": ""gap_modern"", ""shap"": 0.03834176918542429, ""value"": 0.21750786900520325, ""text"": ""Harga pasar modern 24,3% lebih mahal dari pasar tradisional""}]"
2026-10-07,com_8,3,0.0006981097776122316,0,0.0,0.0,Daging Sapi Kualitas 1,Daging Sapi,Sumatera Barat,-0.9471,100.4172,Rendah,"Harga 4,9% di atas rata-rata setahun terakhir | H-79 menuju Natal | Harga produsen nasional +0,7% (14 hari)","[{""feature"": ""rel_365"", ""shap"": 0.015708097851854882, ""value"": 0.04750318452715874, ""text"": ""Harga 4,9% di atas rata-rata setahun terakhir""}, {""feature"": ""days_to_natal"", ""shap"": 0.015571445332569616, ""value"": 79.0, ""text"": ""H-79 menuju Natal""}, {""feature"": ""nat_ret_14_prod"", ""shap"": 0.011029564795442353, ""value"": 0.007299302611500025, ""text"": ""Harga produsen nasional +0,7% (14 hari)""}]"
2026-10-07,com_8,4,0.0012922802697677236,0,0.0,0.0,Daging Sapi Kualitas 1,Daging Sapi,Riau,0.5071,101.4478,Rendah,"Harga pedagang besar +0,6% dalam 14 hari terakhir | Harga pasar modern +24,7% dalam 7 hari terakhir | Harga pasar modern 66,7% lebih mahal dari pasar tradisional","[{""feature"": ""ret_14_whole"", ""shap"": 0.09669802202349079, ""value"": 0.006162789184600115, ""text"": ""Harga pedagang besar +0,6% dalam 14 hari terakhir""}, {""feature"": ""ret_7_modern"", ""shap"": 0.08007264902472905, ""value"": 0.2206466645002365, ""text"": ""Harga pasar modern +24,7% dalam 7 hari terakhir""}, {""feature"": ""gap_modern"", ""shap"": 0.0513715007128506, ""value"": 0.5108256340026855, ""text"": ""Harga pasar modern 66,7% lebih mahal dari pasar tradisional""}]"
2026-10-07,com_8,5,0.0034433033620114317,0,0.0,0.0,Daging Sapi Kualitas 1,Daging Sapi,Kepulauan Riau,0.9186,104.4665,Rendah,"Harga 14,9% lebih murah dari provinsi tetangga (berpotensi menyusul naik) | Harga 13,5% di bawah rata-rata nasional (berpotensi menyusul naik) | Harga pedagang besar +4,3% dalam 14 hari terakhir","[{""feature"": ""nbr_rel_price"", ""shap"": 0.24286210875110079, ""value"": -0.1610340178012848, ""text"": ""Harga 14,9% lebih murah dari provinsi tetangga (berpotensi menyusul naik)""}, {""feature"": ""rel_nat"", ""shap"": 0.22142760132453282, ""value"": -0.14544835686683655, ""text"": ""Harga 13,5% di bawah rata-rata nasional (berpotensi menyusul naik)""}, {""feature"": ""ret_14_whole"", ""shap"": 0.147346097866023, ""value"": 0.04167269542813301, ""text"": ""Harga pedagang besar +4,3% dalam 14 hari terakhir""}]"
2026-10-07,com_8,6,0.004949080596112206,0,0.0,0.0,Daging Sapi Kualitas 1,Daging Sapi,Jambi,-1.6101,103.6131,Rendah,"3 kali lonjakan dalam setahun terakhir | 129 hari sejak lonjakan terakhir | Harga pasar modern 21,2% lebih mahal dari pasar tradisional","[{""feature"": ""n_onsets_365"", ""shap"": 0.40807942916221285, ""value"": 3.0, ""text"": ""3 kali lonjakan dalam setahun terakhir""}, {""feature"": ""days_since_spike"", ""shap"": 0.3049979236717522, ""value"": 129.0, ""text"": ""129 hari sejak lonjakan terakhir""}, {""feature"": ""gap_modern"", ""shap"": 0.05174812326510502, ""value"": 0.1924847960472107, ""text"": ""Harga pasar modern 21,2% lebih mahal dari pasar tradisional""}]"
2026-10-07,com_8,7,0.0006587590605606643,0,0.0,0.0,Daging Sapi Kualitas 1,Daging Sapi,Bengkulu,-3.7928,102.2608,Rendah,"Sudah lebih dari 4 bulan setelah Idulfitri (pola musiman) | Curah hujan 30 hari (30–60 hari lalu) -0,3 SD dari normal | Harga produsen nasional +0,7% (14 hari)","[{""feature"": ""days_since_idulfitri"", ""shap"": 0.014747604046736924, ""value"": 120.0, ""text"": ""Sudah lebih dari 4 bulan setelah Idulfitri (pola musiman)""}, {""feature"": ""rain_30_anom_lag30"", ""shap"": 0.013271411504209681, ""value"": -0.25185999274253845, ""text"": ""Curah hujan 30 hari (30–60 hari lalu) -0,3 SD dari normal""}, {""feature"": ""nat_ret_14_prod"", ""shap"": 0.011099085328847305, ""value"": 0.007299302611500025, ""text"": ""Harga produsen nasional +0,7% (14 hari)""}]"
2026-10-07,com_8,8,0.0015577164735647324,0,0.0,0.0,Daging Sapi Kualitas 1,Daging Sapi,Sumatera Selatan,-2.9761,104.7754,Rendah,"Sudah lebih dari 4 bulan setelah Iduladha (pola musiman) | Sudah lebih dari 4 bulan setelah Idulfitri (pola musiman) | Harga pedagang besar 16,7% di atas harga produsen","[{""feature"": ""days_since_iduladha"", ""shap"": 0.019729680376188097, ""value"": 120.0, ""text"": ""Sudah lebih dari 4 bulan setelah Iduladha (pola musiman)""}, {""feature"": ""days_since_idulfitri"", ""shap"": 0.019688779222740246, ""value"": 120.0, ""text"": ""Sudah lebih dari 4 bulan setelah Idulfitri (pola musiman)""}, {""feature"": ""margin_whole_prod"", ""shap"": 0.019158333261083287, ""value"": 0.15415067970752716, ""text"": ""Harga pedagang besar 16,7% di atas harga produsen""}]"
2026-10-07,com_8,9,0.0008993191039903252,0,-0.015384615,-0.015504187,Daging Sapi Kualitas 1,Daging Sapi,Kepulauan Bangka Belitung,-2.1316,106.1169,Rendah,"Harga sedang bergejolak: rata-rata ±0,6% per hari (7 hari terakhir) | Sudah lebih dari 4 bulan setelah Iduladha (pola musiman) | Sudah lebih dari 4 bulan setelah Idulfitri (pola musiman)","[{""feature"": ""vol_7"", ""shap"": 0.03534355590272959, ""value"": 0.005860031582415104, ""text"": ""Harga sedang bergejolak: rata-rata ±0,6% per hari (7 hari terakhir)""}, {""feature"": ""days_since_iduladha"", ""shap"": 0.033110700126199315, ""value"": 120.0, ""text"": ""Sudah lebih dari 4 bulan setelah Iduladha (pola musiman)""}, {""feature"": ""days_since_idulfitri"", ""shap"": 0.02093498065429886, ""value"": 120.0, ""text"": ""Sudah lebih dari 4 bulan setelah Idulfitri (pola musiman)""}]"
2026-10-07,com_8,10,0.0008068532382288758,0,0.0,0.0,Daging Sapi Kualitas 1,Daging Sapi,Lampung,-5.3971,105.2668,Rendah,"Harga 5,2% lebih murah dari provinsi tetangga (berpotensi menyusul naik) | Harga konsumen 2,1% di bawah harga pedagang besar | Harga pasar modern 31,7% lebih mahal dari pasar tradisional","[{""feature"": ""nbr_rel_price"", ""shap"": 0.1200001884075424, ""value"": -0.053882136940956116, ""text"": ""Harga 5,2% lebih murah dari provinsi tetangga (berpotensi menyusul naik)""}, {""feature"": ""margin_cons_whole"", ""shap"": 0.09240129708901146, ""value"": -0.021240949630737305, ""text"": ""Harga konsumen 2,1% di bawah harga pedagang besar""}, {""feature"": ""gap_modern"", ""shap"": 0.06095912644647706, ""value"": 0.27522599697113037, ""text"": ""Harga pasar modern 31,7% lebih mahal dari pasar tradisional""}]"
2026-10-07,com_8,11,0.0009617731980481025,0,0.0,0.0,Daging Sapi Kualitas 1,Daging Sapi,Banten,-6.1104,106.164,Rendah,Sudah lebih dari 4 bulan setelah Iduladha (pola musiman) | Sudah lebih dari 4 bulan setelah Idulfitri (pola musiman) | H-79 menuju Natal,"[{""feature"": ""days_since_iduladha"", ""shap"": 0.02841643677869671, ""value"": 120.0, ""text"": ""Sudah lebih dari 4 bulan setelah Iduladha (pola musiman)""}, {""feature"": ""days_since_idulfitri"", ""shap"": 0.02303792008296423, ""value"": 120.0, ""text"": ""Sudah lebih dari 4 bulan setelah Idulfitri (pola musiman)""}, {""feature"": ""days_to_natal"", ""shap"": 0.016749126114740377, ""value"": 79.0, ""text"": ""H-79 menuju Natal""}]"
2026-10-07,com_8,12,0.0007664151357169818,0,0.0,0.0,Daging Sapi Kualitas 1,Daging Sapi,Jawa Barat,-6.9175,107.6191,Rendah,"Harga pasar modern 24,6% lebih mahal dari pasar tradisional | Sudah lebih dari 4 bulan setelah Idulfitri (pola musiman) | Sudah lebih dari 4 bulan setelah Iduladha (pola musiman)","[{""feature"": ""gap_modern"", ""shap"": 0.030464615682049122, ""value"": 0.22003056108951569, ""text"": ""Harga pasar modern 24,6% lebih mahal dari pasar tradisional""}, {""feature"": ""days_since_idulfitri"", ""shap"": 0.020412282366999806, ""value"": 120.0, ""text"": ""Sudah lebih dari 4 bulan setelah Idulfitri (pola musiman)""}, {""feature"": ""days_since_iduladha"", ""shap"": 0.01715991521354233, ""value"": 120.0, ""text"": ""Sudah lebih dari 4 bulan setelah Iduladha (pola musiman)""}]"
2026-10-07,com_8,13,0.000958588407669964,0,0.0,0.0,Daging Sapi Kualitas 1,Daging Sapi,DKI Jakarta,-6.2088,106.8456,Rendah,"Harga pasar modern 52,4% lebih mahal dari pasar tradisional | Sudah lebih dari 4 bulan setelah Iduladha (pola musiman) | Sudah lebih dari 4 bulan setelah Idulfitri (pola musiman)","[{""feature"": ""gap_modern"", ""shap"": 0.06165699674840512, ""value"": 0.42111220955848694, ""text"": ""Harga pasar modern 52,4% lebih mahal dari pasar tradisional""}, {""feature"": ""days_since_iduladha"", ""shap"": 0.023906830706746842, ""value"": 120.0, ""text"": ""Sudah lebih dari 4 bulan setelah Iduladha (pola musiman)""}, {""feature"": ""days_since_idulfitri"", ""shap"": 0.023179404519849206, ""value"": 120.0, ""text"": ""Sudah lebih dari 4 bulan setelah Idulfitri (pola musiman)""}]"
2026-10-07,com_8,14,0.0015297203214245329,0,0.0,0.0,Daging Sapi Kualitas 1,Daging Sapi,Jawa Tengah,-6.9667,110.4167,Rendah,"191 hari sejak lonjakan terakhir | Harga pasar modern 30,6% lebih mahal dari pasar tradisional | Harga 2,0% lebih murah dari provinsi tetangga (berpotensi menyusul naik)","[{""feature"": ""days_since_spike"", ""shap"": 0.25244323648511646, ""value"": 191.0, ""text"": ""191 hari sejak lonjakan terakhir""}, {""feature"": ""gap_modern"", ""shap"": 0.060392928706535946, ""value"": 0.26731476187705994, ""text"": ""Harga pasar modern 30,6% lebih mahal dari pasar tradisional""}, {""feature"": ""nbr_rel_price"", ""shap"": 0.05217931147365603, ""value"": -0.020406847819685936, ""text"": ""Harga 2,0% lebih murah dari provinsi tetangga (berpotensi menyusul naik)""}]"
2026-10-07,com_8,15,0.0007999970804144297,0,0.0,0.0,Daging Sapi Kualitas 1,Daging Sapi,DI Yogyakarta,-7.7956,110.3695,Rendah,"Salah satu provinsi tetangga berubah +0,4% dalam 7 hari | Harga pasar modern 25,8% lebih mahal dari pasar tradisional | H-79 menuju Natal","[{""feature"": ""nbr_ret_7_max"", ""shap"": 0.05995542032736661, ""value"": 0.004133660811930895, ""text"": ""Salah satu provinsi tetangga berubah +0,4% dalam 7 hari""}, {""feature"": ""gap_modern"", ""shap"": 0.028231508939056675, ""value"": 0.2294008582830429, ""text"": ""Harga pasar modern 25,8% lebih mahal dari pasar tradisional""}, {""feature"": ""days_to_natal"", ""shap"": 0.024057865611308293, ""value"": 79.0, ""text"": ""H-79 menuju Natal""}]"
2026-10-07,com_8,16,0.0018139207410910647,0,0.0020668274,0.004133661,Daging Sapi Kualitas 1,Daging Sapi,Jawa Timur,-7.2575,112.7521,Rendah,"Harga pedagang besar +1,4% dalam 7 hari terakhir | Harga 5,0% lebih murah dari provinsi tetangga (berpotensi menyusul naik) | Harga +0,9 SD dari rata-rata 30 hari terakhir","[{""feature"": ""ret_7_whole"", ""shap"": 0.152053475893953, ""value"": 0.013975953683257103, ""text"": ""Harga pedagang besar +1,4% dalam 7 hari terakhir""}, {""feature"": ""nbr_rel_price"", ""shap"": 0.08725863934461175, ""value"": -0.05141188204288483, ""text"": ""Harga 5,0% lebih murah dari provinsi tetangga (berpotensi menyusul naik)""}, {""feature"": ""z_30"", ""shap"": 0.034597032514145365, ""value"": 0.9294427633285522, ""text"": ""Harga +0,9 SD dari rata-rata 30 hari terakhir""}]"
2026-10-07,com_8,17,0.0023032477392054846,0,0.017132867,0.0,Daging Sapi Kualitas 1,Daging Sapi,Bali,-8.6705,115.2126,Rendah,"Harga pedagang besar +6,7% dalam 14 hari terakhir | Harga konsumen 9,1% di bawah harga pedagang besar | Salah satu provinsi tetangga berubah +0,4% dalam 7 hari","[{""feature"": ""ret_14_whole"", ""shap"": 0.14476779021865707, ""value"": 0.06453852355480194, ""text"": ""Harga pedagang besar +6,7% dalam 14 hari terakhir""}, {""feature"": ""margin_cons_whole"", ""shap"": 0.12083962717785497, ""value"": -0.09534142911434174, ""text"": ""Harga konsumen 9,1% di bawah harga pedagang besar""}, {""feature"": ""nbr_ret_7_max"", ""shap"": 0.06060243481049807, ""value"": 0.004133660811930895, ""text"": ""Salah satu provinsi tetangga berubah +0,4% dalam 7 hari""}]"
2026-10-07,com_8,18,0.0021922418409555944,0,0.0,0.0,Daging Sapi Kualitas 1,Daging Sapi,Nusa Tenggara Barat,-8.5833,116.1167,Rendah,"Harga 4,0% lebih murah dari provinsi tetangga (berpotensi menyusul naik) | Harga 10,3% di bawah rata-rata nasional (berpotensi menyusul naik) | Harga konsumen 2,2% di bawah harga pedagang besar","[{""feature"": ""nbr_rel_price"", ""shap"": 0.13852834716269669, ""value"": -0.04123888537287712, ""text"": ""Harga 4,0% lebih murah dari provinsi tetangga (berpotensi menyusul naik)""}, {""feature"": ""rel_nat"", ""shap"": 0.1344798055651083, ""value"": -0.10824167728424072, ""text"": ""Harga 10,3% di bawah rata-rata nasional (berpotensi menyusul naik)""}, {""feature"": ""margin_cons_whole"", ""shap"": 0.10680629141868646, ""value"": -0.02239168994128704, ""text"": ""Harga konsumen 2,2% di bawah harga pedagang besar""}]"
2026-10-07,com_8,19,0.0011055016971212128,0,0.0,0.0,Daging Sapi Kualitas 1,Daging Sapi,Nusa Tenggara Timur,-10.1772,123.607,Rendah,"Harga 20,3% di bawah rata-rata nasional (berpotensi menyusul naik) | Harga 12,1% lebih murah dari provinsi tetangga (berpotensi menyusul naik) | Harga pasar modern 64,3% lebih mahal dari pasar tradisional","[{""feature"": ""rel_nat"", ""shap"": 0.19564738605379473, ""value"": -0.22634434700012207, ""text"": ""Harga 20,3% di bawah rata-rata nasional (berpotensi menyusul naik)""}, {""feature"": ""nbr_rel_price"", ""shap"": 0.16354059187399458, ""value"": -0.12938065826892853, ""text"": ""Harga 12,1% lebih murah dari provinsi tetangga (berpotensi menyusul naik)""}, {""feature"": ""gap_modern"", ""shap"": 0.06761824822532943, ""value"": 0.4966691732406616, ""text"": ""Harga pasar modern 64,3% lebih mahal dari pasar tradisional""}]"
2026-10-07,com_8,20,0.0007114936055750914,0,0.0,0.0,Daging Sapi Kualitas 1,Daging Sapi,Kalimantan Barat,-0.0263,109.3425,Rendah,"Harga konsumen 0,8% di atas harga pedagang besar | Harga +0,5 SD dari rata-rata 30 hari terakhir | Sudah lebih dari 4 bulan setelah Iduladha (pola musiman)","[{""feature"": ""margin_cons_whole"", ""shap"": 0.10947905384243806, ""value"": 0.007782140281051397, ""text"": ""Harga konsumen 0,8% di atas harga pedagang besar""}, {""feature"": ""z_30"", ""shap"": 0.038121466773546185, ""value"": 0.4915960431098938, ""text"": ""Harga +0,5 SD dari rata-rata 30 hari terakhir""}, {""feature"": ""days_since_iduladha"", ""shap"": 0.023306985296512785, ""value"": 120.0, ""text"": ""Sudah lebih dari 4 bulan setelah Iduladha (pola musiman)""}]"
2026-10-07,com_8,21,0.0010773887140492998,0,0.00464846,0.0046376893,Daging Sapi Kualitas 1,Daging Sapi,Kalimantan Selatan,-3.3186,114.5944,Rendah,"Harga +3,7 SD dari rata-rata 30 hari terakhir | Harga di provinsi tetangga berubah rata-rata +0,4% dalam 14 hari | Sudah lebih dari 4 bulan setelah Iduladha (pola musiman)","[{""feature"": ""z_30"", ""shap"": 0.10800486468842471, ""value"": 3.6787679195404053, ""text"": ""Harga +3,7 SD dari rata-rata 30 hari terakhir""}, {""feature"": ""nbr_ret_14_mean"", ""shap"": 0.0366481683926608, ""value"": 0.0039056013338267803, ""text"": ""Harga di provinsi tetangga berubah rata-rata +0,4% dalam 14 hari""}, {""feature"": ""days_since_iduladha"", ""shap"": 0.020735373304968708, ""value"": 120.0, ""text"": ""Sudah lebih dari 4 bulan setelah Iduladha (pola musiman)""}]"
2026-10-07,com_8,22,0.0014289359637551363,0,0.0,0.0,Daging Sapi Kualitas 1,Daging Sapi,Kalimantan Tengah,-2.2161,113.9135,Rendah,"Harga konsumen 0,0% di atas harga pedagang besar | Harga di provinsi tetangga berubah rata-rata +0,5% dalam 14 hari | Salah satu provinsi tetangga berubah +0,5% dalam 7 hari","[{""feature"": ""margin_cons_whole"", ""shap"": 0.09826669069452468, ""value"": 0.0, ""text"": ""Harga konsumen 0,0% di atas harga pedagang besar""}, {""feature"": ""nbr_ret_14_mean"", ""shap"": 0.044611045718855255, ""value"": 0.005451497621834278, ""text"": ""Harga di provinsi tetangga berubah rata-rata +0,5% dalam 14 hari""}, {""feature"": ""nbr_ret_7_max"", ""shap"": 0.04424685363776143, ""value"": 0.004637689329683781, ""text"": ""Salah satu provinsi tetangga berubah +0,5% dalam 7 hari""}]"
2026-10-07,com_8,23,0.0010616641213990392,0,0.0,-0.0124298725,Daging Sapi Kualitas 1,Daging Sapi,Kalimantan Timur,-0.5022,117.1536,Rendah,"Harga pasar modern +31,1% dalam 7 hari terakhir | Curah hujan 30 hari (30–60 hari lalu) -1,6 SD dari normal | Harga di provinsi tetangga berubah rata-rata +0,3% dalam 14 hari","[{""feature"": ""ret_7_modern"", ""shap"": 0.08219032824254333, ""value"": 0.2707988917827606, ""text"": ""Harga pasar modern +31,1% dalam 7 hari terakhir""}, {""feature"": ""rain_30_anom_lag30"", ""shap"": 0.03836359294094241, ""value"": -1.6460604667663574, ""text"": ""Curah hujan 30 hari (30–60 hari lalu) -1,6 SD dari normal""}, {""feature"": ""nbr_ret_14_mean"", ""shap"": 0.02857239817253381, ""value"": 0.0030667625833302736, ""text"": ""Harga di provinsi tetangga berubah rata-rata +0,3% dalam 14 hari""}]"
2026-10-07,com_8,24,0.0010946457344769304,0,-0.002513352,0.0,Daging Sapi Kualitas 1,Daging Sapi,Kalimantan Utara,2.8375,117.3653,Rendah,"Curah hujan 30 hari (30–60 hari lalu) -1,8 SD dari normal | Harga di provinsi tetangga berubah rata-rata +0,4% dalam 14 hari | Sudah lebih dari 4 bulan setelah Idulfitri (pola musiman)","[{""feature"": ""rain_30_anom_lag30"", ""shap"": 0.05821918939500139, ""value"": -1.7519081830978394, ""text"": ""Curah hujan 30 hari (30–60 hari lalu) -1,8 SD dari normal""}, {""feature"": ""nbr_ret_14_mean"", ""shap"": 0.04658372044475648, ""value"": 0.0039056013338267803, ""text"": ""Harga di provinsi tetangga berubah rata-rata +0,4% dalam 14 hari""}, {""feature"": ""days_since_idulfitri"", ""shap"": 0.023102131759267393, ""value"": 120.0, ""text"": ""Sudah lebih dari 4 bulan setelah Idulfitri (pola musiman)""}]"
2026-10-07,com_8,25,0.003522387405504246,0,0.0,0.016260521,Daging Sapi Kualitas 1,Daging Sapi,Gorontalo,0.5435,123.0568,Rendah,"Harga sedang bergejolak: rata-rata ±0,7% per hari (30 hari terakhir) | Harga 6,0% di atas titik terendah 90 hari terakhir | Harga +1,6% dalam 7 hari terakhir","[{""feature"": ""vol_30"", ""shap"": 0.1400865520017596, ""value"": 0.006839629728347063, ""text"": ""Harga sedang bergejolak: rata-rata ±0,7% per hari (30 hari terakhir)""}, {""feature"": ""dist_min_90"", ""shap"": 0.11366718352908266, ""value"": 0.05810762941837311, ""text"": ""Harga 6,0% di atas titik terendah 90 hari terakhir""}, {""feature"": ""ret_7"", ""shap"": 0.10057374541990714, ""value"": 0.016260521486401558, ""text"": ""Harga +1,6% dalam 7 hari terakhir""}]"
2026-10-07,com_8,26,0.0008634609057959886,0,0.0,0.0,Daging Sapi Kualitas 1,Daging Sapi,Sulawesi Selatan,-5.1477,119.4327,Rendah,"Harga 10,0% di bawah rata-rata nasional (berpotensi menyusul naik) | Harga 4,7% lebih murah dari provinsi tetangga (berpotensi menyusul naik) | Harga di provinsi tetangga berubah rata-rata +0,4% dalam 14 hari","[{""feature"": ""rel_nat"", ""shap"": 0.10668425827764746, ""value"": -0.10568833351135254, ""text"": ""Harga 10,0% di bawah rata-rata nasional (berpotensi menyusul naik)""}, {""feature"": ""nbr_rel_price"", ""shap"": 0.09416372383313187, ""value"": -0.04836854338645935, ""text"": ""Harga 4,7% lebih murah dari provinsi tetangga (berpotensi menyusul naik)""}, {""feature"": ""nbr_ret_14_mean"", ""shap"": 0.04945902566229898, ""value"": 0.0039056013338267803, ""text"": ""Harga di provinsi tetangga berubah rata-rata +0,4% dalam 14 hari""}]"
2026-10-07,com_8,27,0.002048723059134996,0,0.0,0.0,Daging Sapi Kualitas 1,Daging Sapi,Sulawesi Tenggara,-3.9985,122.513,Rendah,"191 hari sejak lonjakan terakhir | Harga 7,4% di bawah rata-rata nasional (berpotensi menyusul naik) | Harga di provinsi tetangga berubah rata-rata +0,4% dalam 14 hari","[{""feature"": ""days_since_spike"", ""shap"": 0.2624940309949677, ""value"": 191.0, ""text"": ""191 hari sejak lonjakan terakhir""}, {""feature"": ""rel_nat"", ""shap"": 0.14523180795095286, ""value"": -0.07696104049682617, ""text"": ""Harga 7,4% di bawah rata-rata nasional (berpotensi menyusul naik)""}, {""feature"": ""nbr_ret_14_mean"", ""shap"": 0.03678594528454028, ""value"": 0.0039056013338267803, ""text"": ""Harga di provinsi tetangga berubah rata-rata +0,4% dalam 14 hari""}]"
2026-10-07,com_8,28,0.0035398589029057717,0,0.0,0.0,Daging Sapi Kualitas 1,Daging Sapi,Sulawesi Tengah,-0.8917,119.8707,Rendah,"Harga 3,3% lebih murah dari provinsi tetangga (berpotensi menyusul naik) | Harga pasar modern 39,2% lebih mahal dari pasar tradisional | Salah satu provinsi tetangga berubah +1,6% dalam 7 hari","[{""feature"": ""nbr_rel_price"", ""shap"": 0.1301115233604657, ""value"": -0.03342369571328163, ""text"": ""Harga 3,3% lebih murah dari provinsi tetangga (berpotensi menyusul naik)""}, {""feature"": ""gap_modern"", ""shap"": 0.06097341527185202, ""value"": 0.33067038655281067, ""text"": ""Harga pasar modern 39,2% lebih mahal dari pasar tradisional""}, {""feature"": ""nbr_ret_7_max"", ""shap"": 0.047078690404452915, ""value"": 0.016260521486401558, ""text"": ""Salah satu provinsi tetangga berubah +1,6% dalam 7 hari""}]"
2026-10-07,com_8,29,0.001827138495676003,0,-0.008,0.0,Daging Sapi Kualitas 1,Daging Sapi,Sulawesi Utara,1.4748,124.8421,Rendah,"182 hari sejak lonjakan terakhir | Salah satu provinsi tetangga berubah +1,6% dalam 7 hari | Harga di provinsi tetangga berubah rata-rata +0,5% dalam 7 hari","[{""feature"": ""days_since_spike"", ""shap"": 0.263613470558509, ""value"": 182.0, ""text"": ""182 hari sejak lonjakan terakhir""}, {""feature"": ""nbr_ret_7_max"", ""shap"": 0.09450430681993355, ""value"": 0.016260521486401558, ""text"": ""Salah satu provinsi tetangga berubah +1,6% dalam 7 hari""}, {""feature"": ""nbr_ret_7_mean"", ""shap"": 0.026951222986078625, ""value"": 0.005420173518359661, ""text"": ""Harga di provinsi tetangga berubah rata-rata +0,5% dalam 7 hari""}]"
2026-10-07,com_8,30,0.0021929764335862773,0,0.011785714,0.0,Daging Sapi Kualitas 1,Daging Sapi,Sulawesi Barat,-2.6748,118.8885,Rendah,"129 hari sejak lonjakan terakhir | Harga 6,2% lebih murah dari provinsi tetangga (berpotensi menyusul naik) | Harga 7,1% di bawah rata-rata nasional (berpotensi menyusul naik)","[{""feature"": ""days_since_spike"", ""shap"": 0.2645329221118581, ""value"": 129.0, ""text"": ""129 hari sejak lonjakan terakhir""}, {""feature"": ""nbr_rel_price"", ""shap"": 0.14598518993842302, ""value"": -0.06390741467475891, ""text"": ""Harga 6,2% lebih murah dari provinsi tetangga (berpotensi menyusul naik)""}, {""feature"": ""rel_nat"", ""shap"": 0.1291379034701201, ""value"": -0.07413318753242493, ""text"": ""Harga 7,1% di bawah rata-rata nasional (berpotensi menyusul naik)""}]"
2026-10-07,com_8,31,0.0019103369603224376,0,0.0,0.0,Daging Sapi Kualitas 1,Daging Sapi,Maluku,-3.6954,128.1814,Rendah,"267 hari sejak lonjakan terakhir | Harga 6,6% di bawah rata-rata nasional (berpotensi menyusul naik) | Harga 4,1% lebih murah dari provinsi tetangga (berpotensi menyusul naik)","[{""feature"": ""days_since_spike"", ""shap"": 0.17503707888666997, ""value"": 267.0, ""text"": ""267 hari sejak lonjakan terakhir""}, {""feature"": ""rel_nat"", ""shap"": 0.12873659082888542, ""value"": -0.06815040856599808, ""text"": ""Harga 6,6% di bawah rata-rata nasional (berpotensi menyusul naik)""}, {""feature"": ""nbr_rel_price"", ""shap"": 0.07620263631847916, ""value"": -0.04218859225511551, ""text"": ""Harga 4,1% lebih murah dari provinsi tetangga (berpotensi menyusul naik)""}]"
2026-10-07,com_8,32,0.0076349723049911385,0,0.0,0.0,Daging Sapi Kualitas 1,Daging Sapi,Maluku Utara,0.7893,127.3842,Rendah,"127 hari sejak lonjakan terakhir | Harga konsumen 0,0% di atas harga pedagang besar | Salah satu provinsi tetangga berubah +1,6% dalam 7 hari","[{""feature"": ""days_since_spike"", ""shap"": 0.3168209249459833, ""value"": 127.0, ""text"": ""127 hari sejak lonjakan terakhir""}, {""feature"": ""margin_cons_whole"", ""shap"": 0.10347959539046121, ""value"": 0.0, ""text"": ""Harga konsumen 0,0% di atas harga pedagang besar""}, {""feature"": ""nbr_ret_7_max"", ""shap"": 0.058544735734859805, ""value"": 0.016260521486401558, ""text"": ""Salah satu provinsi tetangga berubah +1,6% dalam 7 hari""}]"
2026-10-07,com_8,33,0.0013940953419328854,0,0.008655332,0.007691162,Daging Sapi Kualitas 1,Daging Sapi,Papua,-2.5337,140.7181,Rendah,"Harga +2,7 SD dari rata-rata 30 hari terakhir | Curah hujan 30 hari (30–60 hari lalu) -1,4 SD dari normal | Sudah lebih dari 4 bulan setelah Iduladha (pola musiman)","[{""feature"": ""z_30"", ""shap"": 0.1169391669191672, ""value"": 2.6778438091278076, ""text"": ""Harga +2,7 SD dari rata-rata 30 hari terakhir""}, {""feature"": ""rain_30_anom_lag30"", ""shap"": 0.03908664047126746, ""value"": -1.376806616783142, ""text"": ""Curah hujan 30 hari (30–60 hari lalu) -1,4 SD dari normal""}, {""feature"": ""days_since_iduladha"", ""shap"": 0.025465172442512257, ""value"": 120.0, ""text"": ""Sudah lebih dari 4 bulan setelah Iduladha (pola musiman)""}]"
2026-10-07,com_8,34,0.003367101066728992,0,0.0,0.0,Daging Sapi Kualitas 1,Daging Sapi,Papua Barat,-0.8615,134.062,Rendah,"Harga 6,2% di atas titik terendah 90 hari terakhir | Harga +0,6 SD dari rata-rata 30 hari terakhir | Salah satu provinsi tetangga berubah +0,8% dalam 7 hari","[{""feature"": ""dist_min_90"", ""shap"": 0.07591880320987905, ""value"": 0.0606246218085289, ""text"": ""Harga 6,2% di atas titik terendah 90 hari terakhir""}, {""feature"": ""z_30"", ""shap"": 0.04599025254040984, ""value"": 0.5928871035575867, ""text"": ""Harga +0,6 SD dari rata-rata 30 hari terakhir""}, {""feature"": ""nbr_ret_7_max"", ""shap"": 0.025642302999458307, ""value"": 0.007691162172704935, ""text"": ""Salah satu provinsi tetangga berubah +0,8% dalam 7 hari""}]"
2026-10-07,com_9,1,0.009644334544193662,0,0.0,0.0,Daging Sapi Kualitas 2,Daging Sapi,Aceh,5.5483,95.3238,Rendah,"Provinsi ""pemimpin"" (biasanya naik duluan) berubah rata-rata +1,4% dalam 14 hari | 2 kali lonjakan dalam setahun terakhir | 189 hari sejak lonjakan terakhir","[{""feature"": ""lead_ret_14_mean"", ""shap"": 0.4761043540178272, ""value"": 0.013607331551611423, ""text"": ""Provinsi \""pemimpin\"" (biasanya naik duluan) berubah rata-rata +1,4% dalam 14 hari""}, {""feature"": ""n_onsets_365"", ""shap"": 0.32905058420399974, ""value"": 2.0, ""text"": ""2 kali lonjakan dalam setahun terakhir""}, {""feature"": ""days_since_spike"", ""shap"": 0.2358001559333687, ""value"": 189.0, ""text"": ""189 hari sejak lonjakan terakhir""}]"
2026-10-07,com_9,2,0.007664836071369817,0,0.028846154,0.028437935,Daging Sapi Kualitas 2,Daging Sapi,Sumatera Utara,3.5952,98.6722,Rendah,"Provinsi ""pemimpin"" (biasanya naik duluan) berubah rata-rata +1,1% dalam 14 hari | Harga +2,9% dalam 7 hari terakhir | Harga sedang bergejolak: rata-rata ±0,8% per hari (14 hari terakhir)","[{""feature"": ""lead_ret_14_mean"", ""shap"": 0.3029298263405088, ""value"": 0.010539672337472439, ""text"": ""Provinsi \""pemimpin\"" (biasanya naik duluan) berubah rata-rata +1,1% dalam 14 hari""}, {""feature"": ""ret_7"", ""shap"": 0.262905344803307, ""value"": 0.028437934815883636, ""text"": ""Harga +2,9% dalam 7 hari terakhir""}, {""feature"": ""vol_14"", ""shap"": 0.18992421695132397, ""value"": 0.007600357756018639, ""text"": ""Harga sedang bergejolak: rata-rata ±0,8% per hari (14 hari terakhir)""}]"
2026-10-07,com_9,3,0.002018817822844771,0,0.0,0.0,Daging Sapi Kualitas 2,Daging Sapi,Sumatera Barat,-0.9471,100.4172,Rendah,"Provinsi ""pemimpin"" (biasanya naik duluan) berubah rata-rata +1,4% dalam 14 hari | Sudah lebih dari 4 bulan setelah Idulfitri (pola musiman) | Sudah lebih dari 4 bulan setelah Iduladha (pola musiman)","[{""feature"": ""lead_ret_14_mean"", ""shap"": 0.5736660026869774, ""value"": 0.013607331551611423, ""text"": ""Provinsi \""pemimpin\"" (biasanya naik duluan) berubah rata-rata +1,4% dalam 14 hari""}, {""feature"": ""days_since_idulfitri"", ""shap"": 0.021353092335628925, ""value"": 120.0, ""text"": ""Sudah lebih dari 4 bulan setelah Idulfitri (pola musiman)""}, {""feature"": ""days_since_iduladha"", ""shap"": 0.010662211512831374, ""value"": 120.0, ""text"": ""Sudah lebih dari 4 bulan setelah Iduladha (pola musiman)""}]"
2026-10-07,com_9,4,0.004725253518538445,0,0.0,0.0,Daging Sapi Kualitas 2,Daging Sapi,Riau,0.5071,101.4478,Rendah,"Provinsi ""pemimpin"" (biasanya naik duluan) berubah rata-rata +1,4% dalam 14 hari | Harga 16,9% di bawah rata-rata nasional (berpotensi menyusul naik) | Harga 14,7% lebih murah dari provinsi tetangga (berpotensi menyusul naik)","[{""feature"": ""lead_ret_14_mean"", ""shap"": 0.560736608344352, ""value"": 0.013607331551611423, ""text"": ""Provinsi \""pemimpin\"" (biasanya naik duluan) berubah rata-rata +1,4% dalam 14 hari""}, {""feature"": ""rel_nat"", ""shap"": 0.19230024074613475, ""value"": -0.1856033354997635, ""text"": ""Harga 16,9% di bawah rata-rata nasional (berpotensi menyusul naik)""}, {""feature"": ""nbr_rel_price"", ""shap"": 0.15255849509388378, ""value"": -0.159502312541008, ""text"": ""Harga 14,7% lebih murah dari provinsi tetangga (berpotensi menyusul naik)""}]"
2026-10-07,com_9,5,0.011760016559217993,0,0.041666668,0.0,Daging Sapi Kualitas 2,Daging Sapi,Kepulauan Riau,0.9186,104.4665,Rendah,"Harga sedang bergejolak: rata-rata ±0,7% per hari (30 hari terakhir) | 275 hari sejak lonjakan terakhir | Harga 12,9% di bawah rata-rata nasional (berpotensi menyusul naik)","[{""feature"": ""vol_30"", ""shap"": 0.31449807519817474, ""value"": 0.007453042548149824, ""text"": ""Harga sedang bergejolak: rata-rata ±0,7% per hari (30 hari terakhir)""}, {""feature"": ""days_since_spike"", ""shap"": 0.2730401272498376, ""value"": 275.0, ""text"": ""275 hari sejak lonjakan terakhir""}, {""feature"": ""rel_nat"", ""shap"": 0.14254012526173293, ""value"": -0.1376728117465973, ""text"": ""Harga 12,9% di bawah rata-rata nasional (berpotensi menyusul naik)""}]"
2026-10-07,com_9,7,0.0009195568832840072,0,0.0,0.0,Daging Sapi Kualitas 2,Daging Sapi,Bengkulu,-3.7928,102.2608,Rendah,"Harga 7,1% di atas titik terendah 90 hari terakhir | Harga konsumen 46,3% di atas harga pedagang besar | H-79 menuju Natal","[{""feature"": ""dist_min_90"", ""shap"": 0.16710631321949013, ""value"": 0.06899286806583405, ""text"": ""Harga 7,1% di atas titik terendah 90 hari terakhir""}, {""feature"": ""margin_cons_whole"", ""shap"": 0.032778777822030675, ""value"": 0.38077250123023987, ""text"": ""Harga konsumen 46,3% di atas harga pedagang besar""}, {""feature"": ""days_to_natal"", ""shap"": 0.015811599438760482, ""value"": 79.0, ""text"": ""H-79 menuju Natal""}]"
2026-10-07,com_9,8,0.00450244172544441,0,0.0,0.0,Daging Sapi Kualitas 2,Daging Sapi,Sumatera Selatan,-2.9761,104.7754,Rendah,"Provinsi ""pemimpin"" (biasanya naik duluan) berubah rata-rata +1,4% dalam 14 hari | Sudah lebih dari 4 bulan setelah Idulfitri (pola musiman) | Sudah lebih dari 4 bulan setelah Iduladha (pola musiman)","[{""feature"": ""lead_ret_14_mean"", ""shap"": 0.5473485538573382, ""value"": 0.013607331551611423, ""text"": ""Provinsi \""pemimpin\"" (biasanya naik duluan) berubah rata-rata +1,4% dalam 14 hari""}, {""feature"": ""days_since_idulfitri"", ""shap"": 0.028369165415794394, ""value"": 120.0, ""text"": ""Sudah lebih dari 4 bulan setelah Idulfitri (pola musiman)""}, {""feature"": ""days_since_iduladha"", ""shap"": 0.01390489714126451, ""value"": 120.0, ""text"": ""Sudah lebih dari 4 bulan setelah Iduladha (pola musiman)""}]"
2026-10-07,com_9,9,0.003343985550889605,0,0.0,0.0,Daging Sapi Kualitas 2,Daging Sapi,Kepulauan Bangka Belitung,-2.1316,106.1169,Rendah,226 hari sejak lonjakan terakhir | Sudah lebih dari 4 bulan setelah Idulfitri (pola musiman) | Sudah lebih dari 4 bulan setelah Iduladha (pola musiman),"[{""feature"": ""days_since_spike"", ""shap"": 0.23299221116980978, ""value"": 226.0, ""text"": ""226 hari sejak lonjakan terakhir""}, {""feature"": ""days_since_idulfitri"", ""shap"": 0.030907732988361997, ""value"": 120.0, ""text"": ""Sudah lebih dari 4 bulan setelah Idulfitri (pola musiman)""}, {""feature"": ""days_since_iduladha"", ""shap"": 0.02688328480947459, ""value"": 120.0, ""text"": ""Sudah lebih dari 4 bulan setelah Iduladha (pola musiman)""}]"
2026-10-07,com_9,10,0.002591317061429509,0,0.0,0.0,Daging Sapi Kualitas 2,Daging Sapi,Lampung,-5.3971,105.2668,Rendah,"Provinsi ""pemimpin"" (biasanya naik duluan) berubah rata-rata +1,4% dalam 14 hari | Harga 4,7% lebih murah dari provinsi tetangga (berpotensi menyusul naik) | Harga konsumen 1,8% di bawah harga pedagang besar","[{""feature"": ""lead_ret_14_mean"", ""shap"": 0.6127708162260882, ""value"": 0.013607331551611423, ""text"": ""Provinsi \""pemimpin\"" (biasanya naik duluan) berubah rata-rata +1,4% dalam 14 hari""}, {""feature"": ""nbr_rel_price"", ""shap"": 0.1301670961106115, ""value"": -0.048585738986730576, ""text"": ""Harga 4,7% lebih murah dari provinsi tetangga (berpotensi menyusul naik)""}, {""feature"": ""margin_cons_whole"", ""shap"": 0.10323530041175655, ""value"": -0.018018504604697227, ""text"": ""Harga konsumen 1,8% di bawah harga pedagang besar""}]"
2026-10-07,com_9,11,0.003132148872175409,0,0.0,0.0,Daging Sapi Kualitas 2,Daging Sapi,Banten,-6.1104,106.164,Rendah,"Provinsi ""pemimpin"" (biasanya naik duluan) berubah rata-rata +1,4% dalam 14 hari | Sudah lebih dari 4 bulan setelah Idulfitri (pola musiman) | Harga pasar modern 15,9% lebih mahal dari pasar tradisional","[{""feature"": ""lead_ret_14_mean"", ""shap"": 0.6424265517954987, ""value"": 0.013607331551611423, ""text"": ""Provinsi \""pemimpin\"" (biasanya naik duluan) berubah rata-rata +1,4% dalam 14 hari""}, {""feature"": ""days_since_idulfitri"", ""shap"": 0.02891350396724391, ""value"": 120.0, ""text"": ""Sudah lebih dari 4 bulan setelah Idulfitri (pola musiman)""}, {""feature"": ""gap_modern"", ""shap"": 0.023853762869951008, ""value"": 0.1479026973247528, ""text"": ""Harga pasar modern 15,9% lebih mahal dari pasar tradisional""}]"
2026-10-07,com_9,12,0.0016681136300329173,0,0.0,0.0,Daging Sapi Kualitas 2,Daging Sapi,Jawa Barat,-6.9175,107.6191,Rendah,"Provinsi ""pemimpin"" (biasanya naik duluan) berubah rata-rata +1,4% dalam 14 hari | Harga pasar modern 25,6% lebih mahal dari pasar tradisional | Sudah lebih dari 4 bulan setelah Idulfitri (pola musiman)","[{""feature"": ""lead_ret_14_mean"", ""shap"": 0.5625134776442801, ""value"": 0.013607331551611423, ""text"": ""Provinsi \""pemimpin\"" (biasanya naik duluan) berubah rata-rata +1,4% dalam 14 hari""}, {""feature"": ""gap_modern"", ""shap"": 0.03163119755486154, ""value"": 0.22818303108215332, ""text"": ""Harga pasar modern 25,6% lebih mahal dari pasar tradisional""}, {""feature"": ""days_since_idulfitri"", ""shap"": 0.028130724150074973, ""value"": 120.0, ""text"": ""Sudah lebih dari 4 bulan setelah Idulfitri (pola musiman)""}]"
2026-10-07,com_9,13,0.0031192270815702445,0,0.0,0.0,Daging Sapi Kualitas 2,Daging Sapi,DKI Jakarta,-6.2088,106.8456,Rendah,"Provinsi ""pemimpin"" (biasanya naik duluan) berubah rata-rata +1,4% dalam 14 hari | Sudah lebih dari 4 bulan setelah Idulfitri (pola musiman) | Harga pasar modern 26,7% lebih mahal dari pasar tradisional","[{""feature"": ""lead_ret_14_mean"", ""shap"": 0.5527001123048845, ""value"": 0.013607331551611423, ""text"": ""Provinsi \""pemimpin\"" (biasanya naik duluan) berubah rata-rata +1,4% dalam 14 hari""}, {""feature"": ""days_since_idulfitri"", ""shap"": 0.03110324955711345, ""value"": 120.0, ""text"": ""Sudah lebih dari 4 bulan setelah Idulfitri (pola musiman)""}, {""feature"": ""gap_modern"", ""shap"": 0.030710990649382607, ""value"": 0.23628059029579163, ""text"": ""Harga pasar modern 26,7% lebih mahal dari pasar tradisional""}]"
2026-10-07,com_9,14,0.0016061602936702304,0,0.0,0.0,Daging Sapi Kualitas 2,Daging Sapi,Jawa Tengah,-6.9667,110.4167,Rendah,"191 hari sejak lonjakan terakhir | Harga pasar modern 43,7% lebih mahal dari pasar tradisional | Harga konsumen 1,2% di atas harga pedagang besar","[{""feature"": ""days_since_spike"", ""shap"": 0.22876410153815574, ""value"": 191.0, ""text"": ""191 hari sejak lonjakan terakhir""}, {""feature"": ""gap_modern"", ""shap"": 0.062075764353423525, ""value"": 0.36279985308647156, ""text"": ""Harga pasar modern 43,7% lebih mahal dari pasar tradisional""}, {""feature"": ""margin_cons_whole"", ""shap"": 0.05383602277644971, ""value"": 0.011520462110638618, ""text"": ""Harga konsumen 1,2% di atas harga pedagang besar""}]"
2026-10-07,com_9,15,0.002873428578254123,0,0.0,0.0,Daging Sapi Kualitas 2,Daging Sapi,DI Yogyakarta,-7.7956,110.3695,Rendah,"Provinsi ""pemimpin"" (biasanya naik duluan) berubah rata-rata +1,4% dalam 14 hari | Salah satu provinsi tetangga berubah +0,5% dalam 7 hari | Harga 17,9% lebih tinggi dari tahun lalu","[{""feature"": ""lead_ret_14_mean"", ""shap"": 0.6326930566054594, ""value"": 0.013607331551611423, ""text"": ""Provinsi \""pemimpin\"" (biasanya naik duluan) berubah rata-rata +1,4% dalam 14 hari""}, {""feature"": ""nbr_ret_7_max"", ""shap"": 0.058882492825309635, ""value"": 0.0052850255742669106, ""text"": ""Salah satu provinsi tetangga berubah +0,5% dalam 7 hari""}, {""feature"": ""ret_yoy"", ""shap"": 0.028072937421622517, ""value"": 0.16487464308738708, ""text"": ""Harga 17,9% lebih tinggi dari tahun lalu""}]"
2026-10-07,com_9,16,0.0018183409927060514,0,0.0072051575,0.0052850256,Daging Sapi Kualitas 2,Daging Sapi,Jawa Timur,-7.2575,112.7521,Rendah,"Harga pedagang besar +1,0% dalam 14 hari terakhir | Harga 7,9% lebih murah dari provinsi tetangga (berpotensi menyusul naik) | Harga 7,4% di bawah rata-rata nasional (berpotensi menyusul naik)","[{""feature"": ""ret_14_whole"", ""shap"": 0.1135112438234235, ""value"": 0.009829054586589336, ""text"": ""Harga pedagang besar +1,0% dalam 14 hari terakhir""}, {""feature"": ""nbr_rel_price"", ""shap"": 0.10137266673047617, ""value"": -0.08243736624717712, ""text"": ""Harga 7,9% lebih murah dari provinsi tetangga (berpotensi menyusul naik)""}, {""feature"": ""rel_nat"", ""shap"": 0.06725740035851775, ""value"": -0.07714230567216873, ""text"": ""Harga 7,4% di bawah rata-rata nasional (berpotensi menyusul naik)""}]"
2026-10-07,com_9,17,0.0026361139325442413,0,0.013693419,0.0,Daging Sapi Kualitas 2,Daging Sapi,Bali,-8.6705,115.2126,Rendah,"Harga pedagang besar +7,1% dalam 14 hari terakhir | Harga konsumen 11,2% di bawah harga pedagang besar | Harga 7,1% di bawah rata-rata nasional (berpotensi menyusul naik)","[{""feature"": ""ret_14_whole"", ""shap"": 0.154549318443899, ""value"": 0.06899286806583405, ""text"": ""Harga pedagang besar +7,1% dalam 14 hari terakhir""}, {""feature"": ""margin_cons_whole"", ""shap"": 0.10535623664170518, ""value"": -0.11840823292732239, ""text"": ""Harga konsumen 11,2% di bawah harga pedagang besar""}, {""feature"": ""rel_nat"", ""shap"": 0.08293742025547912, ""value"": -0.07375948131084442, ""text"": ""Harga 7,1% di bawah rata-rata nasional (berpotensi menyusul naik)""}]"
2026-10-07,com_9,18,0.0022682603758453494,0,-0.004705882,0.0,Daging Sapi Kualitas 2,Daging Sapi,Nusa Tenggara Barat,-8.5833,116.1167,Rendah,"Harga 5,6% lebih murah dari provinsi tetangga (berpotensi menyusul naik) | Harga 11,5% di bawah rata-rata nasional (berpotensi menyusul naik) | Harga konsumen 0,3% di atas harga pedagang besar","[{""feature"": ""nbr_rel_price"", ""shap"": 0.17173943592650906, ""value"": -0.05755908414721489, ""text"": ""Harga 5,6% lebih murah dari provinsi tetangga (berpotensi menyusul naik)""}, {""feature"": ""rel_nat"", ""shap"": 0.12621037271961302, ""value"": -0.1225871667265892, ""text"": ""Harga 11,5% di bawah rata-rata nasional (berpotensi menyusul naik)""}, {""feature"": ""margin_cons_whole"", ""shap"": 0.07767522881848378, ""value"": 0.003157066646963358, ""text"": ""Harga konsumen 0,3% di atas harga pedagang besar""}]"
2026-10-07,com_9,19,0.002881806643431713,0,0.0,0.0,Daging Sapi Kualitas 2,Daging Sapi,Nusa Tenggara Timur,-10.1772,123.607,Rendah,"Provinsi ""pemimpin"" (biasanya naik duluan) berubah rata-rata +1,4% dalam 14 hari | Harga 17,5% di bawah rata-rata nasional (berpotensi menyusul naik) | Harga 11,5% lebih murah dari provinsi tetangga (berpotensi menyusul naik)","[{""feature"": ""lead_ret_14_mean"", ""shap"": 0.597477679840715, ""value"": 0.013607331551611423, ""text"": ""Provinsi \""pemimpin\"" (biasanya naik duluan) berubah rata-rata +1,4% dalam 14 hari""}, {""feature"": ""rel_nat"", ""shap"": 0.17528758453161553, ""value"": -0.1923402100801468, ""text"": ""Harga 17,5% di bawah rata-rata nasional (berpotensi menyusul naik)""}, {""feature"": ""nbr_rel_price"", ""shap"": 0.16688618766715807, ""value"": -0.12262945622205734, ""text"": ""Harga 11,5% lebih murah dari provinsi tetangga (berpotensi menyusul naik)""}]"
2026-10-07,com_9,20,0.0011462250128786203,0,0.0,0.0,Daging Sapi Kualitas 2,Daging Sapi,Kalimantan Barat,-0.0263,109.3425,Rendah,"Harga konsumen 7,6% di bawah harga pedagang besar | Harga di provinsi tetangga berubah rata-rata +1,4% dalam 14 hari | Harga pasar modern 33,2% lebih mahal dari pasar tradisional","[{""feature"": ""margin_cons_whole"", ""shap"": 0.14439073418095258, ""value"": -0.07863744348287582, ""text"": ""Harga konsumen 7,6% di bawah harga pedagang besar""}, {""feature"": ""nbr_ret_14_mean"", ""shap"": 0.07455893270195635, ""value"": 0.013607331551611423, ""text"": ""Harga di provinsi tetangga berubah rata-rata +1,4% dalam 14 hari""}, {""feature"": ""gap_modern"", ""shap"": 0.055329699063835225, ""value"": 0.2866673469543457, ""text"": ""Harga pasar modern 33,2% lebih mahal dari pasar tradisional""}]"
2026-10-07,com_9,21,0.003839430255105169,0,0.005139057,0.005125897,Daging Sapi Kualitas 2,Daging Sapi,Kalimantan Selatan,-3.3186,114.5944,Rendah,"Provinsi ""pemimpin"" (biasanya naik duluan) berubah rata-rata +1,0% dalam 14 hari | Harga +3,7 SD dari rata-rata 30 hari terakhir | Harga di provinsi tetangga berubah rata-rata +0,6% dalam 14 hari","[{""feature"": ""lead_ret_14_mean"", ""shap"": 0.4576526525406634, ""value"": 0.009479312226176262, ""text"": ""Provinsi \""pemimpin\"" (biasanya naik duluan) berubah rata-rata +1,0% dalam 14 hari""}, {""feature"": ""z_30"", ""shap"": 0.09109955833016137, ""value"": 3.6787679195404053, ""text"": ""Harga +3,7 SD dari rata-rata 30 hari terakhir""}, {""feature"": ""nbr_ret_14_mean"", ""shap"": 0.03850135000110554, ""value"": 0.00600616866722703, ""text"": ""Harga di provinsi tetangga berubah rata-rata +0,6% dalam 14 hari""}]"
2026-10-07,com_9,22,0.0020607297007983567,0,0.0,0.0,Daging Sapi Kualitas 2,Daging Sapi,Kalimantan Tengah,-2.2161,113.9135,Rendah,"Harga konsumen 0,4% di atas harga pedagang besar | Harga di provinsi tetangga berubah rata-rata +0,8% dalam 14 hari | Salah satu provinsi tetangga berubah +0,5% dalam 7 hari","[{""feature"": ""margin_cons_whole"", ""shap"": 0.08755162125689098, ""value"": 0.004184780176728964, ""text"": ""Harga konsumen 0,4% di atas harga pedagang besar""}, {""feature"": ""nbr_ret_14_mean"", ""shap"": 0.05031674600611162, ""value"": 0.007714801002293825, ""text"": ""Harga di provinsi tetangga berubah rata-rata +0,8% dalam 14 hari""}, {""feature"": ""nbr_ret_7_max"", ""shap"": 0.039495983967805, ""value"": 0.005125897005200386, ""text"": ""Salah satu provinsi tetangga berubah +0,5% dalam 7 hari""}]"
2026-10-07,com_9,23,0.0015028748250053093,0,0.0,-0.0150378775,Daging Sapi Kualitas 2,Daging Sapi,Kalimantan Timur,-0.5022,117.1536,Rendah,"Harga di provinsi tetangga berubah rata-rata +0,6% dalam 14 hari | Harga sedang bergejolak: rata-rata ±0,6% per hari (14 hari terakhir) | Curah hujan 30 hari (30–60 hari lalu) -1,6 SD dari normal","[{""feature"": ""nbr_ret_14_mean"", ""shap"": 0.06324221657763153, ""value"": 0.006380910985171795, ""text"": ""Harga di provinsi tetangga berubah rata-rata +0,6% dalam 14 hari""}, {""feature"": ""vol_14"", ""shap"": 0.05329258411992976, ""value"": 0.005898340605199337, ""text"": ""Harga sedang bergejolak: rata-rata ±0,6% per hari (14 hari terakhir)""}, {""feature"": ""rain_30_anom_lag30"", ""shap"": 0.04569010176079705, ""value"": -1.6460604667663574, ""text"": ""Curah hujan 30 hari (30–60 hari lalu) -1,6 SD dari normal""}]"
2026-10-07,com_9,24,0.00877191708148536,0,0.0011248594,0.0,Daging Sapi Kualitas 2,Daging Sapi,Kalimantan Utara,2.8375,117.3653,Rendah,"Provinsi ""pemimpin"" (biasanya naik duluan) berubah rata-rata +1,4% dalam 14 hari | Harga 11,7% lebih murah dari provinsi tetangga (berpotensi menyusul naik) | Harga 6,9% di bawah rata-rata nasional (berpotensi menyusul naik)","[{""feature"": ""lead_ret_14_mean"", ""shap"": 0.6746157682770519, ""value"": 0.013607331551611423, ""text"": ""Provinsi \""pemimpin\"" (biasanya naik duluan) berubah rata-rata +1,4% dalam 14 hari""}, {""feature"": ""nbr_rel_price"", ""shap"": 0.2336181177731271, ""value"": -0.12397024780511856, ""text"": ""Harga 11,7% lebih murah dari provinsi tetangga (berpotensi menyusul naik)""}, {""feature"": ""rel_nat"", ""shap"": 0.13250529646420645, ""value"": -0.07188506424427032, ""text"": ""Harga 6,9% di bawah rata-rata nasional (berpotensi menyusul naik)""}]"
2026-10-07,com_9,25,0.0021198387827048104,0,0.0,0.0,Daging Sapi Kualitas 2,Daging Sapi,Gorontalo,0.5435,123.0568,Rendah,"Harga 7,1% di atas titik terendah 90 hari terakhir | Harga 6,3% di bawah puncak 90 hari terakhir | Sudah lebih dari 4 bulan setelah Idulfitri (pola musiman)","[{""feature"": ""dist_min_90"", ""shap"": 0.16516615632330509, ""value"": 0.06899286806583405, ""text"": ""Harga 7,1% di atas titik terendah 90 hari terakhir""}, {""feature"": ""dist_max_90"", ""shap"": 0.018776667645659578, ""value"": -0.06453852355480194, ""text"": ""Harga 6,3% di bawah puncak 90 hari terakhir""}, {""feature"": ""days_since_idulfitri"", ""shap"": 0.018583274425307862, ""value"": 120.0, ""text"": ""Sudah lebih dari 4 bulan setelah Idulfitri (pola musiman)""}]"
2026-10-07,com_9,26,0.0008363234614440127,0,0.0,0.0,Daging Sapi Kualitas 2,Daging Sapi,Sulawesi Selatan,-5.1477,119.4327,Rendah,"Harga di provinsi tetangga berubah rata-rata +0,6% dalam 14 hari | Harga 3,5% lebih murah dari provinsi tetangga (berpotensi menyusul naik) | Sudah lebih dari 4 bulan setelah Idulfitri (pola musiman)","[{""feature"": ""nbr_ret_14_mean"", ""shap"": 0.059836720633794756, ""value"": 0.00600616866722703, ""text"": ""Harga di provinsi tetangga berubah rata-rata +0,6% dalam 14 hari""}, {""feature"": ""nbr_rel_price"", ""shap"": 0.05676457324241515, ""value"": -0.03549379110336304, ""text"": ""Harga 3,5% lebih murah dari provinsi tetangga (berpotensi menyusul naik)""}, {""feature"": ""days_since_idulfitri"", ""shap"": 0.01973513040933891, ""value"": 120.0, ""text"": ""Sudah lebih dari 4 bulan setelah Idulfitri (pola musiman)""}]"
2026-10-07,com_9,27,0.0016325093390907079,0,0.0,0.0,Daging Sapi Kualitas 2,Daging Sapi,Sulawesi Tenggara,-3.9985,122.513,Rendah,"Harga pasar modern +24,8% dalam 7 hari terakhir | Harga 3,3% lebih murah dari provinsi tetangga (berpotensi menyusul naik) | Harga pasar modern 35,2% lebih mahal dari pasar tradisional","[{""feature"": ""ret_7_modern"", ""shap"": 0.11094491998521806, ""value"": 0.22193396091461182, ""text"": ""Harga pasar modern +24,8% dalam 7 hari terakhir""}, {""feature"": ""nbr_rel_price"", ""shap"": 0.08826236560637178, ""value"": -0.03306734189391136, ""text"": ""Harga 3,3% lebih murah dari provinsi tetangga (berpotensi menyusul naik)""}, {""feature"": ""gap_modern"", ""shap"": 0.07079327676473011, ""value"": 0.30158498883247375, ""text"": ""Harga pasar modern 35,2% lebih mahal dari pasar tradisional""}]"
2026-10-07,com_9,28,0.00188671508760593,0,0.0,0.0,Daging Sapi Kualitas 2,Daging Sapi,Sulawesi Tengah,-0.8917,119.8707,Rendah,"Harga di provinsi tetangga berubah rata-rata +0,6% dalam 14 hari | Sudah lebih dari 4 bulan setelah Idulfitri (pola musiman) | Curah hujan 30 hari (30–60 hari lalu) -1,3 SD dari normal","[{""feature"": ""nbr_ret_14_mean"", ""shap"": 0.03325880970748105, ""value"": 0.00600616866722703, ""text"": ""Harga di provinsi tetangga berubah rata-rata +0,6% dalam 14 hari""}, {""feature"": ""days_since_idulfitri"", ""shap"": 0.016891203467128225, ""value"": 120.0, ""text"": ""Sudah lebih dari 4 bulan setelah Idulfitri (pola musiman)""}, {""feature"": ""rain_30_anom_lag30"", ""shap"": 0.015008500805042629, ""value"": -1.3176658153533936, ""text"": ""Curah hujan 30 hari (30–60 hari lalu) -1,3 SD dari normal""}]"
2026-10-07,com_9,29,0.0016272687855692289,0,-0.008,0.0,Daging Sapi Kualitas 2,Daging Sapi,Sulawesi Utara,1.4748,124.8421,Rendah,"182 hari sejak lonjakan terakhir | Sudah lebih dari 4 bulan setelah Idulfitri (pola musiman) | Curah hujan 30 hari (30–60 hari lalu) -1,3 SD dari normal","[{""feature"": ""days_since_spike"", ""shap"": 0.2569480629015295, ""value"": 182.0, ""text"": ""182 hari sejak lonjakan terakhir""}, {""feature"": ""days_since_idulfitri"", ""shap"": 0.020406350495887467, ""value"": 120.0, ""text"": ""Sudah lebih dari 4 bulan setelah Idulfitri (pola musiman)""}, {""feature"": ""rain_30_anom_lag30"", ""shap"": 0.01565208612668509, ""value"": -1.2554948329925537, ""text"": ""Curah hujan 30 hari (30–60 hari lalu) -1,3 SD dari normal""}]"
2026-10-07,com_9,30,0.001564473061595988,0,0.018181818,0.0,Daging Sapi Kualitas 2,Daging Sapi,Sulawesi Barat,-2.6748,118.8885,Rendah,"Harga 6,7% lebih murah dari provinsi tetangga (berpotensi menyusul naik) | Harga +1,8% dalam 14 hari terakhir | Harga konsumen 0,0% di atas harga pedagang besar","[{""feature"": ""nbr_rel_price"", ""shap"": 0.12629952784987117, ""value"": -0.06981652230024338, ""text"": ""Harga 6,7% lebih murah dari provinsi tetangga (berpotensi menyusul naik)""}, {""feature"": ""ret_14"", ""shap"": 0.045756365925631544, ""value"": 0.018018504604697227, ""text"": ""Harga +1,8% dalam 14 hari terakhir""}, {""feature"": ""margin_cons_whole"", ""shap"": 0.04318825032585552, ""value"": 0.0, ""text"": ""Harga konsumen 0,0% di atas harga pedagang besar""}]"
2026-10-07,com_9,31,0.002200859626804949,0,0.0,0.0,Daging Sapi Kualitas 2,Daging Sapi,Maluku,-3.6954,128.1814,Rendah,"267 hari sejak lonjakan terakhir | Harga pasar modern 35,1% lebih mahal dari pasar tradisional | Harga 2,4% lebih murah dari provinsi tetangga (berpotensi menyusul naik)","[{""feature"": ""days_since_spike"", ""shap"": 0.1705078081689751, ""value"": 267.0, ""text"": ""267 hari sejak lonjakan terakhir""}, {""feature"": ""gap_modern"", ""shap"": 0.0645939011126183, ""value"": 0.30049437284469604, ""text"": ""Harga pasar modern 35,1% lebih mahal dari pasar tradisional""}, {""feature"": ""nbr_rel_price"", ""shap"": 0.04898762644320613, ""value"": -0.0241825170814991, ""text"": ""Harga 2,4% lebih murah dari provinsi tetangga (berpotensi menyusul naik)""}]"
2026-10-07,com_9,33,0.0015859741485890306,0,0.0022414345,0.0015987214,Daging Sapi Kualitas 2,Daging Sapi,Papua,-2.5337,140.7181,Rendah,"Harga +1,8 SD dari rata-rata 30 hari terakhir | Curah hujan 30 hari (30–60 hari lalu) -1,4 SD dari normal | Harga pasar modern 25,0% lebih mahal dari pasar tradisional","[{""feature"": ""z_30"", ""shap"": 0.10265274183970599, ""value"": 1.8298605680465698, ""text"": ""Harga +1,8 SD dari rata-rata 30 hari terakhir""}, {""feature"": ""rain_30_anom_lag30"", ""shap"": 0.04676350402064166, ""value"": -1.376806616783142, ""text"": ""Curah hujan 30 hari (30–60 hari lalu) -1,4 SD dari normal""}, {""feature"": ""gap_modern"", ""shap"": 0.04059865103073987, ""value"": 0.22276009619235992, ""text"": ""Harga pasar modern 25,0% lebih mahal dari pasar tradisional""}]"
2026-10-07,com_9,34,0.0037482924501298187,0,0.0,0.0,Daging Sapi Kualitas 2,Daging Sapi,Papua Barat,-0.8615,134.062,Rendah,"Harga 6,5% di atas titik terendah 90 hari terakhir | Harga +0,6 SD dari rata-rata 30 hari terakhir | Sudah lebih dari 4 bulan setelah Iduladha (pola musiman)","[{""feature"": ""dist_min_90"", ""shap"": 0.07454600462128075, ""value"": 0.0625203549861908, ""text"": ""Harga 6,5% di atas titik terendah 90 hari terakhir""}, {""feature"": ""z_30"", ""shap"": 0.043567837295691726, ""value"": 0.5928871035575867, ""text"": ""Harga +0,6 SD dari rata-rata 30 hari terakhir""}, {""feature"": ""days_since_iduladha"", ""shap"": 0.023036142409690315, ""value"": 120.0, ""text"": ""Sudah lebih dari 4 bulan setelah Iduladha (pola musiman)""}]"
2026-10-07,com_10,1,0.0019162795482242402,0,-0.010186757,-0.008539761,Telur Ayam Ras Segar,Telur Ayam,Aceh,5.5483,95.3238,Rendah,"Harga 9,4% di atas titik terendah 90 hari terakhir | 300 hari sejak lonjakan terakhir | Harga 4,5% di bawah rata-rata setahun terakhir","[{""feature"": ""dist_min_90"", ""shap"": 0.13942911944461592, ""value"": 0.08966576308012009, ""text"": ""Harga 9,4% di atas titik terendah 90 hari terakhir""}, {""feature"": ""days_since_spike"", ""shap"": 0.13023653623808032, ""value"": 300.0, ""text"": ""300 hari sejak lonjakan terakhir""}, {""feature"": ""rel_365"", ""shap"": 0.08378068922173317, ""value"": -0.045578837394714355, ""text"": ""Harga 4,5% di bawah rata-rata setahun terakhir""}]"
2026-10-07,com_10,2,0.0009450309142862676,0,-0.0016286644,-0.003257332,Telur Ayam Ras Segar,Telur Ayam,Sumatera Utara,3.5952,98.6722,Rendah,"297 hari sejak lonjakan terakhir | Harga 5,0% di bawah rata-rata setahun terakhir | Harga pasar modern 23,2% lebih mahal dari pasar tradisional","[{""feature"": ""days_since_spike"", ""shap"": 0.1563745514915175, ""value"": 297.0, ""text"": ""297 hari sejak lonjakan terakhir""}, {""feature"": ""rel_365"", ""shap"": 0.07911053108023391, ""value"": -0.0509866364300251, ""text"": ""Harga 5,0% di bawah rata-rata setahun terakhir""}, {""feature"": ""gap_modern"", ""shap"": 0.032881511026143236, ""value"": 0.20835281908512115, ""text"": ""Harga pasar modern 23,2% lebih mahal dari pasar tradisional""}]"
2026-10-07,com_10,3,0.001197644574622511,0,0.0,0.0,Telur Ayam Ras Segar,Telur Ayam,Sumatera Barat,-0.9471,100.4172,Rendah,"Harga produsen nasional +2,8% (14 hari) | Harga 2,4% lebih rendah dari tahun lalu | H-86 menuju Tahun Baru","[{""feature"": ""nat_ret_14_prod"", ""shap"": 0.06693170020308162, ""value"": 0.027560800313949585, ""text"": ""Harga produsen nasional +2,8% (14 hari)""}, {""feature"": ""ret_yoy"", ""shap"": 0.05321028187475127, ""value"": -0.024014875292778015, ""text"": ""Harga 2,4% lebih rendah dari tahun lalu""}, {""feature"": ""days_to_tahun_baru"", ""shap"": 0.04265068016554995, ""value"": 86.0, ""text"": ""H-86 menuju Tahun Baru""}]"
2026-10-07,com_10,4,0.0007802741729176878,0,-0.0099502485,-0.0016736406,Telur Ayam Ras Segar,Telur Ayam,Riau,0.5071,101.4478,Rendah,"Harga produsen nasional +2,8% (14 hari) | Harga 3,1% di bawah rata-rata setahun terakhir | Harga pasar modern 20,8% lebih mahal dari pasar tradisional","[{""feature"": ""nat_ret_14_prod"", ""shap"": 0.06088622560318602, ""value"": 0.027560800313949585, ""text"": ""Harga produsen nasional +2,8% (14 hari)""}, {""feature"": ""rel_365"", ""shap"": 0.060288317506069646, ""value"": -0.03132224082946777, ""text"": ""Harga 3,1% di bawah rata-rata setahun terakhir""}, {""feature"": ""gap_modern"", ""shap"": 0.014669445051080355, ""value"": 0.18872202932834625, ""text"": ""Harga pasar modern 20,8% lebih mahal dari pasar tradisional""}]"
2026-10-07,com_10,5,0.0010533879818506546,0,-0.0016806723,0.0,Telur Ayam Ras Segar,Telur Ayam,Kepulauan Riau,0.9186,104.4665,Rendah,"Harga 5,3% lebih rendah dari tahun lalu | H-86 menuju Tahun Baru | Curah hujan 30 hari (30–60 hari lalu) +5,0 SD dari normal","[{""feature"": ""ret_yoy"", ""shap"": 0.10898542943852359, ""value"": -0.0540672205388546, ""text"": ""Harga 5,3% lebih rendah dari tahun lalu""}, {""feature"": ""days_to_tahun_baru"", ""shap"": 0.043033761700929075, ""value"": 86.0, ""text"": ""H-86 menuju Tahun Baru""}, {""feature"": ""rain_30_anom_lag30"", ""shap"": 0.03493076685934225, ""value"": 5.0, ""text"": ""Curah hujan 30 hari (30–60 hari lalu) +5,0 SD dari normal""}]"
2026-10-07,com_10,6,0.0012443445997961215,0,0.0,0.0,Telur Ayam Ras Segar,Telur Ayam,Jambi,-1.6101,103.6131,Rendah,"Harga 13,9% lebih murah dari provinsi tetangga (berpotensi menyusul naik) | Harga 13,1% di bawah rata-rata nasional (berpotensi menyusul naik) | Harga 5,1% di atas titik terendah 90 hari terakhir","[{""feature"": ""nbr_rel_price"", ""shap"": 0.1461737625562121, ""value"": -0.14922389388084412, ""text"": ""Harga 13,9% lebih murah dari provinsi tetangga (berpotensi menyusul naik)""}, {""feature"": ""rel_nat"", ""shap"": 0.10841592170590919, ""value"": -0.14026542007923126, ""text"": ""Harga 13,1% di bawah rata-rata nasional (berpotensi menyusul naik)""}, {""feature"": ""dist_min_90"", ""shap"": 0.08562792396754836, ""value"": 0.04946606978774071, ""text"": ""Harga 5,1% di atas titik terendah 90 hari terakhir""}]"
2026-10-07,com_10,7,0.001262836512437925,0,0.0069444445,0.0,Telur Ayam Ras Segar,Telur Ayam,Bengkulu,-3.7928,102.2608,Rendah,"Harga pedagang besar +2,6% dalam 14 hari terakhir | Harga 5,1% di atas titik terendah 90 hari terakhir | Harga produsen nasional +2,8% (14 hari)","[{""feature"": ""ret_14_whole"", ""shap"": 0.11638541205062061, ""value"": 0.025667747482657433, ""text"": ""Harga pedagang besar +2,6% dalam 14 hari terakhir""}, {""feature"": ""dist_min_90"", ""shap"": 0.08079953250293027, ""value"": 0.04948005825281143, ""text"": ""Harga 5,1% di atas titik terendah 90 hari terakhir""}, {""feature"": ""nat_ret_14_prod"", ""shap"": 0.05179731967846349, ""value"": 0.027560800313949585, ""text"": ""Harga produsen nasional +2,8% (14 hari)""}]"
2026-10-07,com_10,8,0.001854396757643316,0,-0.008802817,0.0,Telur Ayam Ras Segar,Telur Ayam,Sumatera Selatan,-2.9761,104.7754,Rendah,"Harga pedagang besar +2,0% dalam 7 hari terakhir | Harga 3,0% di bawah rata-rata setahun terakhir | Harga produsen nasional +2,8% (14 hari)","[{""feature"": ""ret_7_whole"", ""shap"": 0.12188995232887849, ""value"": 0.02000066637992859, ""text"": ""Harga pedagang besar +2,0% dalam 7 hari terakhir""}, {""feature"": ""rel_365"", ""shap"": 0.04463183441437793, ""value"": -0.030246732756495476, ""text"": ""Harga 3,0% di bawah rata-rata setahun terakhir""}, {""feature"": ""nat_ret_14_prod"", ""shap"": 0.04300566742968442, ""value"": 0.027560800313949585, ""text"": ""Harga produsen nasional +2,8% (14 hari)""}]"
2026-10-07,com_10,9,0.0006232380512537418,0,0.0,0.0,Telur Ayam Ras Segar,Telur Ayam,Kepulauan Bangka Belitung,-2.1316,106.1169,Rendah,"Harga produsen nasional +2,8% (14 hari) | Harga pedagang besar 8,2% di atas harga produsen | Tahun lalu pada periode ini harga +2,7% dalam 14 hari (pola musiman)","[{""feature"": ""nat_ret_14_prod"", ""shap"": 0.09325076643410196, ""value"": 0.027560800313949585, ""text"": ""Harga produsen nasional +2,8% (14 hari)""}, {""feature"": ""margin_whole_prod"", ""shap"": 0.017427352248445546, ""value"": 0.07855276763439178, ""text"": ""Harga pedagang besar 8,2% di atas harga produsen""}, {""feature"": ""seas_ret_14_ly"", ""shap"": 0.016821800418767303, ""value"": 0.02698814496397972, ""text"": ""Tahun lalu pada periode ini harga +2,7% dalam 14 hari (pola musiman)""}]"
2026-10-07,com_10,10,0.001398250247143312,0,-0.011494253,-0.011560823,Telur Ayam Ras Segar,Telur Ayam,Lampung,-5.3971,105.2668,Rendah,"Harga 6,4% di atas titik terendah 90 hari terakhir | Harga 13,4% di bawah rata-rata nasional (berpotensi menyusul naik) | Harga 10,3% lebih rendah dari tahun lalu","[{""feature"": ""dist_min_90"", ""shap"": 0.15284492212281223, ""value"": 0.06195787340402603, ""text"": ""Harga 6,4% di atas titik terendah 90 hari terakhir""}, {""feature"": ""rel_nat"", ""shap"": 0.14210625936418977, ""value"": -0.14413389563560486, ""text"": ""Harga 13,4% di bawah rata-rata nasional (berpotensi menyusul naik)""}, {""feature"": ""ret_yoy"", ""shap"": 0.1359522395742671, ""value"": -0.1082632765173912, ""text"": ""Harga 10,3% lebih rendah dari tahun lalu""}]"
2026-10-07,com_10,11,0.0053033686189311174,0,-0.005628518,-0.005644418,Telur Ayam Ras Segar,Telur Ayam,Banten,-6.1104,106.164,Rendah,"Harga 11,1% di bawah rata-rata nasional (berpotensi menyusul naik) | Harga 11,7% lebih rendah dari tahun lalu | Harga 8,8% di atas titik terendah 90 hari terakhir","[{""feature"": ""rel_nat"", ""shap"": 0.21286368690146495, ""value"": -0.11736366152763367, ""text"": ""Harga 11,1% di bawah rata-rata nasional (berpotensi menyusul naik)""}, {""feature"": ""ret_yoy"", ""shap"": 0.1712509614260772, ""value"": -0.12405265122652054, ""text"": ""Harga 11,7% lebih rendah dari tahun lalu""}, {""feature"": ""dist_min_90"", ""shap"": 0.1647124688635441, ""value"": 0.0846128836274147, ""text"": ""Harga 8,8% di atas titik terendah 90 hari terakhir""}]"
2026-10-07,com_10,12,0.00318629927642147,0,-0.04275093,-0.015414563,Telur Ayam Ras Segar,Telur Ayam,Jawa Barat,-6.9175,107.6191,Rendah,"Harga 13,6% di bawah rata-rata nasional (berpotensi menyusul naik) | Harga 9,2% di bawah rata-rata setahun terakhir | Harga 14,0% lebih rendah dari tahun lalu","[{""feature"": ""rel_nat"", ""shap"": 0.192688357903524, ""value"": -0.14607377350330353, ""text"": ""Harga 13,6% di bawah rata-rata nasional (berpotensi menyusul naik)""}, {""feature"": ""rel_365"", ""shap"": 0.18964182047546754, ""value"": -0.0969085842370987, ""text"": ""Harga 9,2% di bawah rata-rata setahun terakhir""}, {""feature"": ""ret_yoy"", ""shap"": 0.18294945618668856, ""value"": -0.1510947048664093, ""text"": ""Harga 14,0% lebih rendah dari tahun lalu""}]"
2026-10-07,com_10,13,0.016898756323390676,0,-0.042592593,-0.019157674,Telur Ayam Ras Segar,Telur Ayam,DKI Jakarta,-6.2088,106.8456,Rendah,"Harga 10,4% di bawah rata-rata setahun terakhir | Harga 13,3% di bawah rata-rata nasional (berpotensi menyusul naik) | Harga 14,3% lebih rendah dari tahun lalu","[{""feature"": ""rel_365"", ""shap"": 0.2993143044493966, ""value"": -0.110214464366436, ""text"": ""Harga 10,4% di bawah rata-rata setahun terakhir""}, {""feature"": ""rel_nat"", ""shap"": 0.2900831431168093, ""value"": -0.14219778776168823, ""text"": ""Harga 13,3% di bawah rata-rata nasional (berpotensi menyusul naik)""}, {""feature"": ""ret_yoy"", ""shap"": 0.24837978634849356, ""value"": -0.15387432277202606, ""text"": ""Harga 14,3% lebih rendah dari tahun lalu""}]"
2026-10-07,com_10,14,0.003657617695060572,0,-0.03515625,-0.018054653,Telur Ayam Ras Segar,Telur Ayam,Jawa Tengah,-6.9667,110.4167,Rendah,"Harga 17,1% di bawah rata-rata nasional (berpotensi menyusul naik) | Harga 8,8% di bawah rata-rata setahun terakhir | Harga 13,8% lebih rendah dari tahun lalu","[{""feature"": ""rel_nat"", ""shap"": 0.2666599214285116, ""value"": -0.1877051442861557, ""text"": ""Harga 17,1% di bawah rata-rata nasional (berpotensi menyusul naik)""}, {""feature"": ""rel_365"", ""shap"": 0.19332230141867535, ""value"": -0.09204889088869095, ""text"": ""Harga 8,8% di bawah rata-rata setahun terakhir""}, {""feature"": ""ret_yoy"", ""shap"": 0.1558997089389375, ""value"": -0.14835019409656525, ""text"": ""Harga 13,8% lebih rendah dari tahun lalu""}]"
2026-10-07,com_10,15,0.005506948478008564,0,-0.009746589,-0.019493794,Telur Ayam Ras Segar,Telur Ayam,DI Yogyakarta,-7.7956,110.3695,Rendah,"Harga 14,8% di bawah rata-rata nasional (berpotensi menyusul naik) | Harga 8,3% di bawah rata-rata setahun terakhir | Harga sedang bergejolak: rata-rata ±0,6% per hari (14 hari terakhir)","[{""feature"": ""rel_nat"", ""shap"": 0.3057494525875754, ""value"": -0.15975922346115112, ""text"": ""Harga 14,8% di bawah rata-rata nasional (berpotensi menyusul naik)""}, {""feature"": ""rel_365"", ""shap"": 0.16039986157705596, ""value"": -0.08666685968637466, ""text"": ""Harga 8,3% di bawah rata-rata setahun terakhir""}, {""feature"": ""vol_14"", ""shap"": 0.1447389144930003, ""value"": 0.0059950887225568295, ""text"": ""Harga sedang bergejolak: rata-rata ±0,6% per hari (14 hari terakhir)""}]"
2026-10-07,com_10,16,0.002995002740366235,0,-0.01996008,-0.010131799,Telur Ayam Ras Segar,Telur Ayam,Jawa Timur,-7.2575,112.7521,Rendah,"Harga 17,6% di bawah rata-rata nasional (berpotensi menyusul naik) | Harga 15,6% lebih rendah dari tahun lalu | Harga 9,4% di bawah rata-rata setahun terakhir","[{""feature"": ""rel_nat"", ""shap"": 0.25666361999096887, ""value"": -0.1937965452671051, ""text"": ""Harga 17,6% di bawah rata-rata nasional (berpotensi menyusul naik)""}, {""feature"": ""ret_yoy"", ""shap"": 0.1999232769886403, ""value"": -0.17002631723880768, ""text"": ""Harga 15,6% lebih rendah dari tahun lalu""}, {""feature"": ""rel_365"", ""shap"": 0.18072571557683956, ""value"": -0.098635233938694, ""text"": ""Harga 9,4% di bawah rata-rata setahun terakhir""}]"
2026-10-07,com_10,17,0.0009893270867044814,0,0.0,0.0,Telur Ayam Ras Segar,Telur Ayam,Bali,-8.6705,115.2126,Rendah,"Harga produsen nasional +2,8% (14 hari) | Harga 2,7% lebih rendah dari tahun lalu | H-86 menuju Tahun Baru","[{""feature"": ""nat_ret_14_prod"", ""shap"": 0.07729640296605489, ""value"": 0.027560800313949585, ""text"": ""Harga produsen nasional +2,8% (14 hari)""}, {""feature"": ""ret_yoy"", ""shap"": 0.06606390870616291, ""value"": -0.027074411511421204, ""text"": ""Harga 2,7% lebih rendah dari tahun lalu""}, {""feature"": ""days_to_tahun_baru"", ""shap"": 0.04212852699076699, ""value"": 86.0, ""text"": ""H-86 menuju Tahun Baru""}]"
2026-10-07,com_10,18,0.0018813961097523184,0,-0.017152658,0.003496507,Telur Ayam Ras Segar,Telur Ayam,Nusa Tenggara Barat,-8.5833,116.1167,Rendah,"Harga 3,7% lebih rendah dari tahun lalu | Harga sedang bergejolak: rata-rata ±0,6% per hari (14 hari terakhir) | Harga produsen nasional +2,8% (14 hari)","[{""feature"": ""ret_yoy"", ""shap"": 0.10497960462219275, ""value"": -0.03767568990588188, ""text"": ""Harga 3,7% lebih rendah dari tahun lalu""}, {""feature"": ""vol_14"", ""shap"": 0.07179478307056682, ""value"": 0.005706945434212685, ""text"": ""Harga sedang bergejolak: rata-rata ±0,6% per hari (14 hari terakhir)""}, {""feature"": ""nat_ret_14_prod"", ""shap"": 0.06612164682830624, ""value"": 0.027560800313949585, ""text"": ""Harga produsen nasional +2,8% (14 hari)""}]"
2026-10-07,com_10,19,0.0013924612361393938,0,-0.004754358,0.0047885166,Telur Ayam Ras Segar,Telur Ayam,Nusa Tenggara Timur,-10.1772,123.607,Rendah,"Harga 5,3% di bawah rata-rata setahun terakhir | Harga produsen nasional +2,8% (14 hari) | Harga 2,5% lebih rendah dari tahun lalu","[{""feature"": ""rel_365"", ""shap"": 0.05862358337108346, ""value"": -0.05492426082491875, ""text"": ""Harga 5,3% di bawah rata-rata setahun terakhir""}, {""feature"": ""nat_ret_14_prod"", ""shap"": 0.050113203423004606, ""value"": 0.027560800313949585, ""text"": ""Harga produsen nasional +2,8% (14 hari)""}, {""feature"": ""ret_yoy"", ""shap"": 0.047756168318666685, ""value"": -0.025158559903502464, ""text"": ""Harga 2,5% lebih rendah dari tahun lalu""}]"
2026-10-07,com_10,20,0.0018071798603830104,0,-0.017741935,-0.0049140146,Telur Ayam Ras Segar,Telur Ayam,Kalimantan Barat,-0.0263,109.3425,Rendah,"Harga 6,4% di bawah rata-rata setahun terakhir | Harga 4,1% lebih murah dari provinsi tetangga (berpotensi menyusul naik) | Harga 4,2% lebih rendah dari tahun lalu","[{""feature"": ""rel_365"", ""shap"": 0.109198076617402, ""value"": -0.06656491756439209, ""text"": ""Harga 6,4% di bawah rata-rata setahun terakhir""}, {""feature"": ""nbr_rel_price"", ""shap"": 0.10830357089579672, ""value"": -0.04220162704586983, ""text"": ""Harga 4,1% lebih murah dari provinsi tetangga (berpotensi menyusul naik)""}, {""feature"": ""ret_yoy"", ""shap"": 0.10013938288843126, ""value"": -0.04338029399514198, ""text"": ""Harga 4,2% lebih rendah dari tahun lalu""}]"
2026-10-07,com_10,21,0.002280125134672631,0,0.0,0.0,Telur Ayam Ras Segar,Telur Ayam,Kalimantan Selatan,-3.3186,114.5944,Rendah,"Harga 7,1% di atas titik terendah 90 hari terakhir | Harga 6,5% lebih rendah dari tahun lalu | Harga 2,8% lebih murah dari provinsi tetangga (berpotensi menyusul naik)","[{""feature"": ""dist_min_90"", ""shap"": 0.13547803133981492, ""value"": 0.06814863532781601, ""text"": ""Harga 7,1% di atas titik terendah 90 hari terakhir""}, {""feature"": ""ret_yoy"", ""shap"": 0.09594413185622162, ""value"": -0.06696378439664841, ""text"": ""Harga 6,5% lebih rendah dari tahun lalu""}, {""feature"": ""nbr_rel_price"", ""shap"": 0.05153645679408565, ""value"": -0.028382910415530205, ""text"": ""Harga 2,8% lebih murah dari provinsi tetangga (berpotensi menyusul naik)""}]"
2026-10-07,com_10,22,0.0025863802865142135,0,-0.018181818,-0.018349139,Telur Ayam Ras Segar,Telur Ayam,Kalimantan Tengah,-2.2161,113.9135,Rendah,"Harga 8,0% di atas titik terendah 90 hari terakhir | Harga 3,6% lebih rendah dari tahun lalu | Harga pedagang besar +0,6% dalam 14 hari terakhir","[{""feature"": ""dist_min_90"", ""shap"": 0.19779870159810017, ""value"": 0.07696104049682617, ""text"": ""Harga 8,0% di atas titik terendah 90 hari terakhir""}, {""feature"": ""ret_yoy"", ""shap"": 0.09627687209190067, ""value"": -0.036367643624544144, ""text"": ""Harga 3,6% lebih rendah dari tahun lalu""}, {""feature"": ""ret_14_whole"", ""shap"": 0.04310515980687323, ""value"": 0.005612737033516169, ""text"": ""Harga pedagang besar +0,6% dalam 14 hari terakhir""}]"
2026-10-07,com_10,23,0.006423777456758438,0,0.0016750419,-0.0584582,Telur Ayam Ras Segar,Telur Ayam,Kalimantan Timur,-0.5022,117.1536,Rendah,"Harga sedang bergejolak: rata-rata ±2,4% per hari (14 hari terakhir) | Harga 5,2% lebih rendah dari tahun lalu | Harga pedagang besar +2,4% dalam 14 hari terakhir","[{""feature"": ""vol_14"", ""shap"": 0.7147895842631533, ""value"": 0.023925388231873512, ""text"": ""Harga sedang bergejolak: rata-rata ±2,4% per hari (14 hari terakhir)""}, {""feature"": ""ret_yoy"", ""shap"": 0.09570290860210352, ""value"": -0.05371510982513428, ""text"": ""Harga 5,2% lebih rendah dari tahun lalu""}, {""feature"": ""ret_14_whole"", ""shap"": 0.05668484526465356, ""value"": 0.023277685046195984, ""text"": ""Harga pedagang besar +2,4% dalam 14 hari terakhir""}]"
2026-10-07,com_10,24,0.0024745353077388907,0,0.006688963,0.0033277902,Telur Ayam Ras Segar,Telur Ayam,Kalimantan Utara,2.8375,117.3653,Rendah,"Harga 6,9% di atas titik terendah 90 hari terakhir | Harga 10,4% lebih rendah dari tahun lalu | Harga pedagang besar +0,9% dalam 14 hari terakhir","[{""feature"": ""dist_min_90"", ""shap"": 0.14704441479419947, ""value"": 0.06697781383991241, ""text"": ""Harga 6,9% di atas titik terendah 90 hari terakhir""}, {""feature"": ""ret_yoy"", ""shap"": 0.09081955371869697, ""value"": -0.11000089347362518, ""text"": ""Harga 10,4% lebih rendah dari tahun lalu""}, {""feature"": ""ret_14_whole"", ""shap"": 0.08599992761094032, ""value"": 0.008968669921159744, ""text"": ""Harga pedagang besar +0,9% dalam 14 hari terakhir""}]"
2026-10-07,com_10,25,0.002544123543574233,0,0.0,0.0,Telur Ayam Ras Segar,Telur Ayam,Gorontalo,0.5435,123.0568,Rendah,"311 hari sejak lonjakan terakhir | Harga 5,6% di bawah rata-rata setahun terakhir | Salah satu provinsi tetangga berubah +1,3% dalam 7 hari","[{""feature"": ""days_since_spike"", ""shap"": 0.1184392094381649, ""value"": 311.0, ""text"": ""311 hari sejak lonjakan terakhir""}, {""feature"": ""rel_365"", ""shap"": 0.08844545733083782, ""value"": -0.05751585587859154, ""text"": ""Harga 5,6% di bawah rata-rata setahun terakhir""}, {""feature"": ""nbr_ret_7_max"", ""shap"": 0.06124868450843028, ""value"": 0.013158084824681282, ""text"": ""Salah satu provinsi tetangga berubah +1,3% dalam 7 hari""}]"
2026-10-07,com_10,26,0.0033423598501078427,0,-0.023210831,-0.009852297,Telur Ayam Ras Segar,Telur Ayam,Sulawesi Selatan,-5.1477,119.4327,Rendah,"Harga 15,3% di bawah rata-rata nasional (berpotensi menyusul naik) | Harga 9,5% di atas titik terendah 90 hari terakhir | Harga 15,2% lebih murah dari provinsi tetangga (berpotensi menyusul naik)","[{""feature"": ""rel_nat"", ""shap"": 0.24657400744627944, ""value"": -0.16568224132061005, ""text"": ""Harga 15,3% di bawah rata-rata nasional (berpotensi menyusul naik)""}, {""feature"": ""dist_min_90"", ""shap"": 0.18486385621211684, ""value"": 0.09116038680076599, ""text"": ""Harga 9,5% di atas titik terendah 90 hari terakhir""}, {""feature"": ""nbr_rel_price"", ""shap"": 0.14878430812592275, ""value"": -0.1649344116449356, ""text"": ""Harga 15,2% lebih murah dari provinsi tetangga (berpotensi menyusul naik)""}]"
2026-10-07,com_10,27,0.0030001551166109796,0,-0.021452146,-0.0033670065,Telur Ayam Ras Segar,Telur Ayam,Sulawesi Tenggara,-3.9985,122.513,Rendah,"Harga 8,4% di atas titik terendah 90 hari terakhir | Harga 5,5% di bawah rata-rata setahun terakhir | Harga pedagang besar +7,8% dalam 14 hari terakhir","[{""feature"": ""dist_min_90"", ""shap"": 0.18613943307479938, ""value"": 0.08074560016393661, ""text"": ""Harga 8,4% di atas titik terendah 90 hari terakhir""}, {""feature"": ""rel_365"", ""shap"": 0.10268800560866467, ""value"": -0.05611136183142662, ""text"": ""Harga 5,5% di bawah rata-rata setahun terakhir""}, {""feature"": ""ret_14_whole"", ""shap"": 0.09979805067182905, ""value"": 0.07550755143165588, ""text"": ""Harga pedagang besar +7,8% dalam 14 hari terakhir""}]"
2026-10-07,com_10,28,0.0032069133137070205,0,-0.0032626428,-0.0032679767,Telur Ayam Ras Segar,Telur Ayam,Sulawesi Tengah,-0.8917,119.8707,Rendah,"Harga 3,8% lebih rendah dari tahun lalu | Harga 5,7% di atas titik terendah 90 hari terakhir | Harga 4,3% di bawah rata-rata setahun terakhir","[{""feature"": ""ret_yoy"", ""shap"": 0.10669424383886424, ""value"": -0.038528040051460266, ""text"": ""Harga 3,8% lebih rendah dari tahun lalu""}, {""feature"": ""dist_min_90"", ""shap"": 0.09931949978551027, ""value"": 0.055523090064525604, ""text"": ""Harga 5,7% di atas titik terendah 90 hari terakhir""}, {""feature"": ""rel_365"", ""shap"": 0.08601434840755798, ""value"": -0.04433504119515419, ""text"": ""Harga 4,3% di bawah rata-rata setahun terakhir""}]"
2026-10-07,com_10,29,0.006053801050356903,0,0.013245033,0.013158085,Telur Ayam Ras Segar,Telur Ayam,Sulawesi Utara,1.4748,124.8421,Rendah,"Harga +1,3% dalam 1 hari terakhir | Harga 12,4% lebih murah dari provinsi tetangga (berpotensi menyusul naik) | Harga 5,7% di atas titik terendah 90 hari terakhir","[{""feature"": ""ret_1"", ""shap"": 0.2120678966426884, ""value"": 0.013158084824681282, ""text"": ""Harga +1,3% dalam 1 hari terakhir""}, {""feature"": ""nbr_rel_price"", ""shap"": 0.15155395053960138, ""value"": -0.13215886056423187, ""text"": ""Harga 12,4% lebih murah dari provinsi tetangga (berpotensi menyusul naik)""}, {""feature"": ""dist_min_90"", ""shap"": 0.10563161389828747, ""value"": 0.05542980507016182, ""text"": ""Harga 5,7% di atas titik terendah 90 hari terakhir""}]"
2026-10-07,com_10,30,0.0010110758152588075,0,-0.005119454,-0.0051326035,Telur Ayam Ras Segar,Telur Ayam,Sulawesi Barat,-2.6748,118.8885,Rendah,"Harga 14,5% di atas titik terendah 90 hari terakhir | Harga produsen nasional +2,8% (14 hari) | H-79 menuju Natal","[{""feature"": ""dist_min_90"", ""shap"": 0.1464925921923527, ""value"": 0.13573916256427765, ""text"": ""Harga 14,5% di atas titik terendah 90 hari terakhir""}, {""feature"": ""nat_ret_14_prod"", ""shap"": 0.05110325556755863, ""value"": 0.027560800313949585, ""text"": ""Harga produsen nasional +2,8% (14 hari)""}, {""feature"": ""days_to_natal"", ""shap"": 0.013645629307520472, ""value"": 79.0, ""text"": ""H-79 menuju Natal""}]"
2026-10-07,com_10,31,0.0016242825593320966,0,-0.011235955,0.0,Telur Ayam Ras Segar,Telur Ayam,Maluku,-3.6954,128.1814,Rendah,"192 hari sejak lonjakan terakhir | Harga pedagang besar +2,3% dalam 14 hari terakhir | Harga 3,7% di bawah rata-rata setahun terakhir","[{""feature"": ""days_since_spike"", ""shap"": 0.1581446102972157, ""value"": 192.0, ""text"": ""192 hari sejak lonjakan terakhir""}, {""feature"": ""ret_14_whole"", ""shap"": 0.09646201241359936, ""value"": 0.0223185233771801, ""text"": ""Harga pedagang besar +2,3% dalam 14 hari terakhir""}, {""feature"": ""rel_365"", ""shap"": 0.06409531173274055, ""value"": -0.038186050951480865, ""text"": ""Harga 3,7% di bawah rata-rata setahun terakhir""}]"
2026-10-07,com_10,32,0.0013813312887238373,0,0.0,0.0,Telur Ayam Ras Segar,Telur Ayam,Maluku Utara,0.7893,127.3842,Rendah,"Provinsi ""pemimpin"" (biasanya naik duluan) berubah rata-rata +0,6% dalam 7 hari | Harga 6,5% di bawah puncak 90 hari terakhir | Salah satu provinsi tetangga berubah +1,3% dalam 7 hari","[{""feature"": ""lead_ret_7_mean"", ""shap"": 0.20368621783539706, ""value"": 0.005982200615108013, ""text"": ""Provinsi \""pemimpin\"" (biasanya naik duluan) berubah rata-rata +0,6% dalam 7 hari""}, {""feature"": ""dist_max_90"", ""shap"": 0.04869760554822815, ""value"": -0.06680867075920105, ""text"": ""Harga 6,5% di bawah puncak 90 hari terakhir""}, {""feature"": ""nbr_ret_7_max"", ""shap"": 0.03613078513613577, ""value"": 0.013158084824681282, ""text"": ""Salah satu provinsi tetangga berubah +1,3% dalam 7 hari""}]"
2026-10-07,com_10,33,0.0015440273788528652,0,0.0053050397,0.0039656362,Telur Ayam Ras Segar,Telur Ayam,Papua,-2.5337,140.7181,Rendah,"Harga 2,9% lebih rendah dari tahun lalu | Curah hujan 30 hari (30–60 hari lalu) -1,4 SD dari normal | Harga 4,9% di bawah rata-rata setahun terakhir","[{""feature"": ""ret_yoy"", ""shap"": 0.09069260464137606, ""value"": -0.029891764745116234, ""text"": ""Harga 2,9% lebih rendah dari tahun lalu""}, {""feature"": ""rain_30_anom_lag30"", ""shap"": 0.04401196989399228, ""value"": -1.376806616783142, ""text"": ""Curah hujan 30 hari (30–60 hari lalu) -1,4 SD dari normal""}, {""feature"": ""rel_365"", ""shap"": 0.03938121603604737, ""value"": -0.05001293867826462, ""text"": ""Harga 4,9% di bawah rata-rata setahun terakhir""}]"
2026-10-07,com_10,34,0.004878551460989963,0,0.010204081,0.0028901754,Telur Ayam Ras Segar,Telur Ayam,Papua Barat,-0.8615,134.062,Rendah,"Harga 8,9% lebih murah dari provinsi tetangga (berpotensi menyusul naik) | Harga 5,4% di bawah rata-rata setahun terakhir | Harga pedagang besar +2,4% dalam 14 hari terakhir","[{""feature"": ""nbr_rel_price"", ""shap"": 0.21944507049176334, ""value"": -0.09325171262025833, ""text"": ""Harga 8,9% lebih murah dari provinsi tetangga (berpotensi menyusul naik)""}, {""feature"": ""rel_365"", ""shap"": 0.08016243007583962, ""value"": -0.05604012683033943, ""text"": ""Harga 5,4% di bawah rata-rata setahun terakhir""}, {""feature"": ""ret_14_whole"", ""shap"": 0.07975385655530205, ""value"": 0.02394368126988411, ""text"": ""Harga pedagang besar +2,4% dalam 14 hari terakhir""}]"
2026-10-07,com_11,1,0.023973803067492746,0,-0.087692305,-0.063695,Bawang Merah Ukuran Sedang,Bawang Merah,Aceh,5.5483,95.3238,Rendah,"Harga 23,5% di bawah rata-rata setahun terakhir | Harga 20,1% di bawah rata-rata nasional (berpotensi menyusul naik) | Harga sedang bergejolak: rata-rata ±0,9% per hari (30 hari terakhir)","[{""feature"": ""rel_365"", ""shap"": 0.3710735890935246, ""value"": -0.26733681559562683, ""text"": ""Harga 23,5% di bawah rata-rata setahun terakhir""}, {""feature"": ""rel_nat"", ""shap"": 0.26455361880265155, ""value"": -0.22415484488010406, ""text"": ""Harga 20,1% di bawah rata-rata nasional (berpotensi menyusul naik)""}, {""feature"": ""vol_30"", ""shap"": 0.2559659509184911, ""value"": 0.008583588525652885, ""text"": ""Harga sedang bergejolak: rata-rata ±0,9% per hari (30 hari terakhir)""}]"
2026-10-07,com_11,2,0.011212919599795302,0,-0.0015337423,0.0061633475,Bawang Merah Ukuran Sedang,Bawang Merah,Sumatera Utara,3.5952,98.6722,Rendah,"2 kali lonjakan dalam setahun terakhir | Harga 17,2% di bawah rata-rata setahun terakhir | 140 hari sejak lonjakan terakhir","[{""feature"": ""n_onsets_365"", ""shap"": 0.36005675454476516, ""value"": 2.0, ""text"": ""2 kali lonjakan dalam setahun terakhir""}, {""feature"": ""rel_365"", ""shap"": 0.27427554848957025, ""value"": -0.1883903443813324, ""text"": ""Harga 17,2% di bawah rata-rata setahun terakhir""}, {""feature"": ""days_since_spike"", ""shap"": 0.25075688238139404, ""value"": 140.0, ""text"": ""140 hari sejak lonjakan terakhir""}]"
2026-10-07,com_11,3,0.04607762252909837,0,-0.052969504,-0.02179466,Bawang Merah Ukuran Sedang,Bawang Merah,Sumatera Barat,-0.9471,100.4172,Rendah,"Harga sedang bergejolak: rata-rata ±0,9% per hari (30 hari terakhir) | Harga 19,2% di bawah rata-rata setahun terakhir | Harga 20,5% di bawah rata-rata nasional (berpotensi menyusul naik)","[{""feature"": ""vol_30"", ""shap"": 0.41415769182677215, ""value"": 0.008665600791573524, ""text"": ""Harga sedang bergejolak: rata-rata ±0,9% per hari (30 hari terakhir)""}, {""feature"": ""rel_365"", ""shap"": 0.380118581714606, ""value"": -0.2135986089706421, ""text"": ""Harga 19,2% di bawah rata-rata setahun terakhir""}, {""feature"": ""rel_nat"", ""shap"": 0.3127484148813115, ""value"": -0.2292267084121704, ""text"": ""Harga 20,5% di bawah rata-rata nasional (berpotensi menyusul naik)""}]"
2026-10-07,com_11,4,0.05193549043020567,0,-0.012678289,0.011299555,Bawang Merah Ukuran Sedang,Bawang Merah,Riau,0.5071,101.4478,Rendah,"Harga 16,4% di bawah rata-rata setahun terakhir | Harga 16,0% di bawah rata-rata nasional (berpotensi menyusul naik) | 297 hari sejak lonjakan terakhir","[{""feature"": ""rel_365"", ""shap"": 0.33726102441352857, ""value"": -0.17969734966754913, ""text"": ""Harga 16,4% di bawah rata-rata setahun terakhir""}, {""feature"": ""rel_nat"", ""shap"": 0.30974840660979097, ""value"": -0.1748027205467224, ""text"": ""Harga 16,0% di bawah rata-rata nasional (berpotensi menyusul naik)""}, {""feature"": ""days_since_spike"", ""shap"": 0.24031558643188508, ""value"": 297.0, ""text"": ""297 hari sejak lonjakan terakhir""}]"
2026-10-07,com_11,5,0.010277286685496132,0,0.0038510913,0.019367939,Bawang Merah Ukuran Sedang,Bawang Merah,Kepulauan Riau,0.9186,104.4665,Rendah,"3 kali lonjakan dalam setahun terakhir | Harga sedang bergejolak: rata-rata ±0,9% per hari (30 hari terakhir) | 127 hari sejak lonjakan terakhir","[{""feature"": ""n_onsets_365"", ""shap"": 0.28193382877905004, ""value"": 3.0, ""text"": ""3 kali lonjakan dalam setahun terakhir""}, {""feature"": ""vol_30"", ""shap"": 0.26949742014598593, ""value"": 0.008864332921802998, ""text"": ""Harga sedang bergejolak: rata-rata ±0,9% per hari (30 hari terakhir)""}, {""feature"": ""days_since_spike"", ""shap"": 0.23323095555093115, ""value"": 127.0, ""text"": ""127 hari sejak lonjakan terakhir""}]"
2026-10-07,com_11,6,0.10757538908892768,0,-0.029310346,-0.029748475,Bawang Merah Ukuran Sedang,Bawang Merah,Jambi,-1.6101,103.6131,Rendah,"Provinsi ""pemimpin"" (biasanya naik duluan) berubah rata-rata +1,5% dalam 14 hari | Harga 24,1% di bawah rata-rata nasional (berpotensi menyusul naik) | Harga 20,5% di bawah rata-rata setahun terakhir","[{""feature"": ""lead_ret_14_mean"", ""shap"": 0.4815095204698273, ""value"": 0.015169639140367508, ""text"": ""Provinsi \""pemimpin\"" (biasanya naik duluan) berubah rata-rata +1,5% dalam 14 hari""}, {""feature"": ""rel_nat"", ""shap"": 0.33173096190260404, ""value"": -0.27606961131095886, ""text"": ""Harga 24,1% di bawah rata-rata nasional (berpotensi menyusul naik)""}, {""feature"": ""rel_365"", ""shap"": 0.3028877072557925, ""value"": -0.22915245592594147, ""text"": ""Harga 20,5% di bawah rata-rata setahun terakhir""}]"
2026-10-07,com_11,7,0.016517547871734498,0,0.06896552,0.032789823,Bawang Merah Ukuran Sedang,Bawang Merah,Bengkulu,-3.7928,102.2608,Rendah,"Harga sedang bergejolak: rata-rata ±1,2% per hari (30 hari terakhir) | Provinsi ""pemimpin"" (biasanya naik duluan) berubah rata-rata +0,9% dalam 14 hari | Harga +3,3% dalam 7 hari terakhir","[{""feature"": ""vol_30"", ""shap"": 0.3925711503251499, ""value"": 0.012224585749208927, ""text"": ""Harga sedang bergejolak: rata-rata ±1,2% per hari (30 hari terakhir)""}, {""feature"": ""lead_ret_14_mean"", ""shap"": 0.21875365892433118, ""value"": 0.009251001290977001, ""text"": ""Provinsi \""pemimpin\"" (biasanya naik duluan) berubah rata-rata +0,9% dalam 14 hari""}, {""feature"": ""ret_7"", ""shap"": 0.2052000998995165, ""value"": 0.03278982266783714, ""text"": ""Harga +3,3% dalam 7 hari terakhir""}]"
2026-10-07,com_11,8,0.049824465048383206,0,-0.015267176,-0.015384919,Bawang Merah Ukuran Sedang,Bawang Merah,Sumatera Selatan,-2.9761,104.7754,Rendah,"Provinsi ""pemimpin"" (biasanya naik duluan) berubah rata-rata +1,5% dalam 14 hari | Harga 19,8% di bawah rata-rata setahun terakhir | Harga sedang bergejolak: rata-rata ±1,4% per hari (30 hari terakhir)","[{""feature"": ""lead_ret_14_mean"", ""shap"": 0.36242698774233567, ""value"": 0.015169639140367508, ""text"": ""Provinsi \""pemimpin\"" (biasanya naik duluan) berubah rata-rata +1,5% dalam 14 hari""}, {""feature"": ""rel_365"", ""shap"": 0.3575346562382214, ""value"": -0.2201489508152008, ""text"": ""Harga 19,8% di bawah rata-rata setahun terakhir""}, {""feature"": ""vol_30"", ""shap"": 0.34182195854921177, ""value"": 0.014428357593715191, ""text"": ""Harga sedang bergejolak: rata-rata ±1,4% per hari (30 hari terakhir)""}]"
2026-10-07,com_11,9,0.01719943952824579,0,0.0,-0.003939598,Bawang Merah Ukuran Sedang,Bawang Merah,Kepulauan Bangka Belitung,-2.1316,106.1169,Rendah,"Harga 20,4% di bawah rata-rata setahun terakhir | Provinsi ""pemimpin"" (biasanya naik duluan) berubah rata-rata +0,9% dalam 14 hari | 121 hari sejak lonjakan terakhir","[{""feature"": ""rel_365"", ""shap"": 0.36781677685124725, ""value"": -0.22855325043201447, ""text"": ""Harga 20,4% di bawah rata-rata setahun terakhir""}, {""feature"": ""lead_ret_14_mean"", ""shap"": 0.21354802843160534, ""value"": 0.009251001290977001, ""text"": ""Provinsi \""pemimpin\"" (biasanya naik duluan) berubah rata-rata +0,9% dalam 14 hari""}, {""feature"": ""days_since_spike"", ""shap"": 0.20411841656430707, ""value"": 121.0, ""text"": ""121 hari sejak lonjakan terakhir""}]"
2026-10-07,com_11,10,0.11197690293388218,0,0.051282052,0.028031513,Bawang Merah Ukuran Sedang,Bawang Merah,Lampung,-5.3971,105.2668,Waspada,"Provinsi ""pemimpin"" (biasanya naik duluan) berubah rata-rata +1,2% dalam 7 hari | Harga 18,6% di bawah rata-rata setahun terakhir | Harga 17,1% di bawah rata-rata nasional (berpotensi menyusul naik)","[{""feature"": ""lead_ret_7_mean"", ""shap"": 0.3083259143325949, ""value"": 0.011525970883667469, ""text"": ""Provinsi \""pemimpin\"" (biasanya naik duluan) berubah rata-rata +1,2% dalam 7 hari""}, {""feature"": ""rel_365"", ""shap"": 0.29632488075613117, ""value"": -0.20534247159957886, ""text"": ""Harga 18,6% di bawah rata-rata setahun terakhir""}, {""feature"": ""rel_nat"", ""shap"": 0.2797386517051039, ""value"": -0.1877269744873047, ""text"": ""Harga 17,1% di bawah rata-rata nasional (berpotensi menyusul naik)""}]"
2026-10-07,com_11,11,0.09639219041700887,0,0.024531025,0.0,Bawang Merah Ukuran Sedang,Bawang Merah,Banten,-6.1104,106.164,Rendah,"Harga 19,3% di bawah rata-rata setahun terakhir | 3 kali lonjakan dalam setahun terakhir | 150 hari sejak lonjakan terakhir","[{""feature"": ""rel_365"", ""shap"": 0.36172565716836613, ""value"": -0.21392323076725006, ""text"": ""Harga 19,3% di bawah rata-rata setahun terakhir""}, {""feature"": ""n_onsets_365"", ""shap"": 0.2972511179309916, ""value"": 3.0, ""text"": ""3 kali lonjakan dalam setahun terakhir""}, {""feature"": ""days_since_spike"", ""shap"": 0.23217438453371658, ""value"": 150.0, ""text"": ""150 hari sejak lonjakan terakhir""}]"
2026-10-07,com_11,12,0.12567793226041846,0,-0.0014684288,0.0118344575,Bawang Merah Ukuran Sedang,Bawang Merah,Jawa Barat,-6.9175,107.6191,Waspada,"Provinsi ""pemimpin"" (biasanya naik duluan) berubah rata-rata +3,2% dalam 14 hari | Harga 20,7% di bawah rata-rata setahun terakhir | Harga +0,7% dalam 1 hari terakhir","[{""feature"": ""lead_ret_14_mean"", ""shap"": 0.5337949285016704, ""value"": 0.031971294432878494, ""text"": ""Provinsi \""pemimpin\"" (biasanya naik duluan) berubah rata-rata +3,2% dalam 14 hari""}, {""feature"": ""rel_365"", ""shap"": 0.31595780866096396, ""value"": -0.23200158774852753, ""text"": ""Harga 20,7% di bawah rata-rata setahun terakhir""}, {""feature"": ""ret_1"", ""shap"": 0.2787830697555872, ""value"": 0.007380107417702675, ""text"": ""Harga +0,7% dalam 1 hari terakhir""}]"
2026-10-07,com_11,13,0.07475483966746863,0,0.023004059,0.022743456,Bawang Merah Ukuran Sedang,Bawang Merah,DKI Jakarta,-6.2088,106.8456,Rendah,"Harga 19,7% di bawah rata-rata setahun terakhir | 4 kali lonjakan dalam setahun terakhir | 122 hari sejak lonjakan terakhir","[{""feature"": ""rel_365"", ""shap"": 0.36454064109191253, ""value"": -0.21996010839939117, ""text"": ""Harga 19,7% di bawah rata-rata setahun terakhir""}, {""feature"": ""n_onsets_365"", ""shap"": 0.339218945884948, ""value"": 4.0, ""text"": ""4 kali lonjakan dalam setahun terakhir""}, {""feature"": ""days_since_spike"", ""shap"": 0.2323834359700655, ""value"": 122.0, ""text"": ""122 hari sejak lonjakan terakhir""}]"
2026-10-07,com_11,14,0.15955235394514772,0,0.005,0.0,Bawang Merah Ukuran Sedang,Bawang Merah,Jawa Tengah,-6.9667,110.4167,Waspada,"Provinsi ""pemimpin"" (biasanya naik duluan) berubah rata-rata +1,5% dalam 14 hari | Harga 24,2% di bawah rata-rata setahun terakhir | Harga 18,7% di bawah rata-rata nasional (berpotensi menyusul naik)","[{""feature"": ""lead_ret_14_mean"", ""shap"": 0.5166512127898675, ""value"": 0.015169639140367508, ""text"": ""Provinsi \""pemimpin\"" (biasanya naik duluan) berubah rata-rata +1,5% dalam 14 hari""}, {""feature"": ""rel_365"", ""shap"": 0.4246710965769077, ""value"": -0.27773037552833557, ""text"": ""Harga 24,2% di bawah rata-rata setahun terakhir""}, {""feature"": ""rel_nat"", ""shap"": 0.25891188795037706, ""value"": -0.20743204653263092, ""text"": ""Harga 18,7% di bawah rata-rata nasional (berpotensi menyusul naik)""}]"
2026-10-07,com_11,15,0.027979874813989173,0,0.0,0.0,Bawang Merah Ukuran Sedang,Bawang Merah,DI Yogyakarta,-7.7956,110.3695,Rendah,"Provinsi ""pemimpin"" (biasanya naik duluan) berubah rata-rata +0,9% dalam 14 hari | 2 kali lonjakan dalam setahun terakhir | 115 hari sejak lonjakan terakhir","[{""feature"": ""lead_ret_14_mean"", ""shap"": 0.3682066727317809, ""value"": 0.009251001290977001, ""text"": ""Provinsi \""pemimpin\"" (biasanya naik duluan) berubah rata-rata +0,9% dalam 14 hari""}, {""feature"": ""n_onsets_365"", ""shap"": 0.360097121650141, ""value"": 2.0, ""text"": ""2 kali lonjakan dalam setahun terakhir""}, {""feature"": ""days_since_spike"", ""shap"": 0.25494933309066564, ""value"": 115.0, ""text"": ""115 hari sejak lonjakan terakhir""}]"
2026-10-07,com_11,16,0.10157342065166637,0,0.012773722,-0.0053908485,Bawang Merah Ukuran Sedang,Bawang Merah,Jawa Timur,-7.2575,112.7521,Rendah,"Harga 28,2% di bawah rata-rata setahun terakhir | Harga 25,2% di bawah rata-rata nasional (berpotensi menyusul naik) | 2 kali lonjakan dalam setahun terakhir","[{""feature"": ""rel_365"", ""shap"": 0.5877274736323894, ""value"": -0.3308846354484558, ""text"": ""Harga 28,2% di bawah rata-rata setahun terakhir""}, {""feature"": ""rel_nat"", ""shap"": 0.2915159056895274, ""value"": -0.29038113355636597, ""text"": ""Harga 25,2% di bawah rata-rata nasional (berpotensi menyusul naik)""}, {""feature"": ""n_onsets_365"", ""shap"": 0.26994254426395986, ""value"": 2.0, ""text"": ""2 kali lonjakan dalam setahun terakhir""}]"
2026-10-07,com_11,17,0.13606876491905995,0,-0.027586207,-0.017575145,Bawang Merah Ukuran Sedang,Bawang Merah,Bali,-8.6705,115.2126,Waspada,"Provinsi ""pemimpin"" (biasanya naik duluan) berubah rata-rata +1,5% dalam 14 hari | Harga 25,7% di bawah rata-rata setahun terakhir | 4 kali lonjakan dalam setahun terakhir","[{""feature"": ""lead_ret_14_mean"", ""shap"": 0.48306186204766366, ""value"": 0.015169639140367508, ""text"": ""Provinsi \""pemimpin\"" (biasanya naik duluan) berubah rata-rata +1,5% dalam 14 hari""}, {""feature"": ""rel_365"", ""shap"": 0.43493940283862864, ""value"": -0.29761528968811035, ""text"": ""Harga 25,7% di bawah rata-rata setahun terakhir""}, {""feature"": ""n_onsets_365"", ""shap"": 0.36313273392553785, ""value"": 4.0, ""text"": ""4 kali lonjakan dalam setahun terakhir""}]"
2026-10-07,com_11,18,0.22599627904165526,0,-0.04140787,-0.021368334,Bawang Merah Ukuran Sedang,Bawang Merah,Nusa Tenggara Barat,-8.5833,116.1167,Tinggi,"Harga sedang bergejolak: rata-rata ±1,7% per hari (30 hari terakhir) | Harga 36,7% di bawah rata-rata setahun terakhir | Harga 37,6% di bawah rata-rata nasional (berpotensi menyusul naik)","[{""feature"": ""vol_30"", ""shap"": 0.5219745572961318, ""value"": 0.01718384213745594, ""text"": ""Harga sedang bergejolak: rata-rata ±1,7% per hari (30 hari terakhir)""}, {""feature"": ""rel_365"", ""shap"": 0.5084100810269875, ""value"": -0.45721518993377686, ""text"": ""Harga 36,7% di bawah rata-rata setahun terakhir""}, {""feature"": ""rel_nat"", ""shap"": 0.49924670617503886, ""value"": -0.47162219882011414, ""text"": ""Harga 37,6% di bawah rata-rata nasional (berpotensi menyusul naik)""}]"
2026-10-07,com_11,19,0.0069655289776799825,0,0.0,0.0,Bawang Merah Ukuran Sedang,Bawang Merah,Nusa Tenggara Timur,-10.1772,123.607,Rendah,"Harga 24,9% di bawah rata-rata setahun terakhir | Harga 27,0% di bawah puncak 90 hari terakhir | 282 hari sejak lonjakan terakhir","[{""feature"": ""rel_365"", ""shap"": 0.4392322049395576, ""value"": -0.28684183955192566, ""text"": ""Harga 24,9% di bawah rata-rata setahun terakhir""}, {""feature"": ""dist_max_90"", ""shap"": 0.22795627776173563, ""value"": -0.3148587644100189, ""text"": ""Harga 27,0% di bawah puncak 90 hari terakhir""}, {""feature"": ""days_since_spike"", ""shap"": 0.22103181784275197, ""value"": 282.0, ""text"": ""282 hari sejak lonjakan terakhir""}]"
2026-10-07,com_11,20,0.045421671507139556,0,-0.01891253,-0.022633485,Bawang Merah Ukuran Sedang,Bawang Merah,Kalimantan Barat,-0.0263,109.3425,Rendah,"6 kali lonjakan dalam setahun terakhir | Provinsi ""pemimpin"" (biasanya naik duluan) berubah rata-rata +1,7% dalam 14 hari | Tahun lalu pada periode ini harga +18,5% dalam 14 hari (pola musiman)","[{""feature"": ""n_onsets_365"", ""shap"": 0.3980190858404541, ""value"": 6.0, ""text"": ""6 kali lonjakan dalam setahun terakhir""}, {""feature"": ""lead_ret_14_mean"", ""shap"": 0.3465878907817581, ""value"": 0.017321988940238953, ""text"": ""Provinsi \""pemimpin\"" (biasanya naik duluan) berubah rata-rata +1,7% dalam 14 hari""}, {""feature"": ""seas_ret_14_ly"", ""shap"": 0.25839322544996773, ""value"": 0.16965486109256744, ""text"": ""Tahun lalu pada periode ini harga +18,5% dalam 14 hari (pola musiman)""}]"
2026-10-07,com_11,21,0.04242812552149401,0,-0.020833334,-0.010582109,Bawang Merah Ukuran Sedang,Bawang Merah,Kalimantan Selatan,-3.3186,114.5944,Rendah,"3 kali lonjakan dalam setahun terakhir | Harga 21,7% di bawah rata-rata setahun terakhir | 108 hari sejak lonjakan terakhir","[{""feature"": ""n_onsets_365"", ""shap"": 0.40610401393550916, ""value"": 3.0, ""text"": ""3 kali lonjakan dalam setahun terakhir""}, {""feature"": ""rel_365"", ""shap"": 0.34177778796663016, ""value"": -0.24427585303783417, ""text"": ""Harga 21,7% di bawah rata-rata setahun terakhir""}, {""feature"": ""days_since_spike"", ""shap"": 0.2534882331139289, ""value"": 108.0, ""text"": ""108 hari sejak lonjakan terakhir""}]"
2026-10-07,com_11,22,0.04937932540635584,0,-0.006666667,0.0,Bawang Merah Ukuran Sedang,Bawang Merah,Kalimantan Tengah,-2.2161,113.9135,Rendah,"3 kali lonjakan dalam setahun terakhir | Harga 16,4% di bawah rata-rata setahun terakhir | Harga sedang bergejolak: rata-rata ±0,8% per hari (30 hari terakhir)","[{""feature"": ""n_onsets_365"", ""shap"": 0.42175564969057716, ""value"": 3.0, ""text"": ""3 kali lonjakan dalam setahun terakhir""}, {""feature"": ""rel_365"", ""shap"": 0.3572978789994232, ""value"": -0.1794152706861496, ""text"": ""Harga 16,4% di bawah rata-rata setahun terakhir""}, {""feature"": ""vol_30"", ""shap"": 0.32003447416035063, ""value"": 0.007906398735940456, ""text"": ""Harga sedang bergejolak: rata-rata ±0,8% per hari (30 hari terakhir)""}]"
2026-10-07,com_11,23,0.05159818108945647,0,0.032967035,0.03656467,Bawang Merah Ukuran Sedang,Bawang Merah,Kalimantan Timur,-0.5022,117.1536,Rendah,"Harga +1,9% dalam 1 hari terakhir | Harga 18,2% di bawah rata-rata setahun terakhir | 114 hari sejak lonjakan terakhir","[{""feature"": ""ret_1"", ""shap"": 0.3121439093962199, ""value"": 0.018792498856782913, ""text"": ""Harga +1,9% dalam 1 hari terakhir""}, {""feature"": ""rel_365"", ""shap"": 0.3061026241396055, ""value"": -0.2011512964963913, ""text"": ""Harga 18,2% di bawah rata-rata setahun terakhir""}, {""feature"": ""days_since_spike"", ""shap"": 0.2754812403639804, ""value"": 114.0, ""text"": ""114 hari sejak lonjakan terakhir""}]"
2026-10-07,com_11,24,0.008296609333504219,0,-0.0261723,-0.0078081824,Bawang Merah Ukuran Sedang,Bawang Merah,Kalimantan Utara,2.8375,117.3653,Rendah,"2 kali lonjakan dalam setahun terakhir | 111 hari sejak lonjakan terakhir | Harga 10,1% di bawah rata-rata setahun terakhir","[{""feature"": ""n_onsets_365"", ""shap"": 0.28568238924891626, ""value"": 2.0, ""text"": ""2 kali lonjakan dalam setahun terakhir""}, {""feature"": ""days_since_spike"", ""shap"": 0.20420297989442024, ""value"": 111.0, ""text"": ""111 hari sejak lonjakan terakhir""}, {""feature"": ""rel_365"", ""shap"": 0.15478664771646714, ""value"": -0.10679741203784943, ""text"": ""Harga 10,1% di bawah rata-rata setahun terakhir""}]"
2026-10-07,com_11,25,0.03599626653342335,0,-0.025542784,-0.025874665,Bawang Merah Ukuran Sedang,Bawang Merah,Gorontalo,0.5435,123.0568,Rendah,"Harga 22,4% di bawah rata-rata setahun terakhir | Harga sedang bergejolak: rata-rata ±1,1% per hari (30 hari terakhir) | 4 kali lonjakan dalam setahun terakhir","[{""feature"": ""rel_365"", ""shap"": 0.43034089072178505, ""value"": -0.2537100613117218, ""text"": ""Harga 22,4% di bawah rata-rata setahun terakhir""}, {""feature"": ""vol_30"", ""shap"": 0.41965196401128974, ""value"": 0.010513707995414734, ""text"": ""Harga sedang bergejolak: rata-rata ±1,1% per hari (30 hari terakhir)""}, {""feature"": ""n_onsets_365"", ""shap"": 0.34329687518993174, ""value"": 4.0, ""text"": ""4 kali lonjakan dalam setahun terakhir""}]"
2026-10-07,com_11,26,0.016456398858676245,0,-0.007142857,0.0,Bawang Merah Ukuran Sedang,Bawang Merah,Sulawesi Selatan,-5.1477,119.4327,Rendah,"2 kali lonjakan dalam setahun terakhir | Harga 13,3% di bawah rata-rata setahun terakhir | 113 hari sejak lonjakan terakhir","[{""feature"": ""n_onsets_365"", ""shap"": 0.31876268785712775, ""value"": 2.0, ""text"": ""2 kali lonjakan dalam setahun terakhir""}, {""feature"": ""rel_365"", ""shap"": 0.2976266705949348, ""value"": -0.14226360619068146, ""text"": ""Harga 13,3% di bawah rata-rata setahun terakhir""}, {""feature"": ""days_since_spike"", ""shap"": 0.21975314770994303, ""value"": 113.0, ""text"": ""113 hari sejak lonjakan terakhir""}]"
2026-10-07,com_11,27,0.008508036094318109,0,-0.027809964,-0.028203985,Bawang Merah Ukuran Sedang,Bawang Merah,Sulawesi Tenggara,-3.9985,122.513,Rendah,"2 kali lonjakan dalam setahun terakhir | Harga 13,5% di bawah rata-rata setahun terakhir | 112 hari sejak lonjakan terakhir","[{""feature"": ""n_onsets_365"", ""shap"": 0.3497827106499194, ""value"": 2.0, ""text"": ""2 kali lonjakan dalam setahun terakhir""}, {""feature"": ""rel_365"", ""shap"": 0.26008204431501175, ""value"": -0.14517520368099213, ""text"": ""Harga 13,5% di bawah rata-rata setahun terakhir""}, {""feature"": ""days_since_spike"", ""shap"": 0.24241954817744615, ""value"": 112.0, ""text"": ""112 hari sejak lonjakan terakhir""}]"
2026-10-07,com_11,28,0.03658704194372116,0,-0.029940119,-0.030397477,Bawang Merah Ukuran Sedang,Bawang Merah,Sulawesi Tengah,-0.8917,119.8707,Rendah,"Harga 14,5% di bawah rata-rata setahun terakhir | 3 kali lonjakan dalam setahun terakhir | Harga sedang bergejolak: rata-rata ±0,9% per hari (30 hari terakhir)","[{""feature"": ""rel_365"", ""shap"": 0.39119622189291786, ""value"": -0.1567310243844986, ""text"": ""Harga 14,5% di bawah rata-rata setahun terakhir""}, {""feature"": ""n_onsets_365"", ""shap"": 0.3424814168865322, ""value"": 3.0, ""text"": ""3 kali lonjakan dalam setahun terakhir""}, {""feature"": ""vol_30"", ""shap"": 0.27901605222461734, ""value"": 0.008693302050232887, ""text"": ""Harga sedang bergejolak: rata-rata ±0,9% per hari (30 hari terakhir)""}]"
2026-10-07,com_11,29,0.07003101888535875,0,-0.07294118,-0.07573826,Bawang Merah Ukuran Sedang,Bawang Merah,Sulawesi Utara,1.4748,124.8421,Rendah,"Harga sedang bergejolak: rata-rata ±1,2% per hari (30 hari terakhir) | Harga 20,9% di bawah rata-rata setahun terakhir | Provinsi ""pemimpin"" (biasanya naik duluan) berubah rata-rata +1,0% dalam 7 hari","[{""feature"": ""vol_30"", ""shap"": 0.49656288444790236, ""value"": 0.012043697759509087, ""text"": ""Harga sedang bergejolak: rata-rata ±1,2% per hari (30 hari terakhir)""}, {""feature"": ""rel_365"", ""shap"": 0.4311089470141859, ""value"": -0.23439767956733704, ""text"": ""Harga 20,9% di bawah rata-rata setahun terakhir""}, {""feature"": ""lead_ret_7_mean"", ""shap"": 0.23069946387101808, ""value"": 0.010019314475357533, ""text"": ""Provinsi \""pemimpin\"" (biasanya naik duluan) berubah rata-rata +1,0% dalam 7 hari""}]"
2026-10-07,com_11,30,0.003361643486093851,0,0.0,0.0,Bawang Merah Ukuran Sedang,Bawang Merah,Sulawesi Barat,-2.6748,118.8885,Rendah,"294 hari sejak lonjakan terakhir | Provinsi ""pemimpin"" (biasanya naik duluan) berubah rata-rata +0,4% dalam 7 hari | Salah satu provinsi tetangga berubah +3,7% dalam 7 hari","[{""feature"": ""days_since_spike"", ""shap"": 0.20685768470048196, ""value"": 294.0, ""text"": ""294 hari sejak lonjakan terakhir""}, {""feature"": ""lead_ret_7_mean"", ""shap"": 0.14359884058880693, ""value"": 0.0035633346997201443, ""text"": ""Provinsi \""pemimpin\"" (biasanya naik duluan) berubah rata-rata +0,4% dalam 7 hari""}, {""feature"": ""nbr_ret_7_max"", ""shap"": 0.09441072246634344, ""value"": 0.036564670503139496, ""text"": ""Salah satu provinsi tetangga berubah +3,7% dalam 7 hari""}]"
2026-10-07,com_11,31,0.017469888100637616,0,-0.0023809525,0.0,Bawang Merah Ukuran Sedang,Bawang Merah,Maluku,-3.6954,128.1814,Rendah,"3 kali lonjakan dalam setahun terakhir | Harga 17,2% di bawah rata-rata setahun terakhir | 107 hari sejak lonjakan terakhir","[{""feature"": ""n_onsets_365"", ""shap"": 0.538863928153241, ""value"": 3.0, ""text"": ""3 kali lonjakan dalam setahun terakhir""}, {""feature"": ""rel_365"", ""shap"": 0.28543405259499055, ""value"": -0.1885857731103897, ""text"": ""Harga 17,2% di bawah rata-rata setahun terakhir""}, {""feature"": ""days_since_spike"", ""shap"": 0.23874036398958035, ""value"": 107.0, ""text"": ""107 hari sejak lonjakan terakhir""}]"
2026-10-07,com_11,32,0.0024877414934188235,0,0.0,0.0,Bawang Merah Ukuran Sedang,Bawang Merah,Maluku Utara,0.7893,127.3842,Rendah,"178 hari sejak lonjakan terakhir | Harga 9,4% lebih rendah dari tahun lalu | Harga 7,7% di bawah puncak 90 hari terakhir","[{""feature"": ""days_since_spike"", ""shap"": 0.2528632774566192, ""value"": 178.0, ""text"": ""178 hari sejak lonjakan terakhir""}, {""feature"": ""ret_yoy"", ""shap"": 0.10085591057322948, ""value"": -0.09909090399742126, ""text"": ""Harga 9,4% lebih rendah dari tahun lalu""}, {""feature"": ""dist_max_90"", ""shap"": 0.09878763056784544, ""value"": -0.08004270493984222, ""text"": ""Harga 7,7% di bawah puncak 90 hari terakhir""}]"
2026-10-07,com_11,33,0.00859534422721345,0,-0.0008038585,0.007266887,Bawang Merah Ukuran Sedang,Bawang Merah,Papua,-2.5337,140.7181,Rendah,"2 kali lonjakan dalam setahun terakhir | 107 hari sejak lonjakan terakhir | Harga 19,4% di bawah puncak 90 hari terakhir","[{""feature"": ""n_onsets_365"", ""shap"": 0.41428765780825794, ""value"": 2.0, ""text"": ""2 kali lonjakan dalam setahun terakhir""}, {""feature"": ""days_since_spike"", ""shap"": 0.30955288639341655, ""value"": 107.0, ""text"": ""107 hari sejak lonjakan terakhir""}, {""feature"": ""dist_max_90"", ""shap"": 0.20707587366109156, ""value"": -0.21620075404644012, ""text"": ""Harga 19,4% di bawah puncak 90 hari terakhir""}]"
2026-10-07,com_11,34,0.00999119415697076,0,0.0,0.0,Bawang Merah Ukuran Sedang,Bawang Merah,Papua Barat,-0.8615,134.062,Rendah,"287 hari sejak lonjakan terakhir | Harga 12,0% di bawah rata-rata setahun terakhir | Harga 16,0% di bawah puncak 90 hari terakhir","[{""feature"": ""days_since_spike"", ""shap"": 0.19703599323483334, ""value"": 287.0, ""text"": ""287 hari sejak lonjakan terakhir""}, {""feature"": ""rel_365"", ""shap"": 0.16924336255226555, ""value"": -0.12767267227172852, ""text"": ""Harga 12,0% di bawah rata-rata setahun terakhir""}, {""feature"": ""dist_max_90"", ""shap"": 0.13327114040843543, ""value"": -0.17435339093208313, ""text"": ""Harga 16,0% di bawah puncak 90 hari terakhir""}]"
2026-10-07,com_12,1,0.003531777795680363,0,0.0,0.0,Bawang Putih Ukuran Sedang,Bawang Putih,Aceh,5.5483,95.3238,Rendah,"101 hari sejak lonjakan terakhir | Harga 18,3% di bawah puncak 90 hari terakhir | Harga 4,9% lebih rendah dari tahun lalu","[{""feature"": ""days_since_spike"", ""shap"": 0.2914789346536624, ""value"": 101.0, ""text"": ""101 hari sejak lonjakan terakhir""}, {""feature"": ""dist_max_90"", ""shap"": 0.17478844671338528, ""value"": -0.20197413861751556, ""text"": ""Harga 18,3% di bawah puncak 90 hari terakhir""}, {""feature"": ""ret_yoy"", ""shap"": 0.097000194337407, ""value"": -0.050360292196273804, ""text"": ""Harga 4,9% lebih rendah dari tahun lalu""}]"
2026-10-07,com_12,2,0.006578779924000952,0,-0.0014326648,0.0,Bawang Putih Ukuran Sedang,Bawang Putih,Sumatera Utara,3.5952,98.6722,Rendah,"2 kali lonjakan dalam setahun terakhir | 107 hari sejak lonjakan terakhir | Harga 4,0% lebih rendah dari tahun lalu","[{""feature"": ""n_onsets_365"", ""shap"": 0.45052148616513255, ""value"": 2.0, ""text"": ""2 kali lonjakan dalam setahun terakhir""}, {""feature"": ""days_since_spike"", ""shap"": 0.26063760306851447, ""value"": 107.0, ""text"": ""107 hari sejak lonjakan terakhir""}, {""feature"": ""ret_yoy"", ""shap"": 0.16988681257721158, ""value"": -0.04076460376381874, ""text"": ""Harga 4,0% lebih rendah dari tahun lalu""}]"
2026-10-07,com_12,3,0.0065261116841990085,0,-0.033430234,-0.01492565,Bawang Putih Ukuran Sedang,Bawang Putih,Sumatera Barat,-0.9471,100.4172,Rendah,"107 hari sejak lonjakan terakhir | Harga 14,5% di bawah rata-rata nasional (berpotensi menyusul naik) | Harga 7,3% lebih murah dari provinsi tetangga (berpotensi menyusul naik)","[{""feature"": ""days_since_spike"", ""shap"": 0.24038823164135403, ""value"": 107.0, ""text"": ""107 hari sejak lonjakan terakhir""}, {""feature"": ""rel_nat"", ""shap"": 0.17340168024707742, ""value"": -0.15693947672843933, ""text"": ""Harga 14,5% di bawah rata-rata nasional (berpotensi menyusul naik)""}, {""feature"": ""nbr_rel_price"", ""shap"": 0.15781475173228637, ""value"": -0.07612159848213196, ""text"": ""Harga 7,3% lebih murah dari provinsi tetangga (berpotensi menyusul naik)""}]"
2026-10-07,com_12,4,0.004895851590092249,0,-0.008298756,0.015460603,Bawang Putih Ukuran Sedang,Bawang Putih,Riau,0.5071,101.4478,Rendah,"106 hari sejak lonjakan terakhir | Harga sedang bergejolak: rata-rata ±0,8% per hari (14 hari terakhir) | Harga +1,4% dalam 3 hari terakhir","[{""feature"": ""days_since_spike"", ""shap"": 0.2520644158031557, ""value"": 106.0, ""text"": ""106 hari sejak lonjakan terakhir""}, {""feature"": ""vol_14"", ""shap"": 0.2206000801543725, ""value"": 0.007648346945643425, ""text"": ""Harga sedang bergejolak: rata-rata ±0,8% per hari (14 hari terakhir)""}, {""feature"": ""ret_3"", ""shap"": 0.16886253425518752, ""value"": 0.014045175164937973, ""text"": ""Harga +1,4% dalam 3 hari terakhir""}]"
2026-10-07,com_12,5,0.002458918848526123,0,-0.0016806723,0.0,Bawang Putih Ukuran Sedang,Bawang Putih,Kepulauan Riau,0.9186,104.4665,Rendah,"Harga 23,7% di bawah rata-rata nasional (berpotensi menyusul naik) | Harga 15,9% lebih murah dari provinsi tetangga (berpotensi menyusul naik) | Harga pedagang besar +2,0% dalam 14 hari terakhir","[{""feature"": ""rel_nat"", ""shap"": 0.2569143163317103, ""value"": -0.26984721422195435, ""text"": ""Harga 23,7% di bawah rata-rata nasional (berpotensi menyusul naik)""}, {""feature"": ""nbr_rel_price"", ""shap"": 0.19435143634577953, ""value"": -0.1727229207754135, ""text"": ""Harga 15,9% lebih murah dari provinsi tetangga (berpotensi menyusul naik)""}, {""feature"": ""ret_14_whole"", ""shap"": 0.09218482304364034, ""value"": 0.02020270749926567, ""text"": ""Harga pedagang besar +2,0% dalam 14 hari terakhir""}]"
2026-10-07,com_12,6,0.00360160770989,0,-0.014814815,0.0,Bawang Putih Ukuran Sedang,Bawang Putih,Jambi,-1.6101,103.6131,Rendah,"106 hari sejak lonjakan terakhir | Harga 7,8% lebih murah dari provinsi tetangga (berpotensi menyusul naik) | Harga 14,5% di bawah rata-rata nasional (berpotensi menyusul naik)","[{""feature"": ""days_since_spike"", ""shap"": 0.27462511014138, ""value"": 106.0, ""text"": ""106 hari sejak lonjakan terakhir""}, {""feature"": ""nbr_rel_price"", ""shap"": 0.13469897982356738, ""value"": -0.08069365471601486, ""text"": ""Harga 7,8% lebih murah dari provinsi tetangga (berpotensi menyusul naik)""}, {""feature"": ""rel_nat"", ""shap"": 0.12926095207455024, ""value"": -0.15693947672843933, ""text"": ""Harga 14,5% di bawah rata-rata nasional (berpotensi menyusul naik)""}]"
2026-10-07,com_12,7,0.002143466313524482,0,0.019736841,0.019544596,Bawang Putih Ukuran Sedang,Bawang Putih,Bengkulu,-3.7928,102.2608,Rendah,"Harga +2,0% dalam 7 hari terakhir | Harga 16,2% di bawah puncak 90 hari terakhir | Harga sedang bergejolak: rata-rata ±0,5% per hari (14 hari terakhir)","[{""feature"": ""ret_7"", ""shap"": 0.15021492750155602, ""value"": 0.01954459585249424, ""text"": ""Harga +2,0% dalam 7 hari terakhir""}, {""feature"": ""dist_max_90"", ""shap"": 0.10857946335035737, ""value"": -0.17693071067333221, ""text"": ""Harga 16,2% di bawah puncak 90 hari terakhir""}, {""feature"": ""vol_14"", ""shap"": 0.09410734272667963, ""value"": 0.00522351311519742, ""text"": ""Harga sedang bergejolak: rata-rata ±0,5% per hari (14 hari terakhir)""}]"
2026-10-07,com_12,8,0.018031941218898447,0,-0.015037594,-0.015151805,Bawang Putih Ukuran Sedang,Bawang Putih,Sumatera Selatan,-2.9761,104.7754,Rendah,"Harga sedang bergejolak: rata-rata ±1,0% per hari (30 hari terakhir) | Harga 14,8% di bawah rata-rata setahun terakhir | Harga 15,8% di bawah rata-rata nasional (berpotensi menyusul naik)","[{""feature"": ""vol_30"", ""shap"": 0.5102135435856247, ""value"": 0.009601378813385963, ""text"": ""Harga sedang bergejolak: rata-rata ±1,0% per hari (30 hari terakhir)""}, {""feature"": ""rel_365"", ""shap"": 0.27809671394394136, ""value"": -0.16072821617126465, ""text"": ""Harga 14,8% di bawah rata-rata setahun terakhir""}, {""feature"": ""rel_nat"", ""shap"": 0.26256318196683925, ""value"": -0.1720912903547287, ""text"": ""Harga 15,8% di bawah rata-rata nasional (berpotensi menyusul naik)""}]"
2026-10-07,com_12,9,0.012969786394877418,0,0.035063114,0.034462404,Bawang Putih Ukuran Sedang,Bawang Putih,Kepulauan Bangka Belitung,-2.1316,106.1169,Rendah,"Harga +3,5% dalam 7 hari terakhir | 113 hari sejak lonjakan terakhir | Harga sedang bergejolak: rata-rata ±0,9% per hari (14 hari terakhir)","[{""feature"": ""ret_7"", ""shap"": 0.37464537532159836, ""value"": 0.03446240350604057, ""text"": ""Harga +3,5% dalam 7 hari terakhir""}, {""feature"": ""days_since_spike"", ""shap"": 0.22753321864650342, ""value"": 113.0, ""text"": ""113 hari sejak lonjakan terakhir""}, {""feature"": ""vol_14"", ""shap"": 0.22530118129543533, ""value"": 0.009210464544594288, ""text"": ""Harga sedang bergejolak: rata-rata ±0,9% per hari (14 hari terakhir)""}]"
2026-10-07,com_12,10,0.004772663290240095,0,0.004255319,0.018532248,Bawang Putih Ukuran Sedang,Bawang Putih,Lampung,-5.3971,105.2668,Rendah,"107 hari sejak lonjakan terakhir | Harga +1,9% dalam 3 hari terakhir | Harga sedang bergejolak: rata-rata ±0,7% per hari (14 hari terakhir)","[{""feature"": ""days_since_spike"", ""shap"": 0.2283422940003481, ""value"": 107.0, ""text"": ""107 hari sejak lonjakan terakhir""}, {""feature"": ""ret_3"", ""shap"": 0.1655060997228525, ""value"": 0.018532248213887215, ""text"": ""Harga +1,9% dalam 3 hari terakhir""}, {""feature"": ""vol_14"", ""shap"": 0.15269811912528902, ""value"": 0.0071614026091992855, ""text"": ""Harga sedang bergejolak: rata-rata ±0,7% per hari (14 hari terakhir)""}]"
2026-10-07,com_12,11,0.003274665290290187,0,-0.017218543,-0.017368507,Bawang Putih Ukuran Sedang,Bawang Putih,Banten,-6.1104,106.164,Rendah,"108 hari sejak lonjakan terakhir | Harga 4,6% lebih murah dari provinsi tetangga (berpotensi menyusul naik) | Harga 13,0% di bawah puncak 90 hari terakhir","[{""feature"": ""days_since_spike"", ""shap"": 0.20340563652558305, ""value"": 108.0, ""text"": ""108 hari sejak lonjakan terakhir""}, {""feature"": ""nbr_rel_price"", ""shap"": 0.12643102321894112, ""value"": -0.047514837235212326, ""text"": ""Harga 4,6% lebih murah dari provinsi tetangga (berpotensi menyusul naik)""}, {""feature"": ""dist_max_90"", ""shap"": 0.11024763763918358, ""value"": -0.13941030204296112, ""text"": ""Harga 13,0% di bawah puncak 90 hari terakhir""}]"
2026-10-07,com_12,12,0.0027447808814589363,0,-0.007863696,0.0,Bawang Putih Ukuran Sedang,Bawang Putih,Jawa Barat,-6.9175,107.6191,Rendah,"107 hari sejak lonjakan terakhir | Harga 11,6% di bawah puncak 90 hari terakhir | Harga pedagang besar +2,4% dalam 7 hari terakhir","[{""feature"": ""days_since_spike"", ""shap"": 0.2663139282453948, ""value"": 107.0, ""text"": ""107 hari sejak lonjakan terakhir""}, {""feature"": ""dist_max_90"", ""shap"": 0.13956792294790718, ""value"": -0.1229071244597435, ""text"": ""Harga 11,6% di bawah puncak 90 hari terakhir""}, {""feature"": ""ret_7_whole"", ""shap"": 0.13252585361783337, ""value"": 0.02345689944922924, ""text"": ""Harga pedagang besar +2,4% dalam 7 hari terakhir""}]"
2026-10-07,com_12,13,0.0028257819630572493,0,0.0,0.0,Bawang Putih Ukuran Sedang,Bawang Putih,DKI Jakarta,-6.2088,106.8456,Rendah,"107 hari sejak lonjakan terakhir | Harga 8,4% di bawah puncak 90 hari terakhir | Salah satu provinsi tetangga berubah +1,9% dalam 7 hari","[{""feature"": ""days_since_spike"", ""shap"": 0.31864503959153423, ""value"": 107.0, ""text"": ""107 hari sejak lonjakan terakhir""}, {""feature"": ""dist_max_90"", ""shap"": 0.16230814323882345, ""value"": -0.08814838528633118, ""text"": ""Harga 8,4% di bawah puncak 90 hari terakhir""}, {""feature"": ""nbr_ret_7_max"", ""shap"": 0.08570998561034462, ""value"": 0.018532248213887215, ""text"": ""Salah satu provinsi tetangga berubah +1,9% dalam 7 hari""}]"
2026-10-07,com_12,14,0.0028115493501290976,0,0.004016064,0.0066889883,Bawang Putih Ukuran Sedang,Bawang Putih,Jawa Tengah,-6.9667,110.4167,Rendah,"112 hari sejak lonjakan terakhir | Harga pedagang besar +2,0% dalam 7 hari terakhir | Harga pasar modern 38,9% lebih mahal dari pasar tradisional","[{""feature"": ""days_since_spike"", ""shap"": 0.24100923638093874, ""value"": 112.0, ""text"": ""112 hari sejak lonjakan terakhir""}, {""feature"": ""ret_7_whole"", ""shap"": 0.14311641857070473, ""value"": 0.019324272871017456, ""text"": ""Harga pedagang besar +2,0% dalam 7 hari terakhir""}, {""feature"": ""gap_modern"", ""shap"": 0.07221237174507777, ""value"": 0.3288240134716034, ""text"": ""Harga pasar modern 38,9% lebih mahal dari pasar tradisional""}]"
2026-10-07,com_12,15,0.0008972146010330355,0,0.0,0.0,Bawang Putih Ukuran Sedang,Bawang Putih,DI Yogyakarta,-7.7956,110.3695,Rendah,"Secara nasional harga konsumen 54,4% di atas harga produsen | Salah satu provinsi tetangga berubah +0,7% dalam 7 hari | Harga pasar modern 29,7% lebih mahal dari pasar tradisional","[{""feature"": ""nat_margin_cons_prod"", ""shap"": 0.04595449791162526, ""value"": 0.43415024876594543, ""text"": ""Secara nasional harga konsumen 54,4% di atas harga produsen""}, {""feature"": ""nbr_ret_7_max"", ""shap"": 0.04068832336235035, ""value"": 0.006688988301903009, ""text"": ""Salah satu provinsi tetangga berubah +0,7% dalam 7 hari""}, {""feature"": ""gap_modern"", ""shap"": 0.03902082583108696, ""value"": 0.2601125240325928, ""text"": ""Harga pasar modern 29,7% lebih mahal dari pasar tradisional""}]"
2026-10-07,com_12,16,0.008428044310369255,0,0.0034542314,-0.005150226,Bawang Putih Ukuran Sedang,Bawang Putih,Jawa Timur,-7.2575,112.7521,Rendah,"Harga 25,3% di bawah rata-rata nasional (berpotensi menyusul naik) | Harga 21,3% lebih murah dari provinsi tetangga (berpotensi menyusul naik) | 107 hari sejak lonjakan terakhir","[{""feature"": ""rel_nat"", ""shap"": 0.2845405976072019, ""value"": -0.2919757664203644, ""text"": ""Harga 25,3% di bawah rata-rata nasional (berpotensi menyusul naik)""}, {""feature"": ""nbr_rel_price"", ""shap"": 0.2574427489573307, ""value"": -0.23982085287570953, ""text"": ""Harga 21,3% lebih murah dari provinsi tetangga (berpotensi menyusul naik)""}, {""feature"": ""days_since_spike"", ""shap"": 0.2148643769773364, ""value"": 107.0, ""text"": ""107 hari sejak lonjakan terakhir""}]"
2026-10-07,com_12,17,0.003557286024215051,0,-0.004754358,-0.0031796528,Bawang Putih Ukuran Sedang,Bawang Putih,Bali,-8.6705,115.2126,Rendah,"Harga 19,3% di bawah rata-rata nasional (berpotensi menyusul naik) | 107 hari sejak lonjakan terakhir | Harga 22,9% di bawah puncak 90 hari terakhir","[{""feature"": ""rel_nat"", ""shap"": 0.2577317319557388, ""value"": -0.21418635547161102, ""text"": ""Harga 19,3% di bawah rata-rata nasional (berpotensi menyusul naik)""}, {""feature"": ""days_since_spike"", ""shap"": 0.2410249751941217, ""value"": 107.0, ""text"": ""107 hari sejak lonjakan terakhir""}, {""feature"": ""dist_max_90"", ""shap"": 0.14820530609278323, ""value"": -0.2594201862812042, ""text"": ""Harga 22,9% di bawah puncak 90 hari terakhir""}]"
2026-10-07,com_12,18,0.004184258059939778,0,-0.0014814815,-0.016188728,Bawang Putih Ukuran Sedang,Bawang Putih,Nusa Tenggara Barat,-8.5833,116.1167,Rendah,"107 hari sejak lonjakan terakhir | Harga 13,4% di bawah rata-rata nasional (berpotensi menyusul naik) | Harga 17,1% di bawah puncak 90 hari terakhir","[{""feature"": ""days_since_spike"", ""shap"": 0.2281977850599756, ""value"": 107.0, ""text"": ""107 hari sejak lonjakan terakhir""}, {""feature"": ""rel_nat"", ""shap"": 0.17148089673428593, ""value"": -0.14349640905857086, ""text"": ""Harga 13,4% di bawah rata-rata nasional (berpotensi menyusul naik)""}, {""feature"": ""dist_max_90"", ""shap"": 0.12577615626511918, ""value"": -0.1875009983778, ""text"": ""Harga 17,1% di bawah puncak 90 hari terakhir""}]"
2026-10-07,com_12,19,0.0011986424939193587,0,-0.008888889,0.0,Bawang Putih Ukuran Sedang,Bawang Putih,Nusa Tenggara Timur,-10.1772,123.607,Rendah,"Harga 10,8% di bawah puncak 90 hari terakhir | Harga pasar modern 79,1% lebih mahal dari pasar tradisional | Secara nasional harga konsumen 54,4% di atas harga produsen","[{""feature"": ""dist_max_90"", ""shap"": 0.16215647178541662, ""value"": -0.11428914964199066, ""text"": ""Harga 10,8% di bawah puncak 90 hari terakhir""}, {""feature"": ""gap_modern"", ""shap"": 0.07548112273852692, ""value"": 0.5830419659614563, ""text"": ""Harga pasar modern 79,1% lebih mahal dari pasar tradisional""}, {""feature"": ""nat_margin_cons_prod"", ""shap"": 0.04443168916911844, ""value"": 0.43415024876594543, ""text"": ""Secara nasional harga konsumen 54,4% di atas harga produsen""}]"
2026-10-07,com_12,20,0.003739370575831925,0,-0.0053333333,0.0,Bawang Putih Ukuran Sedang,Bawang Putih,Kalimantan Barat,-0.0263,109.3425,Rendah,"Harga +0,7% dalam 1 hari terakhir | 225 hari sejak lonjakan terakhir | Harga 11,0% di bawah puncak 90 hari terakhir","[{""feature"": ""ret_1"", ""shap"": 0.23466778678165756, ""value"": 0.006724975071847439, ""text"": ""Harga +0,7% dalam 1 hari terakhir""}, {""feature"": ""days_since_spike"", ""shap"": 0.21837151475840752, ""value"": 225.0, ""text"": ""225 hari sejak lonjakan terakhir""}, {""feature"": ""dist_max_90"", ""shap"": 0.11330516794470509, ""value"": -0.11629249900579453, ""text"": ""Harga 11,0% di bawah puncak 90 hari terakhir""}]"
2026-10-07,com_12,21,0.004089784552212772,0,-0.021520803,-0.030327234,Bawang Putih Ukuran Sedang,Bawang Putih,Kalimantan Selatan,-3.3186,114.5944,Rendah,"Harga 11,7% lebih murah dari provinsi tetangga (berpotensi menyusul naik) | Harga 12,3% di bawah rata-rata nasional (berpotensi menyusul naik) | Harga 14,0% di bawah puncak 90 hari terakhir","[{""feature"": ""nbr_rel_price"", ""shap"": 0.17017923519266276, ""value"": -0.12430477887392044, ""text"": ""Harga 11,7% lebih murah dari provinsi tetangga (berpotensi menyusul naik)""}, {""feature"": ""rel_nat"", ""shap"": 0.12925291786918708, ""value"": -0.13169686496257782, ""text"": ""Harga 12,3% di bawah rata-rata nasional (berpotensi menyusul naik)""}, {""feature"": ""dist_max_90"", ""shap"": 0.10774468880461081, ""value"": -0.15079356729984283, ""text"": ""Harga 14,0% di bawah puncak 90 hari terakhir""}]"
2026-10-07,com_12,22,0.002462244880804271,0,0.0,0.0,Bawang Putih Ukuran Sedang,Bawang Putih,Kalimantan Tengah,-2.2161,113.9135,Rendah,"Harga 15,5% di bawah puncak 90 hari terakhir | Harga 1,9% lebih murah dari provinsi tetangga (berpotensi menyusul naik) | Secara nasional harga konsumen 54,4% di atas harga produsen","[{""feature"": ""dist_max_90"", ""shap"": 0.15041067772987002, ""value"": -0.1679917275905609, ""text"": ""Harga 15,5% di bawah puncak 90 hari terakhir""}, {""feature"": ""nbr_rel_price"", ""shap"": 0.06263305856329131, ""value"": -0.01908588781952858, ""text"": ""Harga 1,9% lebih murah dari provinsi tetangga (berpotensi menyusul naik)""}, {""feature"": ""nat_margin_cons_prod"", ""shap"": 0.05942522388606797, ""value"": 0.43415024876594543, ""text"": ""Secara nasional harga konsumen 54,4% di atas harga produsen""}]"
2026-10-07,com_12,23,0.010709638347362709,0,0.00635324,-0.070674956,Bawang Putih Ukuran Sedang,Bawang Putih,Kalimantan Timur,-0.5022,117.1536,Rendah,"Harga sedang bergejolak: rata-rata ±3,2% per hari (14 hari terakhir) | Provinsi ""pemimpin"" (biasanya naik duluan) berubah rata-rata +0,7% dalam 7 hari | Harga pasar modern 79,8% lebih mahal dari pasar tradisional","[{""feature"": ""vol_14"", ""shap"": 0.8860843471569008, ""value"": 0.03167595714330673, ""text"": ""Harga sedang bergejolak: rata-rata ±3,2% per hari (14 hari terakhir)""}, {""feature"": ""lead_ret_7_mean"", ""shap"": 0.10557228690843348, ""value"": 0.007347194477915764, ""text"": ""Provinsi \""pemimpin\"" (biasanya naik duluan) berubah rata-rata +0,7% dalam 7 hari""}, {""feature"": ""gap_modern"", ""shap"": 0.07121571929101836, ""value"": 0.5866637229919434, ""text"": ""Harga pasar modern 79,8% lebih mahal dari pasar tradisional""}]"
2026-10-07,com_12,24,0.0011233418117752652,0,0.0,0.004907985,Bawang Putih Ukuran Sedang,Bawang Putih,Kalimantan Utara,2.8375,117.3653,Rendah,"Harga +0,5% dalam 1 hari terakhir | Secara nasional harga konsumen 54,4% di atas harga produsen | Curah hujan 30 hari (30–60 hari lalu) -1,8 SD dari normal","[{""feature"": ""ret_1"", ""shap"": 0.15063580621217182, ""value"": 0.004907985217869282, ""text"": ""Harga +0,5% dalam 1 hari terakhir""}, {""feature"": ""nat_margin_cons_prod"", ""shap"": 0.051678494198346296, ""value"": 0.43415024876594543, ""text"": ""Secara nasional harga konsumen 54,4% di atas harga produsen""}, {""feature"": ""rain_30_anom_lag30"", ""shap"": 0.030595046360175748, ""value"": -1.7519081830978394, ""text"": ""Curah hujan 30 hari (30–60 hari lalu) -1,8 SD dari normal""}]"
2026-10-07,com_12,25,0.0065344398793639675,0,-0.00990099,-0.0099503305,Bawang Putih Ukuran Sedang,Bawang Putih,Gorontalo,0.5435,123.0568,Rendah,"99 hari sejak lonjakan terakhir | Harga 14,0% lebih murah dari provinsi tetangga (berpotensi menyusul naik) | Harga 33,3% di bawah puncak 90 hari terakhir","[{""feature"": ""days_since_spike"", ""shap"": 0.21734058448395105, ""value"": 99.0, ""text"": ""99 hari sejak lonjakan terakhir""}, {""feature"": ""nbr_rel_price"", ""shap"": 0.20346441698453252, ""value"": -0.1507853865623474, ""text"": ""Harga 14,0% lebih murah dari provinsi tetangga (berpotensi menyusul naik)""}, {""feature"": ""dist_max_90"", ""shap"": 0.17440273794017563, ""value"": -0.40546509623527527, ""text"": ""Harga 33,3% di bawah puncak 90 hari terakhir""}]"
2026-10-07,com_12,26,0.0015124579738226875,0,-0.008207934,-0.00137836,Bawang Putih Ukuran Sedang,Bawang Putih,Sulawesi Selatan,-5.1477,119.4327,Rendah,"Harga 14,3% di bawah puncak 90 hari terakhir | Harga 13,7% lebih murah dari provinsi tetangga (berpotensi menyusul naik) | Harga 6,8% di bawah rata-rata nasional (berpotensi menyusul naik)","[{""feature"": ""dist_max_90"", ""shap"": 0.14357212010868298, ""value"": -0.15434770286083221, ""text"": ""Harga 14,3% di bawah puncak 90 hari terakhir""}, {""feature"": ""nbr_rel_price"", ""shap"": 0.1416444651487971, ""value"": -0.14770080149173737, ""text"": ""Harga 13,7% lebih murah dari provinsi tetangga (berpotensi menyusul naik)""}, {""feature"": ""rel_nat"", ""shap"": 0.0863792890599233, ""value"": -0.07055486738681793, ""text"": ""Harga 6,8% di bawah rata-rata nasional (berpotensi menyusul naik)""}]"
2026-10-07,com_12,27,0.0012104759087756688,0,0.0,0.0,Bawang Putih Ukuran Sedang,Bawang Putih,Sulawesi Tenggara,-3.9985,122.513,Rendah,"Harga 10,9% di bawah puncak 90 hari terakhir | Provinsi ""pemimpin"" (biasanya naik duluan) berubah rata-rata +0,5% dalam 7 hari | Secara nasional harga konsumen 54,4% di atas harga produsen","[{""feature"": ""dist_max_90"", ""shap"": 0.15365906542305852, ""value"": -0.115712009370327, ""text"": ""Harga 10,9% di bawah puncak 90 hari terakhir""}, {""feature"": ""lead_ret_7_mean"", ""shap"": 0.12054354263172667, ""value"": 0.00511753186583519, ""text"": ""Provinsi \""pemimpin\"" (biasanya naik duluan) berubah rata-rata +0,5% dalam 7 hari""}, {""feature"": ""nat_margin_cons_prod"", ""shap"": 0.052686205389800816, ""value"": 0.43415024876594543, ""text"": ""Secara nasional harga konsumen 54,4% di atas harga produsen""}]"
2026-10-07,com_12,28,0.002610139160198489,0,-0.029411765,0.0,Bawang Putih Ukuran Sedang,Bawang Putih,Sulawesi Tengah,-0.8917,119.8707,Rendah,"Harga sedang bergejolak: rata-rata ±0,8% per hari (14 hari terakhir) | Harga pedagang besar +5,9% dalam 7 hari terakhir | Harga 10,8% di bawah puncak 90 hari terakhir","[{""feature"": ""vol_14"", ""shap"": 0.19302420789829294, ""value"": 0.007978539913892746, ""text"": ""Harga sedang bergejolak: rata-rata ±0,8% per hari (14 hari terakhir)""}, {""feature"": ""ret_7_whole"", ""shap"": 0.1389968653087401, ""value"": 0.05715841427445412, ""text"": ""Harga pedagang besar +5,9% dalam 7 hari terakhir""}, {""feature"": ""dist_max_90"", ""shap"": 0.09914021770832736, ""value"": -0.11441034823656082, ""text"": ""Harga 10,8% di bawah puncak 90 hari terakhir""}]"
2026-10-07,com_12,29,0.0034049452029846407,0,0.0,0.0,Bawang Putih Ukuran Sedang,Bawang Putih,Sulawesi Utara,1.4748,124.8421,Rendah,"86 hari sejak lonjakan terakhir | Harga 12,1% lebih murah dari provinsi tetangga (berpotensi menyusul naik) | Harga 28,4% di bawah puncak 90 hari terakhir","[{""feature"": ""days_since_spike"", ""shap"": 0.3833592725668032, ""value"": 86.0, ""text"": ""86 hari sejak lonjakan terakhir""}, {""feature"": ""nbr_rel_price"", ""shap"": 0.1796135844252499, ""value"": -0.12929287552833557, ""text"": ""Harga 12,1% lebih murah dari provinsi tetangga (berpotensi menyusul naik)""}, {""feature"": ""dist_max_90"", ""shap"": 0.17913158435477639, ""value"": -0.33365681767463684, ""text"": ""Harga 28,4% di bawah puncak 90 hari terakhir""}]"
2026-10-07,com_12,30,0.0008573470047032302,0,-0.005050505,-0.005063302,Bawang Putih Ukuran Sedang,Bawang Putih,Sulawesi Barat,-2.6748,118.8885,Rendah,"Margin konsumen-pedagang besar berubah +12,8 poin (14 hari) | Secara nasional harga konsumen 54,4% di atas harga produsen | H-79 menuju Natal","[{""feature"": ""margin_cons_whole_chg14"", ""shap"": 0.0646179650030003, ""value"": 0.1284680962562561, ""text"": ""Margin konsumen-pedagang besar berubah +12,8 poin (14 hari)""}, {""feature"": ""nat_margin_cons_prod"", ""shap"": 0.04741679433490152, ""value"": 0.43415024876594543, ""text"": ""Secara nasional harga konsumen 54,4% di atas harga produsen""}, {""feature"": ""days_to_natal"", ""shap"": 0.012413516439880838, ""value"": 79.0, ""text"": ""H-79 menuju Natal""}]"
2026-10-07,com_12,31,0.0023250305483718354,0,-0.0035169988,0.0,Bawang Putih Ukuran Sedang,Bawang Putih,Maluku,-3.6954,128.1814,Rendah,"106 hari sejak lonjakan terakhir | Harga 11,7% lebih murah dari provinsi tetangga (berpotensi menyusul naik) | Harga 15,0% di bawah puncak 90 hari terakhir","[{""feature"": ""days_since_spike"", ""shap"": 0.21671269746774793, ""value"": 106.0, ""text"": ""106 hari sejak lonjakan terakhir""}, {""feature"": ""nbr_rel_price"", ""shap"": 0.16637555392288977, ""value"": -0.12394492328166962, ""text"": ""Harga 11,7% lebih murah dari provinsi tetangga (berpotensi menyusul naik)""}, {""feature"": ""dist_max_90"", ""shap"": 0.14453450180337704, ""value"": -0.1625189334154129, ""text"": ""Harga 15,0% di bawah puncak 90 hari terakhir""}]"
2026-10-07,com_12,32,0.0014185503494958866,0,0.0,0.0,Bawang Putih Ukuran Sedang,Bawang Putih,Maluku Utara,0.7893,127.3842,Rendah,"Harga 7,7% lebih rendah dari tahun lalu | Secara nasional harga konsumen 54,4% di atas harga produsen | Harga 4,3% di atas titik terendah 90 hari terakhir","[{""feature"": ""ret_yoy"", ""shap"": 0.09417715798446777, ""value"": -0.08004270493984222, ""text"": ""Harga 7,7% lebih rendah dari tahun lalu""}, {""feature"": ""nat_margin_cons_prod"", ""shap"": 0.05074282168444645, ""value"": 0.43415024876594543, ""text"": ""Secara nasional harga konsumen 54,4% di atas harga produsen""}, {""feature"": ""dist_min_90"", ""shap"": 0.03669601788612307, ""value"": 0.04255961626768112, ""text"": ""Harga 4,3% di atas titik terendah 90 hari terakhir""}]"
2026-10-07,com_12,33,0.0024068487081578844,0,-0.009090909,0.0,Bawang Putih Ukuran Sedang,Bawang Putih,Papua,-2.5337,140.7181,Rendah,"Harga pedagang besar +6,6% dalam 7 hari terakhir | Harga 12,8% di bawah puncak 90 hari terakhir | Secara nasional harga konsumen 54,4% di atas harga produsen","[{""feature"": ""ret_7_whole"", ""shap"": 0.15661856144599481, ""value"": 0.06351340562105179, ""text"": ""Harga pedagang besar +6,6% dalam 7 hari terakhir""}, {""feature"": ""dist_max_90"", ""shap"": 0.1529484415494231, ""value"": -0.13696585595607758, ""text"": ""Harga 12,8% di bawah puncak 90 hari terakhir""}, {""feature"": ""nat_margin_cons_prod"", ""shap"": 0.04181500640709587, ""value"": 0.43415024876594543, ""text"": ""Secara nasional harga konsumen 54,4% di atas harga produsen""}]"
2026-10-07,com_12,34,0.0028697735893995252,0,0.0,0.0,Bawang Putih Ukuran Sedang,Bawang Putih,Papua Barat,-0.8615,134.062,Rendah,"Harga 8,9% di bawah puncak 90 hari terakhir | Secara nasional harga konsumen 54,4% di atas harga produsen | Curah hujan 30 hari di sentra produksi (30–60 hari lalu) -0,5 SD dari normal","[{""feature"": ""dist_max_90"", ""shap"": 0.15875127349375523, ""value"": -0.09309042245149612, ""text"": ""Harga 8,9% di bawah puncak 90 hari terakhir""}, {""feature"": ""nat_margin_cons_prod"", ""shap"": 0.06783242751957713, ""value"": 0.43415024876594543, ""text"": ""Secara nasional harga konsumen 54,4% di atas harga produsen""}, {""feature"": ""rain_30_anom_lag30_sentra"", ""shap"": 0.028220921227038294, ""value"": -0.4910951852798462, ""text"": ""Curah hujan 30 hari di sentra produksi (30–60 hari lalu) -0,5 SD dari normal""}]"
2026-10-07,com_13,1,0.14984068187591643,0,0.0,0.0,Cabai Merah Besar,Cabai Merah,Aceh,5.5483,95.3238,Waspada,"Provinsi ""pemimpin"" (biasanya naik duluan) berubah rata-rata +35,9% dalam 14 hari | Harga 38,3% di bawah rata-rata nasional (berpotensi menyusul naik) | Harga 54,5% lebih murah dari provinsi tetangga (berpotensi menyusul naik)","[{""feature"": ""lead_ret_14_mean"", ""shap"": 1.1471895372428584, ""value"": 0.30694815516471863, ""text"": ""Provinsi \""pemimpin\"" (biasanya naik duluan) berubah rata-rata +35,9% dalam 14 hari""}, {""feature"": ""rel_nat"", ""shap"": 0.44474268409227063, ""value"": -0.4833076000213623, ""text"": ""Harga 38,3% di bawah rata-rata nasional (berpotensi menyusul naik)""}, {""feature"": ""nbr_rel_price"", ""shap"": 0.3352207365681217, ""value"": -0.7879160642623901, ""text"": ""Harga 54,5% lebih murah dari provinsi tetangga (berpotensi menyusul naik)""}]"
2026-10-07,com_13,4,0.00918184832914698,1,0.5652542,0.3075497,Cabai Merah Besar,Cabai Merah,Riau,0.5071,101.4478,Sedang lonjak,"Harga +36,0% dalam 7 hari terakhir | Harga sedang bergejolak: rata-rata ±7,2% per hari (14 hari terakhir) | Provinsi ""pemimpin"" (biasanya naik duluan) berubah rata-rata +29,0% dalam 14 hari","[{""feature"": ""ret_7"", ""shap"": 0.6437517777285424, ""value"": 0.30754968523979187, ""text"": ""Harga +36,0% dalam 7 hari terakhir""}, {""feature"": ""vol_14"", ""shap"": 0.61118413606158, ""value"": 0.07237338274717331, ""text"": ""Harga sedang bergejolak: rata-rata ±7,2% per hari (14 hari terakhir)""}, {""feature"": ""lead_ret_14_mean"", ""shap"": 0.4429774352808564, ""value"": 0.25466442108154297, ""text"": ""Provinsi \""pemimpin\"" (biasanya naik duluan) berubah rata-rata +29,0% dalam 14 hari""}]"
2026-10-07,com_13,6,0.007170101375100111,1,0.41551247,0.17258438,Cabai Merah Besar,Cabai Merah,Jambi,-1.6101,103.6131,Sedang lonjak,"Harga +18,8% dalam 7 hari terakhir | Provinsi ""pemimpin"" (biasanya naik duluan) berubah rata-rata +22,5% dalam 14 hari | Harga sedang bergejolak: rata-rata ±3,1% per hari (14 hari terakhir)","[{""feature"": ""ret_7"", ""shap"": 0.6495861795964839, ""value"": 0.1725843846797943, ""text"": ""Harga +18,8% dalam 7 hari terakhir""}, {""feature"": ""lead_ret_14_mean"", ""shap"": 0.43682621936082683, ""value"": 0.20256830751895905, ""text"": ""Provinsi \""pemimpin\"" (biasanya naik duluan) berubah rata-rata +22,5% dalam 14 hari""}, {""feature"": ""vol_14"", ""shap"": 0.3556245200504748, ""value"": 0.03050699643790722, ""text"": ""Harga sedang bergejolak: rata-rata ±3,1% per hari (14 hari terakhir)""}]"
2026-10-07,com_13,7,0.0099545102985975,1,0.27272728,0.06263557,Cabai Merah Besar,Cabai Merah,Bengkulu,-3.7928,102.2608,Sedang lonjak,"Provinsi ""pemimpin"" (biasanya naik duluan) berubah rata-rata +24,1% dalam 14 hari | Harga sedang bergejolak: rata-rata ±3,9% per hari (14 hari terakhir) | Harga +1,8% dalam 1 hari terakhir","[{""feature"": ""lead_ret_14_mean"", ""shap"": 0.46845781021436034, ""value"": 0.21599093079566956, ""text"": ""Provinsi \""pemimpin\"" (biasanya naik duluan) berubah rata-rata +24,1% dalam 14 hari""}, {""feature"": ""vol_14"", ""shap"": 0.4681004590102083, ""value"": 0.03943471610546112, ""text"": ""Harga sedang bergejolak: rata-rata ±3,9% per hari (14 hari terakhir)""}, {""feature"": ""ret_1"", ""shap"": 0.20177628451250892, ""value"": 0.018018504604697227, ""text"": ""Harga +1,8% dalam 1 hari terakhir""}]"
2026-10-07,com_13,8,0.016354647250890232,1,0.16228071,0.13299246,Cabai Merah Besar,Cabai Merah,Sumatera Selatan,-2.9761,104.7754,Sedang lonjak,"Provinsi ""pemimpin"" (biasanya naik duluan) berubah rata-rata +37,1% dalam 14 hari | Harga sedang bergejolak: rata-rata ±2,5% per hari (30 hari terakhir) | Harga +14,2% dalam 7 hari terakhir","[{""feature"": ""lead_ret_14_mean"", ""shap"": 0.5289176090199202, ""value"": 0.31521227955818176, ""text"": ""Provinsi \""pemimpin\"" (biasanya naik duluan) berubah rata-rata +37,1% dalam 14 hari""}, {""feature"": ""vol_30"", ""shap"": 0.3394817068523262, ""value"": 0.02529934048652649, ""text"": ""Harga sedang bergejolak: rata-rata ±2,5% per hari (30 hari terakhir)""}, {""feature"": ""ret_7"", ""shap"": 0.337669553721096, ""value"": 0.1329924613237381, ""text"": ""Harga +14,2% dalam 7 hari terakhir""}]"
2026-10-07,com_13,10,0.024295784050226973,1,0.16194691,0.09416841,Cabai Merah Besar,Cabai Merah,Lampung,-5.3971,105.2668,Sedang lonjak,"Provinsi ""pemimpin"" (biasanya naik duluan) berubah rata-rata +41,5% dalam 14 hari | Harga sedang bergejolak: rata-rata ±2,3% per hari (30 hari terakhir) | Harga +9,9% dalam 7 hari terakhir","[{""feature"": ""lead_ret_14_mean"", ""shap"": 0.6716699608177141, ""value"": 0.3469514846801758, ""text"": ""Provinsi \""pemimpin\"" (biasanya naik duluan) berubah rata-rata +41,5% dalam 14 hari""}, {""feature"": ""vol_30"", ""shap"": 0.42514750472688106, ""value"": 0.022851573303341866, ""text"": ""Harga sedang bergejolak: rata-rata ±2,3% per hari (30 hari terakhir)""}, {""feature"": ""ret_7"", ""shap"": 0.28266351553624924, ""value"": 0.09416840970516205, ""text"": ""Harga +9,9% dalam 7 hari terakhir""}]"
2026-10-07,com_13,11,0.034350179262804884,0,0.13900863,0.07768032,Cabai Merah Besar,Cabai Merah,Banten,-6.1104,106.164,Rendah,"Provinsi ""pemimpin"" (biasanya naik duluan) berubah rata-rata +41,5% dalam 14 hari | Harga sedang bergejolak: rata-rata ±1,8% per hari (30 hari terakhir) | Harga 22,4% di bawah rata-rata nasional (berpotensi menyusul naik)","[{""feature"": ""lead_ret_14_mean"", ""shap"": 0.6524493684408537, ""value"": 0.3469514846801758, ""text"": ""Provinsi \""pemimpin\"" (biasanya naik duluan) berubah rata-rata +41,5% dalam 14 hari""}, {""feature"": ""vol_30"", ""shap"": 0.3098698883187085, ""value"": 0.018408674746751785, ""text"": ""Harga sedang bergejolak: rata-rata ±1,8% per hari (30 hari terakhir)""}, {""feature"": ""rel_nat"", ""shap"": 0.2148496276857455, ""value"": -0.2535195052623749, ""text"": ""Harga 22,4% di bawah rata-rata nasional (berpotensi menyusul naik)""}]"
2026-10-07,com_13,12,0.03305047299498451,1,0.18624339,0.12023921,Cabai Merah Besar,Cabai Merah,Jawa Barat,-6.9175,107.6191,Sedang lonjak,"Provinsi ""pemimpin"" (biasanya naik duluan) berubah rata-rata +34,4% dalam 14 hari | Harga sedang bergejolak: rata-rata ±1,6% per hari (30 hari terakhir) | Harga +12,8% dalam 7 hari terakhir","[{""feature"": ""lead_ret_14_mean"", ""shap"": 0.5775075447780356, ""value"": 0.29582279920578003, ""text"": ""Provinsi \""pemimpin\"" (biasanya naik duluan) berubah rata-rata +34,4% dalam 14 hari""}, {""feature"": ""vol_30"", ""shap"": 0.37759033374258383, ""value"": 0.015679441392421722, ""text"": ""Harga sedang bergejolak: rata-rata ±1,6% per hari (30 hari terakhir)""}, {""feature"": ""ret_7"", ""shap"": 0.3591265552109822, ""value"": 0.12023921310901642, ""text"": ""Harga +12,8% dalam 7 hari terakhir""}]"
2026-10-07,com_13,13,0.03863911133085797,1,0.3485342,0.16128828,Cabai Merah Besar,Cabai Merah,DKI Jakarta,-6.2088,106.8456,Sedang lonjak,"Harga +17,5% dalam 7 hari terakhir | Harga sedang bergejolak: rata-rata ±3,7% per hari (14 hari terakhir) | Provinsi ""pemimpin"" (biasanya naik duluan) berubah rata-rata +19,1% dalam 7 hari","[{""feature"": ""ret_7"", ""shap"": 0.49213374281250033, ""value"": 0.1612882763147354, ""text"": ""Harga +17,5% dalam 7 hari terakhir""}, {""feature"": ""vol_14"", ""shap"": 0.48604886258960717, ""value"": 0.03743453696370125, ""text"": ""Harga sedang bergejolak: rata-rata ±3,7% per hari (14 hari terakhir)""}, {""feature"": ""lead_ret_7_mean"", ""shap"": 0.4772103147553554, ""value"": 0.17501340806484222, ""text"": ""Provinsi \""pemimpin\"" (biasanya naik duluan) berubah rata-rata +19,1% dalam 7 hari""}]"
2026-10-07,com_13,14,0.01615770224593145,1,0.30526316,0.198992,Cabai Merah Besar,Cabai Merah,Jawa Tengah,-6.9667,110.4167,Sedang lonjak,"Harga +22,0% dalam 7 hari terakhir | Provinsi ""pemimpin"" (biasanya naik duluan) berubah rata-rata +38,1% dalam 14 hari | Harga sedang bergejolak: rata-rata ±2,0% per hari (30 hari terakhir)","[{""feature"": ""ret_7"", ""shap"": 0.571653962310537, ""value"": 0.19899199903011322, ""text"": ""Harga +22,0% dalam 7 hari terakhir""}, {""feature"": ""lead_ret_14_mean"", ""shap"": 0.5319834616368592, ""value"": 0.3228517770767212, ""text"": ""Provinsi \""pemimpin\"" (biasanya naik duluan) berubah rata-rata +38,1% dalam 14 hari""}, {""feature"": ""vol_30"", ""shap"": 0.4046271807043537, ""value"": 0.019971385598182678, ""text"": ""Harga sedang bergejolak: rata-rata ±2,0% per hari (30 hari terakhir)""}]"
2026-10-07,com_13,15,0.7483598082718417,0,0.1388889,0.158224,Cabai Merah Besar,Cabai Merah,DI Yogyakarta,-7.7956,110.3695,Tinggi,"Harga +17,1% dalam 7 hari terakhir | Provinsi ""pemimpin"" (biasanya naik duluan) berubah rata-rata +20,8% dalam 7 hari | Harga sedang bergejolak: rata-rata ±2,9% per hari (30 hari terakhir)","[{""feature"": ""ret_7"", ""shap"": 0.8162483025079403, ""value"": 0.15822400152683258, ""text"": ""Harga +17,1% dalam 7 hari terakhir""}, {""feature"": ""lead_ret_7_mean"", ""shap"": 0.8057364336637375, ""value"": 0.18919970095157623, ""text"": ""Provinsi \""pemimpin\"" (biasanya naik duluan) berubah rata-rata +20,8% dalam 7 hari""}, {""feature"": ""vol_30"", ""shap"": 0.7022829377964811, ""value"": 0.029304353520274162, ""text"": ""Harga sedang bergejolak: rata-rata ±2,9% per hari (30 hari terakhir)""}]"
2026-10-07,com_13,16,0.0195207664619672,1,0.5325885,0.24836789,Cabai Merah Besar,Cabai Merah,Jawa Timur,-7.2575,112.7521,Sedang lonjak,"Harga +28,2% dalam 7 hari terakhir | Provinsi ""pemimpin"" (biasanya naik duluan) berubah rata-rata +18,6% dalam 7 hari | Harga sedang bergejolak: rata-rata ±3,5% per hari (14 hari terakhir)","[{""feature"": ""ret_7"", ""shap"": 0.5541054851319825, ""value"": 0.24836789071559906, ""text"": ""Harga +28,2% dalam 7 hari terakhir""}, {""feature"": ""lead_ret_7_mean"", ""shap"": 0.4292229464904735, ""value"": 0.17020875215530396, ""text"": ""Provinsi \""pemimpin\"" (biasanya naik duluan) berubah rata-rata +18,6% dalam 7 hari""}, {""feature"": ""vol_14"", ""shap"": 0.41249297103501237, ""value"": 0.034785542637109756, ""text"": ""Harga sedang bergejolak: rata-rata ±3,5% per hari (14 hari terakhir)""}]"
2026-10-07,com_13,17,0.02081266778086728,1,0.3275862,0.109698914,Cabai Merah Besar,Cabai Merah,Bali,-8.6705,115.2126,Sedang lonjak,"Provinsi ""pemimpin"" (biasanya naik duluan) berubah rata-rata +32,5% dalam 14 hari | Harga 43,5% di bawah rata-rata nasional (berpotensi menyusul naik) | Harga sedang bergejolak: rata-rata ±2,6% per hari (30 hari terakhir)","[{""feature"": ""lead_ret_14_mean"", ""shap"": 0.5192767922893297, ""value"": 0.2812489867210388, ""text"": ""Provinsi \""pemimpin\"" (biasanya naik duluan) berubah rata-rata +32,5% dalam 14 hari""}, {""feature"": ""rel_nat"", ""shap"": 0.3760753635500239, ""value"": -0.5703189969062805, ""text"": ""Harga 43,5% di bawah rata-rata nasional (berpotensi menyusul naik)""}, {""feature"": ""vol_30"", ""shap"": 0.345122170714517, ""value"": 0.02611006796360016, ""text"": ""Harga sedang bergejolak: rata-rata ±2,6% per hari (30 hari terakhir)""}]"
2026-10-07,com_13,18,0.031213242535211367,1,0.23508772,0.18516651,Cabai Merah Besar,Cabai Merah,Nusa Tenggara Barat,-8.5833,116.1167,Sedang lonjak,"Harga +20,3% dalam 7 hari terakhir | Provinsi ""pemimpin"" (biasanya naik duluan) berubah rata-rata +41,5% dalam 14 hari | Harga 48,3% di bawah rata-rata nasional (berpotensi menyusul naik)","[{""feature"": ""ret_7"", ""shap"": 0.5971091971423588, ""value"": 0.18516650795936584, ""text"": ""Harga +20,3% dalam 7 hari terakhir""}, {""feature"": ""lead_ret_14_mean"", ""shap"": 0.5231023009208836, ""value"": 0.3469514846801758, ""text"": ""Provinsi \""pemimpin\"" (biasanya naik duluan) berubah rata-rata +41,5% dalam 14 hari""}, {""feature"": ""rel_nat"", ""shap"": 0.389016445322043, ""value"": -0.6599311232566833, ""text"": ""Harga 48,3% di bawah rata-rata nasional (berpotensi menyusul naik)""}]"
2026-10-07,com_13,19,0.04685622567877503,0,0.13776723,0.03505404,Cabai Merah Besar,Cabai Merah,Nusa Tenggara Timur,-10.1772,123.607,Rendah,"Provinsi ""pemimpin"" (biasanya naik duluan) berubah rata-rata +17,1% dalam 7 hari | Harga sedang bergejolak: rata-rata ±1,4% per hari (30 hari terakhir) | Harga 29,7% di bawah rata-rata nasional (berpotensi menyusul naik)","[{""feature"": ""lead_ret_7_mean"", ""shap"": 0.5600659469556569, ""value"": 0.1579967439174652, ""text"": ""Provinsi \""pemimpin\"" (biasanya naik duluan) berubah rata-rata +17,1% dalam 7 hari""}, {""feature"": ""vol_30"", ""shap"": 0.34760108925913397, ""value"": 0.013869463466107845, ""text"": ""Harga sedang bergejolak: rata-rata ±1,4% per hari (30 hari terakhir)""}, {""feature"": ""rel_nat"", ""shap"": 0.30075964629238383, ""value"": -0.35186171531677246, ""text"": ""Harga 29,7% di bawah rata-rata nasional (berpotensi menyusul naik)""}]"
2026-10-07,com_13,20,0.00760994517789665,1,0.15179543,0.13049935,Cabai Merah Besar,Cabai Merah,Kalimantan Barat,-0.0263,109.3425,Sedang lonjak,"Provinsi ""pemimpin"" (biasanya naik duluan) berubah rata-rata +15,3% dalam 7 hari | Harga +13,9% dalam 7 hari terakhir | Harga sedang bergejolak: rata-rata ±3,0% per hari (14 hari terakhir)","[{""feature"": ""lead_ret_7_mean"", ""shap"": 0.43131061482315297, ""value"": 0.14194795489311218, ""text"": ""Provinsi \""pemimpin\"" (biasanya naik duluan) berubah rata-rata +15,3% dalam 7 hari""}, {""feature"": ""ret_7"", ""shap"": 0.3915726946163808, ""value"": 0.13049934804439545, ""text"": ""Harga +13,9% dalam 7 hari terakhir""}, {""feature"": ""vol_14"", ""shap"": 0.3712702436532046, ""value"": 0.02971101552248001, ""text"": ""Harga sedang bergejolak: rata-rata ±3,0% per hari (14 hari terakhir)""}]"
2026-10-07,com_13,21,0.01626447718453721,1,0.2142245,0.21576086,Cabai Merah Besar,Cabai Merah,Kalimantan Selatan,-3.3186,114.5944,Sedang lonjak,"Harga +24,1% dalam 7 hari terakhir | Provinsi ""pemimpin"" (biasanya naik duluan) berubah rata-rata +32,5% dalam 14 hari | Harga sedang bergejolak: rata-rata ±4,1% per hari (14 hari terakhir)","[{""feature"": ""ret_7"", ""shap"": 0.5925582824015608, ""value"": 0.21576085686683655, ""text"": ""Harga +24,1% dalam 7 hari terakhir""}, {""feature"": ""lead_ret_14_mean"", ""shap"": 0.5114718077629592, ""value"": 0.2812489867210388, ""text"": ""Provinsi \""pemimpin\"" (biasanya naik duluan) berubah rata-rata +32,5% dalam 14 hari""}, {""feature"": ""vol_14"", ""shap"": 0.4384148090043324, ""value"": 0.041120704263448715, ""text"": ""Harga sedang bergejolak: rata-rata ±4,1% per hari (14 hari terakhir)""}]"
2026-10-07,com_13,22,0.6394417704389381,0,0.046698872,0.086731695,Cabai Merah Besar,Cabai Merah,Kalimantan Tengah,-2.2161,113.9135,Tinggi,"Provinsi ""pemimpin"" (biasanya naik duluan) berubah rata-rata +24,7% dalam 7 hari | Harga sedang bergejolak: rata-rata ±1,7% per hari (30 hari terakhir) | Harga +9,1% dalam 7 hari terakhir","[{""feature"": ""lead_ret_7_mean"", ""shap"": 0.9769823740693011, ""value"": 0.2210402488708496, ""text"": ""Provinsi \""pemimpin\"" (biasanya naik duluan) berubah rata-rata +24,7% dalam 7 hari""}, {""feature"": ""vol_30"", ""shap"": 0.6966858612285379, ""value"": 0.017346248030662537, ""text"": ""Harga sedang bergejolak: rata-rata ±1,7% per hari (30 hari terakhir)""}, {""feature"": ""ret_7"", ""shap"": 0.5450516732133915, ""value"": 0.0867316946387291, ""text"": ""Harga +9,1% dalam 7 hari terakhir""}]"
2026-10-07,com_13,23,0.03880626917548551,1,0.22381379,0.2402979,Cabai Merah Besar,Cabai Merah,Kalimantan Timur,-0.5022,117.1536,Sedang lonjak,"Harga +27,2% dalam 7 hari terakhir | Provinsi ""pemimpin"" (biasanya naik duluan) berubah rata-rata +24,0% dalam 7 hari | Harga sedang bergejolak: rata-rata ±3,7% per hari (14 hari terakhir)","[{""feature"": ""ret_7"", ""shap"": 0.7088130718191689, ""value"": 0.24029789865016937, ""text"": ""Harga +27,2% dalam 7 hari terakhir""}, {""feature"": ""lead_ret_7_mean"", ""shap"": 0.515127003410332, ""value"": 0.21492312848567963, ""text"": ""Provinsi \""pemimpin\"" (biasanya naik duluan) berubah rata-rata +24,0% dalam 7 hari""}, {""feature"": ""vol_14"", ""shap"": 0.47733564339089035, ""value"": 0.037283919751644135, ""text"": ""Harga sedang bergejolak: rata-rata ±3,7% per hari (14 hari terakhir)""}]"
2026-10-07,com_13,24,0.5729102766081579,0,0.058117498,0.056491386,Cabai Merah Besar,Cabai Merah,Kalimantan Utara,2.8375,117.3653,Tinggi,"Provinsi ""pemimpin"" (biasanya naik duluan) berubah rata-rata +24,4% dalam 7 hari | Harga sedang bergejolak: rata-rata ±1,4% per hari (30 hari terakhir) | 121 hari sejak lonjakan terakhir","[{""feature"": ""lead_ret_7_mean"", ""shap"": 0.9666530143868641, ""value"": 0.21846112608909607, ""text"": ""Provinsi \""pemimpin\"" (biasanya naik duluan) berubah rata-rata +24,4% dalam 7 hari""}, {""feature"": ""vol_30"", ""shap"": 0.6260323919088459, ""value"": 0.014439054764807224, ""text"": ""Harga sedang bergejolak: rata-rata ±1,4% per hari (30 hari terakhir)""}, {""feature"": ""days_since_spike"", ""shap"": 0.276879977128144, ""value"": 121.0, ""text"": ""121 hari sejak lonjakan terakhir""}]"
2026-10-07,com_13,26,0.027137010041517556,1,0.21445782,0.2211614,Cabai Merah Besar,Cabai Merah,Sulawesi Selatan,-5.1477,119.4327,Sedang lonjak,"Provinsi ""pemimpin"" (biasanya naik duluan) berubah rata-rata +41,5% dalam 14 hari | Harga +24,8% dalam 7 hari terakhir | Harga sedang bergejolak: rata-rata ±5,1% per hari (14 hari terakhir)","[{""feature"": ""lead_ret_14_mean"", ""shap"": 0.6353796823196619, ""value"": 0.3469514846801758, ""text"": ""Provinsi \""pemimpin\"" (biasanya naik duluan) berubah rata-rata +41,5% dalam 14 hari""}, {""feature"": ""ret_7"", ""shap"": 0.6346359561642999, ""value"": 0.2211613953113556, ""text"": ""Harga +24,8% dalam 7 hari terakhir""}, {""feature"": ""vol_14"", ""shap"": 0.5476229661744655, ""value"": 0.05115592107176781, ""text"": ""Harga sedang bergejolak: rata-rata ±5,1% per hari (14 hari terakhir)""}]"
2026-10-07,com_13,27,0.5416689126176418,0,0.052188553,0.05087233,Cabai Merah Besar,Cabai Merah,Sulawesi Tenggara,-3.9985,122.513,Tinggi,"Provinsi ""pemimpin"" (biasanya naik duluan) berubah rata-rata +24,7% dalam 7 hari | Harga sedang bergejolak: rata-rata ±1,6% per hari (30 hari terakhir) | Harga +5,2% dalam 7 hari terakhir","[{""feature"": ""lead_ret_7_mean"", ""shap"": 0.9883216221811765, ""value"": 0.2210402488708496, ""text"": ""Provinsi \""pemimpin\"" (biasanya naik duluan) berubah rata-rata +24,7% dalam 7 hari""}, {""feature"": ""vol_30"", ""shap"": 0.6681055188104086, ""value"": 0.01631362922489643, ""text"": ""Harga sedang bergejolak: rata-rata ±1,6% per hari (30 hari terakhir)""}, {""feature"": ""ret_7"", ""shap"": 0.2957018757884705, ""value"": 0.050872329622507095, ""text"": ""Harga +5,2% dalam 7 hari terakhir""}]"
2026-10-07,com_13,28,0.01652490053620232,1,0.18137255,0.16913092,Cabai Merah Besar,Cabai Merah,Sulawesi Tengah,-0.8917,119.8707,Sedang lonjak,"Harga +18,4% dalam 7 hari terakhir | Provinsi ""pemimpin"" (biasanya naik duluan) berubah rata-rata +14,9% dalam 7 hari | Harga sedang bergejolak: rata-rata ±2,8% per hari (30 hari terakhir)","[{""feature"": ""ret_7"", ""shap"": 0.759276855625275, ""value"": 0.16913092136383057, ""text"": ""Harga +18,4% dalam 7 hari terakhir""}, {""feature"": ""lead_ret_7_mean"", ""shap"": 0.3878188460350861, ""value"": 0.138826385140419, ""text"": ""Provinsi \""pemimpin\"" (biasanya naik duluan) berubah rata-rata +14,9% dalam 7 hari""}, {""feature"": ""vol_30"", ""shap"": 0.3509216197704172, ""value"": 0.02836226485669613, ""text"": ""Harga sedang bergejolak: rata-rata ±2,8% per hari (30 hari terakhir)""}]"
2026-10-07,com_13,30,0.02372974065075374,1,0.19153225,0.17524008,Cabai Merah Besar,Cabai Merah,Sulawesi Barat,-2.6748,118.8885,Sedang lonjak,"Harga +19,2% dalam 7 hari terakhir | Provinsi ""pemimpin"" (biasanya naik duluan) berubah rata-rata +34,4% dalam 14 hari | Harga sedang bergejolak: rata-rata ±5,0% per hari (14 hari terakhir)","[{""feature"": ""ret_7"", ""shap"": 0.6655451755995456, ""value"": 0.17524008452892303, ""text"": ""Harga +19,2% dalam 7 hari terakhir""}, {""feature"": ""lead_ret_14_mean"", ""shap"": 0.6014527361815099, ""value"": 0.2958868443965912, ""text"": ""Provinsi \""pemimpin\"" (biasanya naik duluan) berubah rata-rata +34,4% dalam 14 hari""}, {""feature"": ""vol_14"", ""shap"": 0.4440568505236061, ""value"": 0.04991377517580986, ""text"": ""Harga sedang bergejolak: rata-rata ±5,0% per hari (14 hari terakhir)""}]"
2026-10-07,com_13,32,0.06495779387355674,0,0.0,0.0,Cabai Merah Besar,Cabai Merah,Maluku Utara,0.7893,127.3842,Rendah,"Provinsi ""pemimpin"" (biasanya naik duluan) berubah rata-rata +19,8% dalam 14 hari | 67% provinsi ""pemimpin"" sedang mengalami lonjakan | Harga nasional +13,4% (7 hari)","[{""feature"": ""lead_ret_14_mean"", ""shap"": 0.8807216461481852, ""value"": 0.18048734962940216, ""text"": ""Provinsi \""pemimpin\"" (biasanya naik duluan) berubah rata-rata +19,8% dalam 14 hari""}, {""feature"": ""lead_spike_share"", ""shap"": 0.1694891578058766, ""value"": 0.6666666865348816, ""text"": ""67% provinsi \""pemimpin\"" sedang mengalami lonjakan""}, {""feature"": ""nat_ret_7"", ""shap"": 0.1660327803177902, ""value"": 0.12579967081546783, ""text"": ""Harga nasional +13,4% (7 hari)""}]"
2026-10-07,com_13,33,0.798099431583981,0,0.113149844,0.09503549,Cabai Merah Besar,Cabai Merah,Papua,-2.5337,140.7181,Tinggi,"Provinsi ""pemimpin"" (biasanya naik duluan) berubah rata-rata +20,2% dalam 7 hari | Harga +10,0% dalam 7 hari terakhir | Harga sedang bergejolak: rata-rata ±1,6% per hari (30 hari terakhir)","[{""feature"": ""lead_ret_7_mean"", ""shap"": 0.788713270933461, ""value"": 0.1836201548576355, ""text"": ""Provinsi \""pemimpin\"" (biasanya naik duluan) berubah rata-rata +20,2% dalam 7 hari""}, {""feature"": ""ret_7"", ""shap"": 0.6189711745217651, ""value"": 0.09503549337387085, ""text"": ""Harga +10,0% dalam 7 hari terakhir""}, {""feature"": ""vol_30"", ""shap"": 0.6093632162329256, ""value"": 0.015850085765123367, ""text"": ""Harga sedang bergejolak: rata-rata ±1,6% per hari (30 hari terakhir)""}]"
2026-10-07,com_13,34,0.010688178400662956,1,0.42857143,0.105360515,Cabai Merah Besar,Cabai Merah,Papua Barat,-0.8615,134.062,Sedang lonjak,"Harga sedang bergejolak: rata-rata ±7,1% per hari (14 hari terakhir) | Provinsi ""pemimpin"" (biasanya naik duluan) berubah rata-rata +12,7% dalam 14 hari | Harga +11,1% dalam 7 hari terakhir","[{""feature"": ""vol_14"", ""shap"": 0.5091462065602097, ""value"": 0.07080463320016861, ""text"": ""Harga sedang bergejolak: rata-rata ±7,1% per hari (14 hari terakhir)""}, {""feature"": ""lead_ret_14_mean"", ""shap"": 0.35307883807254203, ""value"": 0.11962374299764633, ""text"": ""Provinsi \""pemimpin\"" (biasanya naik duluan) berubah rata-rata +12,7% dalam 14 hari""}, {""feature"": ""ret_7"", ""shap"": 0.27563132437321375, ""value"": 0.10536051541566849, ""text"": ""Harga +11,1% dalam 7 hari terakhir""}]"
2026-10-07,com_14,1,0.015103149842595342,1,0.31412786,0.26062405,Cabai Merah Keriting,Cabai Merah,Aceh,5.5483,95.3238,Sedang lonjak,"Harga +29,8% dalam 7 hari terakhir | Provinsi ""pemimpin"" (biasanya naik duluan) berubah rata-rata +32,8% dalam 14 hari | Harga sedang bergejolak: rata-rata ±5,3% per hari (14 hari terakhir)","[{""feature"": ""ret_7"", ""shap"": 0.5763411142440035, ""value"": 0.2606240510940552, ""text"": ""Harga +29,8% dalam 7 hari terakhir""}, {""feature"": ""lead_ret_14_mean"", ""shap"": 0.5440842206296415, ""value"": 0.2833382487297058, ""text"": ""Provinsi \""pemimpin\"" (biasanya naik duluan) berubah rata-rata +32,8% dalam 14 hari""}, {""feature"": ""vol_14"", ""shap"": 0.4298342693498213, ""value"": 0.05306326597929001, ""text"": ""Harga sedang bergejolak: rata-rata ±5,3% per hari (14 hari terakhir)""}]"
2026-10-07,com_14,2,0.013942947243002764,1,0.31900826,0.21053539,Cabai Merah Keriting,Cabai Merah,Sumatera Utara,3.5952,98.6722,Sedang lonjak,"Harga +23,4% dalam 7 hari terakhir | Provinsi ""pemimpin"" (biasanya naik duluan) berubah rata-rata +29,1% dalam 14 hari | Harga sedang bergejolak: rata-rata ±3,7% per hari (14 hari terakhir)","[{""feature"": ""ret_7"", ""shap"": 0.6154298293460881, ""value"": 0.21053539216518402, ""text"": ""Harga +23,4% dalam 7 hari terakhir""}, {""feature"": ""lead_ret_14_mean"", ""shap"": 0.4770337197544272, ""value"": 0.2556370198726654, ""text"": ""Provinsi \""pemimpin\"" (biasanya naik duluan) berubah rata-rata +29,1% dalam 14 hari""}, {""feature"": ""vol_14"", ""shap"": 0.3964913337961806, ""value"": 0.037468321621418, ""text"": ""Harga sedang bergejolak: rata-rata ±3,7% per hari (14 hari terakhir)""}]"
2026-10-07,com_14,3,0.015024159031199526,1,0.25605536,0.14183019,Cabai Merah Keriting,Cabai Merah,Sumatera Barat,-0.9471,100.4172,Sedang lonjak,"Provinsi ""pemimpin"" (biasanya naik duluan) berubah rata-rata +30,9% dalam 14 hari | Harga sedang bergejolak: rata-rata ±2,6% per hari (30 hari terakhir) | Harga +15,2% dalam 7 hari terakhir","[{""feature"": ""lead_ret_14_mean"", ""shap"": 0.49237883052395276, ""value"": 0.26894599199295044, ""text"": ""Provinsi \""pemimpin\"" (biasanya naik duluan) berubah rata-rata +30,9% dalam 14 hari""}, {""feature"": ""vol_30"", ""shap"": 0.39616507699342934, ""value"": 0.025754500180482864, ""text"": ""Harga sedang bergejolak: rata-rata ±2,6% per hari (30 hari terakhir)""}, {""feature"": ""ret_7"", ""shap"": 0.3378167996594035, ""value"": 0.1418301910161972, ""text"": ""Harga +15,2% dalam 7 hari terakhir""}]"
2026-10-07,com_14,4,0.009961661985009272,1,0.4992785,0.21082798,Cabai Merah Keriting,Cabai Merah,Riau,0.5071,101.4478,Sedang lonjak,"Harga +23,5% dalam 7 hari terakhir | Provinsi ""pemimpin"" (biasanya naik duluan) berubah rata-rata +33,3% dalam 14 hari | Harga sedang bergejolak: rata-rata ±5,8% per hari (14 hari terakhir)","[{""feature"": ""ret_7"", ""shap"": 0.6425984570230843, ""value"": 0.21082797646522522, ""text"": ""Harga +23,5% dalam 7 hari terakhir""}, {""feature"": ""lead_ret_14_mean"", ""shap"": 0.5449403990913134, ""value"": 0.28749772906303406, ""text"": ""Provinsi \""pemimpin\"" (biasanya naik duluan) berubah rata-rata +33,3% dalam 14 hari""}, {""feature"": ""vol_14"", ""shap"": 0.5346748612443557, ""value"": 0.05797409266233444, ""text"": ""Harga sedang bergejolak: rata-rata ±5,8% per hari (14 hari terakhir)""}]"
2026-10-07,com_14,5,0.01769259087095779,1,0.22259358,0.20902823,Cabai Merah Keriting,Cabai Merah,Kepulauan Riau,0.9186,104.4665,Sedang lonjak,"Harga +23,2% dalam 7 hari terakhir | Provinsi ""pemimpin"" (biasanya naik duluan) berubah rata-rata +32,8% dalam 14 hari | Harga sedang bergejolak: rata-rata ±4,3% per hari (14 hari terakhir)","[{""feature"": ""ret_7"", ""shap"": 0.6391303379405763, ""value"": 0.2090282291173935, ""text"": ""Harga +23,2% dalam 7 hari terakhir""}, {""feature"": ""lead_ret_14_mean"", ""shap"": 0.5682949877581452, ""value"": 0.2833382487297058, ""text"": ""Provinsi \""pemimpin\"" (biasanya naik duluan) berubah rata-rata +32,8% dalam 14 hari""}, {""feature"": ""vol_14"", ""shap"": 0.4757796962759955, ""value"": 0.043499093502759933, ""text"": ""Harga sedang bergejolak: rata-rata ±4,3% per hari (14 hari terakhir)""}]"
2026-10-07,com_14,6,0.008099231514086156,1,0.41221374,0.16490652,Cabai Merah Keriting,Cabai Merah,Jambi,-1.6101,103.6131,Sedang lonjak,"Harga +17,9% dalam 7 hari terakhir | Provinsi ""pemimpin"" (biasanya naik duluan) berubah rata-rata +29,0% dalam 14 hari | Harga sedang bergejolak: rata-rata ±3,5% per hari (30 hari terakhir)","[{""feature"": ""ret_7"", ""shap"": 0.6090097106450356, ""value"": 0.16490651667118073, ""text"": ""Harga +17,9% dalam 7 hari terakhir""}, {""feature"": ""lead_ret_14_mean"", ""shap"": 0.49528491329310675, ""value"": 0.2542755603790283, ""text"": ""Provinsi \""pemimpin\"" (biasanya naik duluan) berubah rata-rata +29,0% dalam 14 hari""}, {""feature"": ""vol_30"", ""shap"": 0.3521762067952399, ""value"": 0.03524816036224365, ""text"": ""Harga sedang bergejolak: rata-rata ±3,5% per hari (30 hari terakhir)""}]"
2026-10-07,com_14,7,0.012078561549426266,1,0.29166666,0.1198012,Cabai Merah Keriting,Cabai Merah,Bengkulu,-3.7928,102.2608,Sedang lonjak,"Provinsi ""pemimpin"" (biasanya naik duluan) berubah rata-rata +33,3% dalam 14 hari | Harga sedang bergejolak: rata-rata ±3,7% per hari (30 hari terakhir) | Harga +12,7% dalam 7 hari terakhir","[{""feature"": ""lead_ret_14_mean"", ""shap"": 0.5556219175366592, ""value"": 0.28749772906303406, ""text"": ""Provinsi \""pemimpin\"" (biasanya naik duluan) berubah rata-rata +33,3% dalam 14 hari""}, {""feature"": ""vol_30"", ""shap"": 0.36299809858404825, ""value"": 0.036604080349206924, ""text"": ""Harga sedang bergejolak: rata-rata ±3,7% per hari (30 hari terakhir)""}, {""feature"": ""ret_7"", ""shap"": 0.3412217913302147, ""value"": 0.11980120092630386, ""text"": ""Harga +12,7% dalam 7 hari terakhir""}]"
2026-10-07,com_14,8,0.01959334239250969,1,0.22594142,0.12334455,Cabai Merah Keriting,Cabai Merah,Sumatera Selatan,-2.9761,104.7754,Sedang lonjak,"Provinsi ""pemimpin"" (biasanya naik duluan) berubah rata-rata +32,8% dalam 14 hari | Harga sedang bergejolak: rata-rata ±2,0% per hari (30 hari terakhir) | Harga +13,1% dalam 7 hari terakhir","[{""feature"": ""lead_ret_14_mean"", ""shap"": 0.5531216591648533, ""value"": 0.2833382487297058, ""text"": ""Provinsi \""pemimpin\"" (biasanya naik duluan) berubah rata-rata +32,8% dalam 14 hari""}, {""feature"": ""vol_30"", ""shap"": 0.3284821088781646, ""value"": 0.02024698443710804, ""text"": ""Harga sedang bergejolak: rata-rata ±2,0% per hari (30 hari terakhir)""}, {""feature"": ""ret_7"", ""shap"": 0.32744451492059434, ""value"": 0.1233445480465889, ""text"": ""Harga +13,1% dalam 7 hari terakhir""}]"
2026-10-07,com_14,9,0.5509905547213679,0,0.039638385,0.058536503,Cabai Merah Keriting,Cabai Merah,Kepulauan Bangka Belitung,-2.1316,106.1169,Tinggi,"Provinsi ""pemimpin"" (biasanya naik duluan) berubah rata-rata +24,1% dalam 7 hari | Harga sedang bergejolak: rata-rata ±3,1% per hari (30 hari terakhir) | Harga +8,9% dalam 3 hari terakhir","[{""feature"": ""lead_ret_7_mean"", ""shap"": 0.8621892447843255, ""value"": 0.21571263670921326, ""text"": ""Provinsi \""pemimpin\"" (biasanya naik duluan) berubah rata-rata +24,1% dalam 7 hari""}, {""feature"": ""vol_30"", ""shap"": 0.688499928970381, ""value"": 0.03097972832620144, ""text"": ""Harga sedang bergejolak: rata-rata ±3,1% per hari (30 hari terakhir)""}, {""feature"": ""ret_3"", ""shap"": 0.30644198520408306, ""value"": 0.08512807637453079, ""text"": ""Harga +8,9% dalam 3 hari terakhir""}]"
2026-10-07,com_14,10,0.016507227876350474,1,0.33557048,0.24070533,Cabai Merah Keriting,Cabai Merah,Lampung,-5.3971,105.2668,Sedang lonjak,"Provinsi ""pemimpin"" (biasanya naik duluan) berubah rata-rata +32,8% dalam 14 hari | Harga +27,2% dalam 7 hari terakhir | Harga sedang bergejolak: rata-rata ±3,0% per hari (14 hari terakhir)","[{""feature"": ""lead_ret_14_mean"", ""shap"": 0.5929536625675672, ""value"": 0.2833382487297058, ""text"": ""Provinsi \""pemimpin\"" (biasanya naik duluan) berubah rata-rata +32,8% dalam 14 hari""}, {""feature"": ""ret_7"", ""shap"": 0.5892359098310098, ""value"": 0.24070532619953156, ""text"": ""Harga +27,2% dalam 7 hari terakhir""}, {""feature"": ""vol_14"", ""shap"": 0.3543944328085732, ""value"": 0.03047611378133297, ""text"": ""Harga sedang bergejolak: rata-rata ±3,0% per hari (14 hari terakhir)""}]"
2026-10-07,com_14,11,0.017914643491374716,1,0.21382488,0.13298918,Cabai Merah Keriting,Cabai Merah,Banten,-6.1104,106.164,Sedang lonjak,"Provinsi ""pemimpin"" (biasanya naik duluan) berubah rata-rata +34,6% dalam 14 hari | Harga sedang bergejolak: rata-rata ±2,0% per hari (30 hari terakhir) | Harga +14,2% dalam 7 hari terakhir","[{""feature"": ""lead_ret_14_mean"", ""shap"": 0.5699085445349953, ""value"": 0.2974958121776581, ""text"": ""Provinsi \""pemimpin\"" (biasanya naik duluan) berubah rata-rata +34,6% dalam 14 hari""}, {""feature"": ""vol_30"", ""shap"": 0.3205394758685342, ""value"": 0.019942091777920723, ""text"": ""Harga sedang bergejolak: rata-rata ±2,0% per hari (30 hari terakhir)""}, {""feature"": ""ret_7"", ""shap"": 0.29197660070955095, ""value"": 0.13298918306827545, ""text"": ""Harga +14,2% dalam 7 hari terakhir""}]"
2026-10-07,com_14,12,0.021252548447017332,1,0.22901386,0.20866008,Cabai Merah Keriting,Cabai Merah,Jawa Barat,-6.9175,107.6191,Sedang lonjak,"Harga +23,2% dalam 7 hari terakhir | Provinsi ""pemimpin"" (biasanya naik duluan) berubah rata-rata +34,6% dalam 14 hari | Harga sedang bergejolak: rata-rata ±2,7% per hari (30 hari terakhir)","[{""feature"": ""ret_7"", ""shap"": 0.6265042074557112, ""value"": 0.2086600810289383, ""text"": ""Harga +23,2% dalam 7 hari terakhir""}, {""feature"": ""lead_ret_14_mean"", ""shap"": 0.5763497907857282, ""value"": 0.2974958121776581, ""text"": ""Provinsi \""pemimpin\"" (biasanya naik duluan) berubah rata-rata +34,6% dalam 14 hari""}, {""feature"": ""vol_30"", ""shap"": 0.38000197860663654, ""value"": 0.0269478652626276, ""text"": ""Harga sedang bergejolak: rata-rata ±2,7% per hari (30 hari terakhir)""}]"
2026-10-07,com_14,13,0.023178811469680746,1,0.24175824,0.18819308,Cabai Merah Keriting,Cabai Merah,DKI Jakarta,-6.2088,106.8456,Sedang lonjak,"Harga +20,7% dalam 7 hari terakhir | Provinsi ""pemimpin"" (biasanya naik duluan) berubah rata-rata +34,6% dalam 14 hari | Harga sedang bergejolak: rata-rata ±3,4% per hari (30 hari terakhir)","[{""feature"": ""ret_7"", ""shap"": 0.5950263433331795, ""value"": 0.18819308280944824, ""text"": ""Harga +20,7% dalam 7 hari terakhir""}, {""feature"": ""lead_ret_14_mean"", ""shap"": 0.5360813778591645, ""value"": 0.2974958121776581, ""text"": ""Provinsi \""pemimpin\"" (biasanya naik duluan) berubah rata-rata +34,6% dalam 14 hari""}, {""feature"": ""vol_30"", ""shap"": 0.435324972094491, ""value"": 0.03393595293164253, ""text"": ""Harga sedang bergejolak: rata-rata ±3,4% per hari (30 hari terakhir)""}]"
2026-10-07,com_14,14,0.015070579317621773,1,0.29430053,0.24152605,Cabai Merah Keriting,Cabai Merah,Jawa Tengah,-6.9667,110.4167,Sedang lonjak,"Harga +27,3% dalam 7 hari terakhir | Provinsi ""pemimpin"" (biasanya naik duluan) berubah rata-rata +31,7% dalam 14 hari | Harga sedang bergejolak: rata-rata ±3,0% per hari (30 hari terakhir)","[{""feature"": ""ret_7"", ""shap"": 0.5820069556031519, ""value"": 0.2415260523557663, ""text"": ""Harga +27,3% dalam 7 hari terakhir""}, {""feature"": ""lead_ret_14_mean"", ""shap"": 0.48470583709143206, ""value"": 0.2752492427825928, ""text"": ""Provinsi \""pemimpin\"" (biasanya naik duluan) berubah rata-rata +31,7% dalam 14 hari""}, {""feature"": ""vol_30"", ""shap"": 0.37205767511168036, ""value"": 0.029969332739710808, ""text"": ""Harga sedang bergejolak: rata-rata ±3,0% per hari (30 hari terakhir)""}]"
2026-10-07,com_14,15,0.03690697746182047,0,0.13302752,0.1575302,Cabai Merah Keriting,Cabai Merah,DI Yogyakarta,-7.7956,110.3695,Rendah,"Provinsi ""pemimpin"" (biasanya naik duluan) berubah rata-rata +34,6% dalam 14 hari | Harga +17,1% dalam 7 hari terakhir | Harga sedang bergejolak: rata-rata ±4,2% per hari (30 hari terakhir)","[{""feature"": ""lead_ret_14_mean"", ""shap"": 0.5937201144934383, ""value"": 0.2974958121776581, ""text"": ""Provinsi \""pemimpin\"" (biasanya naik duluan) berubah rata-rata +34,6% dalam 14 hari""}, {""feature"": ""ret_7"", ""shap"": 0.39355724466373027, ""value"": 0.15753020346164703, ""text"": ""Harga +17,1% dalam 7 hari terakhir""}, {""feature"": ""vol_30"", ""shap"": 0.3219735495860429, ""value"": 0.04214351996779442, ""text"": ""Harga sedang bergejolak: rata-rata ±4,2% per hari (30 hari terakhir)""}]"
2026-10-07,com_14,16,0.02560381774148752,1,0.31135532,0.20036037,Cabai Merah Keriting,Cabai Merah,Jawa Timur,-7.2575,112.7521,Sedang lonjak,"Harga +22,2% dalam 7 hari terakhir | Provinsi ""pemimpin"" (biasanya naik duluan) berubah rata-rata +34,6% dalam 14 hari | Harga sedang bergejolak: rata-rata ±3,3% per hari (14 hari terakhir)","[{""feature"": ""ret_7"", ""shap"": 0.5662906703507922, ""value"": 0.20036037266254425, ""text"": ""Harga +22,2% dalam 7 hari terakhir""}, {""feature"": ""lead_ret_14_mean"", ""shap"": 0.5246670364267824, ""value"": 0.2974958121776581, ""text"": ""Provinsi \""pemimpin\"" (biasanya naik duluan) berubah rata-rata +34,6% dalam 14 hari""}, {""feature"": ""vol_14"", ""shap"": 0.3839871553836033, ""value"": 0.03342990204691887, ""text"": ""Harga sedang bergejolak: rata-rata ±3,3% per hari (14 hari terakhir)""}]"
2026-10-07,com_14,17,0.020254356907061843,1,0.22051887,0.12761381,Cabai Merah Keriting,Cabai Merah,Bali,-8.6705,115.2126,Sedang lonjak,"Provinsi ""pemimpin"" (biasanya naik duluan) berubah rata-rata +31,4% dalam 14 hari | Harga 37,2% di bawah rata-rata nasional (berpotensi menyusul naik) | Harga sedang bergejolak: rata-rata ±2,2% per hari (30 hari terakhir)","[{""feature"": ""lead_ret_14_mean"", ""shap"": 0.4939990934856491, ""value"": 0.27279672026634216, ""text"": ""Provinsi \""pemimpin\"" (biasanya naik duluan) berubah rata-rata +31,4% dalam 14 hari""}, {""feature"": ""rel_nat"", ""shap"": 0.2965630263415325, ""value"": -0.465160995721817, ""text"": ""Harga 37,2% di bawah rata-rata nasional (berpotensi menyusul naik)""}, {""feature"": ""vol_30"", ""shap"": 0.29050533752770913, ""value"": 0.02161676250398159, ""text"": ""Harga sedang bergejolak: rata-rata ±2,2% per hari (30 hari terakhir)""}]"
2026-10-07,com_14,18,0.01581229532977052,1,0.27308193,0.0975599,Cabai Merah Keriting,Cabai Merah,Nusa Tenggara Barat,-8.5833,116.1167,Sedang lonjak,"Provinsi ""pemimpin"" (biasanya naik duluan) berubah rata-rata +25,5% dalam 7 hari | Harga 40,6% di bawah rata-rata nasional (berpotensi menyusul naik) | Harga sedang bergejolak: rata-rata ±2,5% per hari (30 hari terakhir)","[{""feature"": ""lead_ret_7_mean"", ""shap"": 0.509531992407099, ""value"": 0.2275305837392807, ""text"": ""Provinsi \""pemimpin\"" (biasanya naik duluan) berubah rata-rata +25,5% dalam 7 hari""}, {""feature"": ""rel_nat"", ""shap"": 0.3321167433104628, ""value"": -0.5207860469818115, ""text"": ""Harga 40,6% di bawah rata-rata nasional (berpotensi menyusul naik)""}, {""feature"": ""vol_30"", ""shap"": 0.2603399018813626, ""value"": 0.024687064811587334, ""text"": ""Harga sedang bergejolak: rata-rata ±2,5% per hari (30 hari terakhir)""}]"
2026-10-07,com_14,19,0.5091915574545337,0,0.06497797,0.0,Cabai Merah Keriting,Cabai Merah,Nusa Tenggara Timur,-10.1772,123.607,Tinggi,"Provinsi ""pemimpin"" (biasanya naik duluan) berubah rata-rata +17,4% dalam 7 hari | Harga sedang bergejolak: rata-rata ±1,1% per hari (30 hari terakhir) | Harga 41,3% di bawah rata-rata nasional (berpotensi menyusul naik)","[{""feature"": ""lead_ret_7_mean"", ""shap"": 0.9747608559534802, ""value"": 0.16008061170578003, ""text"": ""Provinsi \""pemimpin\"" (biasanya naik duluan) berubah rata-rata +17,4% dalam 7 hari""}, {""feature"": ""vol_30"", ""shap"": 0.5063583243679938, ""value"": 0.011203200556337833, ""text"": ""Harga sedang bergejolak: rata-rata ±1,1% per hari (30 hari terakhir)""}, {""feature"": ""rel_nat"", ""shap"": 0.41462430609370887, ""value"": -0.5331192016601562, ""text"": ""Harga 41,3% di bawah rata-rata nasional (berpotensi menyusul naik)""}]"
2026-10-07,com_14,20,0.008198901747769487,1,0.1513158,0.14874864,Cabai Merah Keriting,Cabai Merah,Kalimantan Barat,-0.0263,109.3425,Sedang lonjak,"Harga +16,0% dalam 7 hari terakhir | Harga sedang bergejolak: rata-rata ±4,8% per hari (14 hari terakhir) | Provinsi ""pemimpin"" (biasanya naik duluan) berubah rata-rata +25,8% dalam 14 hari","[{""feature"": ""ret_7"", ""shap"": 0.5081710921150522, ""value"": 0.14874863624572754, ""text"": ""Harga +16,0% dalam 7 hari terakhir""}, {""feature"": ""vol_14"", ""shap"": 0.5036565667632558, ""value"": 0.047887563705444336, ""text"": ""Harga sedang bergejolak: rata-rata ±4,8% per hari (14 hari terakhir)""}, {""feature"": ""lead_ret_14_mean"", ""shap"": 0.44708589311293767, ""value"": 0.22969597578048706, ""text"": ""Provinsi \""pemimpin\"" (biasanya naik duluan) berubah rata-rata +25,8% dalam 14 hari""}]"
2026-10-07,com_14,21,0.014175764408793347,1,0.21241379,0.20440665,Cabai Merah Keriting,Cabai Merah,Kalimantan Selatan,-3.3186,114.5944,Sedang lonjak,"Harga +22,7% dalam 7 hari terakhir | Provinsi ""pemimpin"" (biasanya naik duluan) berubah rata-rata +33,8% dalam 14 hari | Harga sedang bergejolak: rata-rata ±4,0% per hari (14 hari terakhir)","[{""feature"": ""ret_7"", ""shap"": 0.6449880964910493, ""value"": 0.20440664887428284, ""text"": ""Harga +22,7% dalam 7 hari terakhir""}, {""feature"": ""lead_ret_14_mean"", ""shap"": 0.5273560289102275, ""value"": 0.29139670729637146, ""text"": ""Provinsi \""pemimpin\"" (biasanya naik duluan) berubah rata-rata +33,8% dalam 14 hari""}, {""feature"": ""vol_14"", ""shap"": 0.3894505553870265, ""value"": 0.03980495408177376, ""text"": ""Harga sedang bergejolak: rata-rata ±4,0% per hari (14 hari terakhir)""}]"
2026-10-07,com_14,22,0.6936139123124547,0,0.01369863,0.09937248,Cabai Merah Keriting,Cabai Merah,Kalimantan Tengah,-2.2161,113.9135,Tinggi,"Provinsi ""pemimpin"" (biasanya naik duluan) berubah rata-rata +17,2% dalam 7 hari | Harga sedang bergejolak: rata-rata ±2,3% per hari (30 hari terakhir) | Harga +10,4% dalam 7 hari terakhir","[{""feature"": ""lead_ret_7_mean"", ""shap"": 0.899169515329671, ""value"": 0.15883328020572662, ""text"": ""Provinsi \""pemimpin\"" (biasanya naik duluan) berubah rata-rata +17,2% dalam 7 hari""}, {""feature"": ""vol_30"", ""shap"": 0.784275520757022, ""value"": 0.02282623201608658, ""text"": ""Harga sedang bergejolak: rata-rata ±2,3% per hari (30 hari terakhir)""}, {""feature"": ""ret_7"", ""shap"": 0.6122975323062327, ""value"": 0.09937247633934021, ""text"": ""Harga +10,4% dalam 7 hari terakhir""}]"
2026-10-07,com_14,23,0.019061486024301244,1,0.19305857,0.16430305,Cabai Merah Keriting,Cabai Merah,Kalimantan Timur,-0.5022,117.1536,Sedang lonjak,"Harga +17,9% dalam 7 hari terakhir | Provinsi ""pemimpin"" (biasanya naik duluan) berubah rata-rata +17,6% dalam 7 hari | Harga sedang bergejolak: rata-rata ±2,4% per hari (30 hari terakhir)","[{""feature"": ""ret_7"", ""shap"": 0.48207146013042795, ""value"": 0.16430304944515228, ""text"": ""Harga +17,9% dalam 7 hari terakhir""}, {""feature"": ""lead_ret_7_mean"", ""shap"": 0.44999857436270463, ""value"": 0.1620335578918457, ""text"": ""Provinsi \""pemimpin\"" (biasanya naik duluan) berubah rata-rata +17,6% dalam 7 hari""}, {""feature"": ""vol_30"", ""shap"": 0.3309358535267912, ""value"": 0.023933401331305504, ""text"": ""Harga sedang bergejolak: rata-rata ±2,4% per hari (30 hari terakhir)""}]"
2026-10-07,com_14,24,0.6317822141766444,0,0.08830846,0.06919698,Cabai Merah Keriting,Cabai Merah,Kalimantan Utara,2.8375,117.3653,Tinggi,"Provinsi ""pemimpin"" (biasanya naik duluan) berubah rata-rata +20,5% dalam 7 hari | Harga sedang bergejolak: rata-rata ±1,9% per hari (30 hari terakhir) | Harga +7,2% dalam 7 hari terakhir","[{""feature"": ""lead_ret_7_mean"", ""shap"": 0.9321251139507967, ""value"": 0.18616832792758942, ""text"": ""Provinsi \""pemimpin\"" (biasanya naik duluan) berubah rata-rata +20,5% dalam 7 hari""}, {""feature"": ""vol_30"", ""shap"": 0.7227146643860685, ""value"": 0.018528010696172714, ""text"": ""Harga sedang bergejolak: rata-rata ±1,9% per hari (30 hari terakhir)""}, {""feature"": ""ret_7"", ""shap"": 0.4200116861613104, ""value"": 0.06919697672128677, ""text"": ""Harga +7,2% dalam 7 hari terakhir""}]"
2026-10-07,com_14,25,0.5205132117726198,0,0.08108108,0.098164245,Cabai Merah Keriting,Cabai Merah,Gorontalo,0.5435,123.0568,Tinggi,"Harga +10,3% dalam 7 hari terakhir | Provinsi ""pemimpin"" (biasanya naik duluan) berubah rata-rata +13,2% dalam 7 hari | Harga sedang bergejolak: rata-rata ±1,5% per hari (30 hari terakhir)","[{""feature"": ""ret_7"", ""shap"": 0.6563351077291747, ""value"": 0.09816424548625946, ""text"": ""Harga +10,3% dalam 7 hari terakhir""}, {""feature"": ""lead_ret_7_mean"", ""shap"": 0.6363517968668566, ""value"": 0.12382188439369202, ""text"": ""Provinsi \""pemimpin\"" (biasanya naik duluan) berubah rata-rata +13,2% dalam 7 hari""}, {""feature"": ""vol_30"", ""shap"": 0.59111271424794, ""value"": 0.015343375504016876, ""text"": ""Harga sedang bergejolak: rata-rata ±1,5% per hari (30 hari terakhir)""}]"
2026-10-07,com_14,26,0.03380495449158107,1,0.15052733,0.18232156,Cabai Merah Keriting,Cabai Merah,Sulawesi Selatan,-5.1477,119.4327,Sedang lonjak,"Harga +20,0% dalam 7 hari terakhir | Provinsi ""pemimpin"" (biasanya naik duluan) berubah rata-rata +31,4% dalam 14 hari | Harga sedang bergejolak: rata-rata ±4,6% per hari (14 hari terakhir)","[{""feature"": ""ret_7"", ""shap"": 0.656703127005119, ""value"": 0.18232156336307526, ""text"": ""Harga +20,0% dalam 7 hari terakhir""}, {""feature"": ""lead_ret_14_mean"", ""shap"": 0.5082597720565954, ""value"": 0.27279672026634216, ""text"": ""Provinsi \""pemimpin\"" (biasanya naik duluan) berubah rata-rata +31,4% dalam 14 hari""}, {""feature"": ""vol_14"", ""shap"": 0.5029786498239852, ""value"": 0.04570697620511055, ""text"": ""Harga sedang bergejolak: rata-rata ±4,6% per hari (14 hari terakhir)""}]"
2026-10-07,com_14,27,0.3501260072158471,0,0.0862069,0.1630793,Cabai Merah Keriting,Cabai Merah,Sulawesi Tenggara,-3.9985,122.513,Tinggi,"Harga +17,7% dalam 7 hari terakhir | Provinsi ""pemimpin"" (biasanya naik duluan) berubah rata-rata +21,0% dalam 7 hari | Harga sedang bergejolak: rata-rata ±2,9% per hari (30 hari terakhir)","[{""feature"": ""ret_7"", ""shap"": 0.7750663727211542, ""value"": 0.16307930648326874, ""text"": ""Harga +17,7% dalam 7 hari terakhir""}, {""feature"": ""lead_ret_7_mean"", ""shap"": 0.7022040092078954, ""value"": 0.19102603197097778, ""text"": ""Provinsi \""pemimpin\"" (biasanya naik duluan) berubah rata-rata +21,0% dalam 7 hari""}, {""feature"": ""vol_30"", ""shap"": 0.6952484882551802, ""value"": 0.028990767896175385, ""text"": ""Harga sedang bergejolak: rata-rata ±2,9% per hari (30 hari terakhir)""}]"
2026-10-07,com_14,28,0.008422916953515906,1,0.2961808,0.31387913,Cabai Merah Keriting,Cabai Merah,Sulawesi Tengah,-0.8917,119.8707,Sedang lonjak,"Harga +36,9% dalam 7 hari terakhir | Provinsi ""pemimpin"" (biasanya naik duluan) berubah rata-rata +22,8% dalam 14 hari | Harga sedang bergejolak: rata-rata ±3,8% per hari (14 hari terakhir)","[{""feature"": ""ret_7"", ""shap"": 0.6495101472627945, ""value"": 0.313879132270813, ""text"": ""Harga +36,9% dalam 7 hari terakhir""}, {""feature"": ""lead_ret_14_mean"", ""shap"": 0.471385103474097, ""value"": 0.20524442195892334, ""text"": ""Provinsi \""pemimpin\"" (biasanya naik duluan) berubah rata-rata +22,8% dalam 14 hari""}, {""feature"": ""vol_14"", ""shap"": 0.39793966008522547, ""value"": 0.0381927490234375, ""text"": ""Harga sedang bergejolak: rata-rata ±3,8% per hari (14 hari terakhir)""}]"
2026-10-07,com_14,29,0.016493747847880522,1,0.20166667,0.21188036,Cabai Merah Keriting,Cabai Merah,Sulawesi Utara,1.4748,124.8421,Sedang lonjak,"Harga +23,6% dalam 7 hari terakhir | Harga sedang bergejolak: rata-rata ±4,2% per hari (14 hari terakhir) | Provinsi ""pemimpin"" (biasanya naik duluan) berubah rata-rata +17,3% dalam 14 hari","[{""feature"": ""ret_7"", ""shap"": 0.7400596019320991, ""value"": 0.21188035607337952, ""text"": ""Harga +23,6% dalam 7 hari terakhir""}, {""feature"": ""vol_14"", ""shap"": 0.45421001700811203, ""value"": 0.04220697656273842, ""text"": ""Harga sedang bergejolak: rata-rata ±4,2% per hari (14 hari terakhir)""}, {""feature"": ""lead_ret_14_mean"", ""shap"": 0.42399023270982106, ""value"": 0.15942969918251038, ""text"": ""Provinsi \""pemimpin\"" (biasanya naik duluan) berubah rata-rata +17,3% dalam 14 hari""}]"
2026-10-07,com_14,30,0.8129998711125183,0,0.13150927,0.15311117,Cabai Merah Keriting,Cabai Merah,Sulawesi Barat,-2.6748,118.8885,Tinggi,"Harga +16,5% dalam 7 hari terakhir | Provinsi ""pemimpin"" (biasanya naik duluan) berubah rata-rata +23,1% dalam 7 hari | Harga sedang bergejolak: rata-rata ±3,7% per hari (14 hari terakhir)","[{""feature"": ""ret_7"", ""shap"": 0.8996163203414596, ""value"": 0.15311117470264435, ""text"": ""Harga +16,5% dalam 7 hari terakhir""}, {""feature"": ""lead_ret_7_mean"", ""shap"": 0.7441892651613159, ""value"": 0.2080693244934082, ""text"": ""Provinsi \""pemimpin\"" (biasanya naik duluan) berubah rata-rata +23,1% dalam 7 hari""}, {""feature"": ""vol_14"", ""shap"": 0.6224657679457742, ""value"": 0.03653739020228386, ""text"": ""Harga sedang bergejolak: rata-rata ±3,7% per hari (14 hari terakhir)""}]"
2026-10-07,com_14,31,0.314338512546802,0,0.07577175,0.055880457,Cabai Merah Keriting,Cabai Merah,Maluku,-3.6954,128.1814,Tinggi,"Harga sedang bergejolak: rata-rata ±3,1% per hari (30 hari terakhir) | Provinsi ""pemimpin"" (biasanya naik duluan) berubah rata-rata +8,6% dalam 7 hari | Harga +5,7% dalam 7 hari terakhir","[{""feature"": ""vol_30"", ""shap"": 0.6438165270413688, ""value"": 0.03125293552875519, ""text"": ""Harga sedang bergejolak: rata-rata ±3,1% per hari (30 hari terakhir)""}, {""feature"": ""lead_ret_7_mean"", ""shap"": 0.5239894642700627, ""value"": 0.08230429142713547, ""text"": ""Provinsi \""pemimpin\"" (biasanya naik duluan) berubah rata-rata +8,6% dalam 7 hari""}, {""feature"": ""ret_7"", ""shap"": 0.28163888688556804, ""value"": 0.055880457162857056, ""text"": ""Harga +5,7% dalam 7 hari terakhir""}]"
2026-10-07,com_14,32,0.21472576673117258,0,0.0,0.0,Cabai Merah Keriting,Cabai Merah,Maluku Utara,0.7893,127.3842,Waspada,"Provinsi ""pemimpin"" (biasanya naik duluan) berubah rata-rata +12,4% dalam 14 hari | Harga 7,0% lebih murah dari provinsi tetangga (berpotensi menyusul naik) | 2 kali lonjakan dalam setahun terakhir","[{""feature"": ""lead_ret_14_mean"", ""shap"": 0.9697319193626524, ""value"": 0.11687283962965012, ""text"": ""Provinsi \""pemimpin\"" (biasanya naik duluan) berubah rata-rata +12,4% dalam 14 hari""}, {""feature"": ""nbr_rel_price"", ""shap"": 0.28377132729704857, ""value"": -0.07270363718271255, ""text"": ""Harga 7,0% lebih murah dari provinsi tetangga (berpotensi menyusul naik)""}, {""feature"": ""n_onsets_365"", ""shap"": 0.15028153293966362, ""value"": 2.0, ""text"": ""2 kali lonjakan dalam setahun terakhir""}]"
2026-10-07,com_14,33,0.5862217913107937,0,0.12783405,0.06630798,Cabai Merah Keriting,Cabai Merah,Papua,-2.5337,140.7181,Tinggi,"Provinsi ""pemimpin"" (biasanya naik duluan) berubah rata-rata +16,6% dalam 7 hari | Harga sedang bergejolak: rata-rata ±1,2% per hari (30 hari terakhir) | Harga +6,9% dalam 7 hari terakhir","[{""feature"": ""lead_ret_7_mean"", ""shap"": 0.7337390612879725, ""value"": 0.15383076667785645, ""text"": ""Provinsi \""pemimpin\"" (biasanya naik duluan) berubah rata-rata +16,6% dalam 7 hari""}, {""feature"": ""vol_30"", ""shap"": 0.4627113546299108, ""value"": 0.012440450489521027, ""text"": ""Harga sedang bergejolak: rata-rata ±1,2% per hari (30 hari terakhir)""}, {""feature"": ""ret_7"", ""shap"": 0.37533954474819275, ""value"": 0.06630797684192657, ""text"": ""Harga +6,9% dalam 7 hari terakhir""}]"
2026-10-07,com_14,34,0.016696603807258015,0,0.093023255,0.0,Cabai Merah Keriting,Cabai Merah,Papua Barat,-0.8615,134.062,Rendah,"Provinsi ""pemimpin"" (biasanya naik duluan) berubah rata-rata +20,7% dalam 14 hari | Harga sedang bergejolak: rata-rata ±3,0% per hari (30 hari terakhir) | 6 kali lonjakan dalam setahun terakhir","[{""feature"": ""lead_ret_14_mean"", ""shap"": 0.5899127286256608, ""value"": 0.18800850212574005, ""text"": ""Provinsi \""pemimpin\"" (biasanya naik duluan) berubah rata-rata +20,7% dalam 14 hari""}, {""feature"": ""vol_30"", ""shap"": 0.4232488821275987, ""value"": 0.03013448975980282, ""text"": ""Harga sedang bergejolak: rata-rata ±3,0% per hari (30 hari terakhir)""}, {""feature"": ""n_onsets_365"", ""shap"": 0.15035285629577552, ""value"": 6.0, ""text"": ""6 kali lonjakan dalam setahun terakhir""}]"
2026-10-07,com_15,1,0.5317370160329695,0,0.12769353,0.09651402,Cabai Rawit Hijau,Cabai Rawit,Aceh,5.5483,95.3238,Tinggi,"Harga +10,1% dalam 7 hari terakhir | Provinsi ""pemimpin"" (biasanya naik duluan) berubah rata-rata +9,8% dalam 7 hari | Harga sedang bergejolak: rata-rata ±1,5% per hari (30 hari terakhir)","[{""feature"": ""ret_7"", ""shap"": 0.6570631557528068, ""value"": 0.0965140163898468, ""text"": ""Harga +10,1% dalam 7 hari terakhir""}, {""feature"": ""lead_ret_7_mean"", ""shap"": 0.6343420078802494, ""value"": 0.09391545504331589, ""text"": ""Provinsi \""pemimpin\"" (biasanya naik duluan) berubah rata-rata +9,8% dalam 7 hari""}, {""feature"": ""vol_30"", ""shap"": 0.44052915752326377, ""value"": 0.015167387202382088, ""text"": ""Harga sedang bergejolak: rata-rata ±1,5% per hari (30 hari terakhir)""}]"
2026-10-07,com_15,2,0.013766570301993537,0,0.14767933,0.0482021,Cabai Rawit Hijau,Cabai Rawit,Sumatera Utara,3.5952,98.6722,Rendah,"Provinsi ""pemimpin"" (biasanya naik duluan) berubah rata-rata +9,0% dalam 14 hari | Harga sedang bergejolak: rata-rata ±3,4% per hari (14 hari terakhir) | Tinggal 0,2 poin persen lagi menuju ambang lonjakan","[{""feature"": ""lead_ret_14_mean"", ""shap"": 0.3990056258150354, ""value"": 0.08608810603618622, ""text"": ""Provinsi \""pemimpin\"" (biasanya naik duluan) berubah rata-rata +9,0% dalam 14 hari""}, {""feature"": ""vol_14"", ""shap"": 0.340650320348085, ""value"": 0.03403172641992569, ""text"": ""Harga sedang bergejolak: rata-rata ±3,4% per hari (14 hari terakhir)""}, {""feature"": ""gap_to_threshold"", ""shap"": 0.17642764323793725, ""value"": 0.002320675179362297, ""text"": ""Tinggal 0,2 poin persen lagi menuju ambang lonjakan""}]"
2026-10-07,com_15,3,0.014760268469855944,1,0.17408907,0.16617672,Cabai Rawit Hijau,Cabai Rawit,Sumatera Barat,-0.9471,100.4172,Sedang lonjak,"Harga +18,1% dalam 7 hari terakhir | Provinsi ""pemimpin"" (biasanya naik duluan) berubah rata-rata +9,1% dalam 14 hari | Harga sedang bergejolak: rata-rata ±1,9% per hari (30 hari terakhir)","[{""feature"": ""ret_7"", ""shap"": 0.7459418717486281, ""value"": 0.1661767214536667, ""text"": ""Harga +18,1% dalam 7 hari terakhir""}, {""feature"": ""lead_ret_14_mean"", ""shap"": 0.3949057983317206, ""value"": 0.08671453595161438, ""text"": ""Provinsi \""pemimpin\"" (biasanya naik duluan) berubah rata-rata +9,1% dalam 14 hari""}, {""feature"": ""vol_30"", ""shap"": 0.2949690659166724, ""value"": 0.018701238557696342, ""text"": ""Harga sedang bergejolak: rata-rata ±1,9% per hari (30 hari terakhir)""}]"
2026-10-07,com_15,4,0.014379556091107333,1,0.15716487,0.11711748,Cabai Rawit Hijau,Cabai Rawit,Riau,0.5071,101.4478,Sedang lonjak,"Harga +12,4% dalam 7 hari terakhir | Provinsi ""pemimpin"" (biasanya naik duluan) berubah rata-rata +8,2% dalam 14 hari | Harga sedang bergejolak: rata-rata ±2,3% per hari (14 hari terakhir)","[{""feature"": ""ret_7"", ""shap"": 0.45950248869844595, ""value"": 0.11711747944355011, ""text"": ""Harga +12,4% dalam 7 hari terakhir""}, {""feature"": ""lead_ret_14_mean"", ""shap"": 0.3838178501210683, ""value"": 0.07902877032756805, ""text"": ""Provinsi \""pemimpin\"" (biasanya naik duluan) berubah rata-rata +8,2% dalam 14 hari""}, {""feature"": ""vol_14"", ""shap"": 0.25019853448296075, ""value"": 0.02275361493229866, ""text"": ""Harga sedang bergejolak: rata-rata ±2,3% per hari (14 hari terakhir)""}]"
2026-10-07,com_15,5,0.4085887026446648,0,0.0911271,0.06429435,Cabai Rawit Hijau,Cabai Rawit,Kepulauan Riau,0.9186,104.4665,Tinggi,"Harga sedang bergejolak: rata-rata ±1,6% per hari (30 hari terakhir) | Provinsi ""pemimpin"" (biasanya naik duluan) berubah rata-rata +7,3% dalam 7 hari | Harga +6,6% dalam 7 hari terakhir","[{""feature"": ""vol_30"", ""shap"": 0.5508657635514708, ""value"": 0.015550095587968826, ""text"": ""Harga sedang bergejolak: rata-rata ±1,6% per hari (30 hari terakhir)""}, {""feature"": ""lead_ret_7_mean"", ""shap"": 0.5490804608593238, ""value"": 0.07038946449756622, ""text"": ""Provinsi \""pemimpin\"" (biasanya naik duluan) berubah rata-rata +7,3% dalam 7 hari""}, {""feature"": ""ret_7"", ""shap"": 0.32294980065101164, ""value"": 0.06429435312747955, ""text"": ""Harga +6,6% dalam 7 hari terakhir""}]"
2026-10-07,com_15,6,0.0238617634005388,1,0.16619183,0.17291965,Cabai Rawit Hijau,Cabai Rawit,Jambi,-1.6101,103.6131,Sedang lonjak,"Harga +18,9% dalam 7 hari terakhir | Harga sedang bergejolak: rata-rata ±2,4% per hari (30 hari terakhir) | Tinggal -1,6 poin persen lagi menuju ambang lonjakan","[{""feature"": ""ret_7"", ""shap"": 0.8142497995111524, ""value"": 0.1729196459054947, ""text"": ""Harga +18,9% dalam 7 hari terakhir""}, {""feature"": ""vol_30"", ""shap"": 0.42745954361964245, ""value"": 0.023573409765958786, ""text"": ""Harga sedang bergejolak: rata-rata ±2,4% per hari (30 hari terakhir)""}, {""feature"": ""gap_to_threshold"", ""shap"": 0.18906813314601606, ""value"": -0.016191832721233368, ""text"": ""Tinggal -1,6 poin persen lagi menuju ambang lonjakan""}]"
2026-10-07,com_15,7,0.3996394656851131,0,0.083333336,0.039220713,Cabai Rawit Hijau,Cabai Rawit,Bengkulu,-3.7928,102.2608,Tinggi,"Provinsi ""pemimpin"" (biasanya naik duluan) berubah rata-rata +8,1% dalam 7 hari | Harga sedang bergejolak: rata-rata ±1,6% per hari (30 hari terakhir) | Harga +6,1% dalam 3 hari terakhir","[{""feature"": ""lead_ret_7_mean"", ""shap"": 0.6449748577215554, ""value"": 0.0781959593296051, ""text"": ""Provinsi \""pemimpin\"" (biasanya naik duluan) berubah rata-rata +8,1% dalam 7 hari""}, {""feature"": ""vol_30"", ""shap"": 0.5095979790981339, ""value"": 0.016033099964261055, ""text"": ""Harga sedang bergejolak: rata-rata ±1,6% per hari (30 hari terakhir)""}, {""feature"": ""ret_3"", ""shap"": 0.2597724728017737, ""value"": 0.05942342057824135, ""text"": ""Harga +6,1% dalam 3 hari terakhir""}]"
2026-10-07,com_15,8,0.648444029158736,0,0.11876485,0.11222526,Cabai Rawit Hijau,Cabai Rawit,Sumatera Selatan,-2.9761,104.7754,Tinggi,"Harga +11,9% dalam 7 hari terakhir | Harga sedang bergejolak: rata-rata ±2,8% per hari (30 hari terakhir) | Provinsi ""pemimpin"" (biasanya naik duluan) berubah rata-rata +8,6% dalam 7 hari","[{""feature"": ""ret_7"", ""shap"": 0.8444547639028778, ""value"": 0.1122252568602562, ""text"": ""Harga +11,9% dalam 7 hari terakhir""}, {""feature"": ""vol_30"", ""shap"": 0.6075938329806088, ""value"": 0.028376270085573196, ""text"": ""Harga sedang bergejolak: rata-rata ±2,8% per hari (30 hari terakhir)""}, {""feature"": ""lead_ret_7_mean"", ""shap"": 0.5951590894625625, ""value"": 0.08234620839357376, ""text"": ""Provinsi \""pemimpin\"" (biasanya naik duluan) berubah rata-rata +8,6% dalam 7 hari""}]"
2026-10-07,com_15,9,0.06268337882842345,0,0.009693054,0.0,Cabai Rawit Hijau,Cabai Rawit,Kepulauan Bangka Belitung,-2.1316,106.1169,Rendah,"Harga sedang bergejolak: rata-rata ±1,0% per hari (30 hari terakhir) | Provinsi ""pemimpin"" (biasanya naik duluan) berubah rata-rata +1,6% dalam 7 hari | Harga produsen nasional +11,8% (14 hari)","[{""feature"": ""vol_30"", ""shap"": 0.5118462477228727, ""value"": 0.00981910340487957, ""text"": ""Harga sedang bergejolak: rata-rata ±1,0% per hari (30 hari terakhir)""}, {""feature"": ""lead_ret_7_mean"", ""shap"": 0.34025137959652785, ""value"": 0.01602446660399437, ""text"": ""Provinsi \""pemimpin\"" (biasanya naik duluan) berubah rata-rata +1,6% dalam 7 hari""}, {""feature"": ""nat_ret_14_prod"", ""shap"": 0.2934369012325721, ""value"": 0.11136340349912643, ""text"": ""Harga produsen nasional +11,8% (14 hari)""}]"
2026-10-07,com_15,10,0.17959344149394083,0,0.026833631,0.051843602,Cabai Rawit Hijau,Cabai Rawit,Lampung,-5.3971,105.2668,Waspada,"Harga sedang bergejolak: rata-rata ±1,5% per hari (30 hari terakhir) | Harga +5,3% dalam 7 hari terakhir | Provinsi ""pemimpin"" (biasanya naik duluan) berubah rata-rata +1,6% dalam 7 hari","[{""feature"": ""vol_30"", ""shap"": 0.6058907189255017, ""value"": 0.014898710884153843, ""text"": ""Harga sedang bergejolak: rata-rata ±1,5% per hari (30 hari terakhir)""}, {""feature"": ""ret_7"", ""shap"": 0.38066256328985515, ""value"": 0.05184360221028328, ""text"": ""Harga +5,3% dalam 7 hari terakhir""}, {""feature"": ""lead_ret_7_mean"", ""shap"": 0.26030707099925454, ""value"": 0.01602446660399437, ""text"": ""Provinsi \""pemimpin\"" (biasanya naik duluan) berubah rata-rata +1,6% dalam 7 hari""}]"
2026-10-07,com_15,11,0.2084489022694981,0,-0.0058083255,0.013725705,Cabai Rawit Hijau,Cabai Rawit,Banten,-6.1104,106.164,Waspada,"Provinsi ""pemimpin"" (biasanya naik duluan) berubah rata-rata +9,0% dalam 14 hari | Harga 30,2% di bawah rata-rata nasional (berpotensi menyusul naik) | Harga produsen nasional +11,8% (14 hari)","[{""feature"": ""lead_ret_14_mean"", ""shap"": 0.7054727331568377, ""value"": 0.0864260196685791, ""text"": ""Provinsi \""pemimpin\"" (biasanya naik duluan) berubah rata-rata +9,0% dalam 14 hari""}, {""feature"": ""rel_nat"", ""shap"": 0.3437154654351853, ""value"": -0.3599800765514374, ""text"": ""Harga 30,2% di bawah rata-rata nasional (berpotensi menyusul naik)""}, {""feature"": ""nat_ret_14_prod"", ""shap"": 0.2173147477394349, ""value"": 0.11136340349912643, ""text"": ""Harga produsen nasional +11,8% (14 hari)""}]"
2026-10-07,com_15,12,0.24428647340147142,0,-0.0038610038,0.024523053,Cabai Rawit Hijau,Cabai Rawit,Jawa Barat,-6.9175,107.6191,Tinggi,"Provinsi ""pemimpin"" (biasanya naik duluan) berubah rata-rata +5,7% dalam 14 hari | Harga 29,9% di bawah rata-rata nasional (berpotensi menyusul naik) | Harga produsen nasional +11,8% (14 hari)","[{""feature"": ""lead_ret_14_mean"", ""shap"": 0.5970541917505083, ""value"": 0.0554138720035553, ""text"": ""Provinsi \""pemimpin\"" (biasanya naik duluan) berubah rata-rata +5,7% dalam 14 hari""}, {""feature"": ""rel_nat"", ""shap"": 0.32338675314083126, ""value"": -0.3551233410835266, ""text"": ""Harga 29,9% di bawah rata-rata nasional (berpotensi menyusul naik)""}, {""feature"": ""nat_ret_14_prod"", ""shap"": 0.23670476653840378, ""value"": 0.11136340349912643, ""text"": ""Harga produsen nasional +11,8% (14 hari)""}]"
2026-10-07,com_15,13,0.3890068533615914,0,0.11448141,0.06062462,Cabai Rawit Hijau,Cabai Rawit,DKI Jakarta,-6.2088,106.8456,Tinggi,"Harga sedang bergejolak: rata-rata ±1,8% per hari (30 hari terakhir) | Harga +6,2% dalam 7 hari terakhir | Provinsi ""pemimpin"" (biasanya naik duluan) berubah rata-rata +1,6% dalam 7 hari","[{""feature"": ""vol_30"", ""shap"": 0.7215264470410159, ""value"": 0.01783248782157898, ""text"": ""Harga sedang bergejolak: rata-rata ±1,8% per hari (30 hari terakhir)""}, {""feature"": ""ret_7"", ""shap"": 0.337833266584565, ""value"": 0.0606246218085289, ""text"": ""Harga +6,2% dalam 7 hari terakhir""}, {""feature"": ""lead_ret_7_mean"", ""shap"": 0.29371956228409185, ""value"": 0.01602446660399437, ""text"": ""Provinsi \""pemimpin\"" (biasanya naik duluan) berubah rata-rata +1,6% dalam 7 hari""}]"
2026-10-07,com_15,14,0.1340474778584392,0,0.024175825,0.03382756,Cabai Rawit Hijau,Cabai Rawit,Jawa Tengah,-6.9667,110.4167,Waspada,"Provinsi ""pemimpin"" (biasanya naik duluan) berubah rata-rata +4,7% dalam 14 hari | Harga 36,7% di bawah rata-rata nasional (berpotensi menyusul naik) | Harga produsen nasional +11,8% (14 hari)","[{""feature"": ""lead_ret_14_mean"", ""shap"": 0.5695685631971943, ""value"": 0.04565022140741348, ""text"": ""Provinsi \""pemimpin\"" (biasanya naik duluan) berubah rata-rata +4,7% dalam 14 hari""}, {""feature"": ""rel_nat"", ""shap"": 0.34061365344109035, ""value"": -0.45704448223114014, ""text"": ""Harga 36,7% di bawah rata-rata nasional (berpotensi menyusul naik)""}, {""feature"": ""nat_ret_14_prod"", ""shap"": 0.1897521723540696, ""value"": 0.11136340349912643, ""text"": ""Harga produsen nasional +11,8% (14 hari)""}]"
2026-10-07,com_15,15,0.21908235373281756,0,0.031914894,0.06385147,Cabai Rawit Hijau,Cabai Rawit,DI Yogyakarta,-7.7956,110.3695,Tinggi,"Harga sedang bergejolak: rata-rata ±1,4% per hari (30 hari terakhir) | Harga 34,1% di bawah rata-rata nasional (berpotensi menyusul naik) | Harga +6,6% dalam 7 hari terakhir","[{""feature"": ""vol_30"", ""shap"": 0.5538425930738841, ""value"": 0.014439867809414864, ""text"": ""Harga sedang bergejolak: rata-rata ±1,4% per hari (30 hari terakhir)""}, {""feature"": ""rel_nat"", ""shap"": 0.44722020033604337, ""value"": -0.41708123683929443, ""text"": ""Harga 34,1% di bawah rata-rata nasional (berpotensi menyusul naik)""}, {""feature"": ""ret_7"", ""shap"": 0.3096230687926648, ""value"": 0.06385146826505661, ""text"": ""Harga +6,6% dalam 7 hari terakhir""}]"
2026-10-07,com_15,16,0.15090556498769117,0,0.018492177,0.00982464,Cabai Rawit Hijau,Cabai Rawit,Jawa Timur,-7.2575,112.7521,Waspada,"Provinsi ""pemimpin"" (biasanya naik duluan) berubah rata-rata +9,8% dalam 14 hari | Harga 51,4% di bawah rata-rata nasional (berpotensi menyusul naik) | Harga 26,3% lebih murah dari provinsi tetangga (berpotensi menyusul naik)","[{""feature"": ""lead_ret_14_mean"", ""shap"": 0.7415213649946338, ""value"": 0.09303999692201614, ""text"": ""Provinsi \""pemimpin\"" (biasanya naik duluan) berubah rata-rata +9,8% dalam 14 hari""}, {""feature"": ""rel_nat"", ""shap"": 0.4335573558751806, ""value"": -0.7206971049308777, ""text"": ""Harga 51,4% di bawah rata-rata nasional (berpotensi menyusul naik)""}, {""feature"": ""nbr_rel_price"", ""shap"": 0.21896801006814687, ""value"": -0.30475330352783203, ""text"": ""Harga 26,3% lebih murah dari provinsi tetangga (berpotensi menyusul naik)""}]"
2026-10-07,com_15,17,0.37466605063692365,0,0.10348584,0.05791359,Cabai Rawit Hijau,Cabai Rawit,Bali,-8.6705,115.2126,Tinggi,"Harga sedang bergejolak: rata-rata ±1,2% per hari (30 hari terakhir) | Provinsi ""pemimpin"" (biasanya naik duluan) berubah rata-rata +3,6% dalam 7 hari | Harga 31,2% di bawah rata-rata nasional (berpotensi menyusul naik)","[{""feature"": ""vol_30"", ""shap"": 0.4633175654289883, ""value"": 0.012061644345521927, ""text"": ""Harga sedang bergejolak: rata-rata ±1,2% per hari (30 hari terakhir)""}, {""feature"": ""lead_ret_7_mean"", ""shap"": 0.3945309259799012, ""value"": 0.03583455830812454, ""text"": ""Provinsi \""pemimpin\"" (biasanya naik duluan) berubah rata-rata +3,6% dalam 7 hari""}, {""feature"": ""rel_nat"", ""shap"": 0.34383665785110945, ""value"": -0.37370580434799194, ""text"": ""Harga 31,2% di bawah rata-rata nasional (berpotensi menyusul naik)""}]"
2026-10-07,com_15,18,0.014734702208305927,1,0.17391305,0.13663784,Cabai Rawit Hijau,Cabai Rawit,Nusa Tenggara Barat,-8.5833,116.1167,Sedang lonjak,"Harga +14,6% dalam 7 hari terakhir | Harga 46,8% di bawah rata-rata nasional (berpotensi menyusul naik) | Provinsi ""pemimpin"" (biasanya naik duluan) berubah rata-rata +2,5% dalam 14 hari","[{""feature"": ""ret_7"", ""shap"": 0.5539569076098417, ""value"": 0.1366378366947174, ""text"": ""Harga +14,6% dalam 7 hari terakhir""}, {""feature"": ""rel_nat"", ""shap"": 0.33611087149482344, ""value"": -0.6312445998191833, ""text"": ""Harga 46,8% di bawah rata-rata nasional (berpotensi menyusul naik)""}, {""feature"": ""lead_ret_14_mean"", ""shap"": 0.2591876145817692, ""value"": 0.024542562663555145, ""text"": ""Provinsi \""pemimpin\"" (biasanya naik duluan) berubah rata-rata +2,5% dalam 14 hari""}]"
2026-10-07,com_15,19,0.17775962368339956,0,-0.028571429,0.0,Cabai Rawit Hijau,Cabai Rawit,Nusa Tenggara Timur,-10.1772,123.607,Waspada,"Provinsi ""pemimpin"" (biasanya naik duluan) berubah rata-rata +4,0% dalam 14 hari | Harga 42,3% di bawah rata-rata nasional (berpotensi menyusul naik) | Harga 26,5% lebih murah dari provinsi tetangga (berpotensi menyusul naik)","[{""feature"": ""lead_ret_14_mean"", ""shap"": 0.685847458679529, ""value"": 0.03953884169459343, ""text"": ""Provinsi \""pemimpin\"" (biasanya naik duluan) berubah rata-rata +4,0% dalam 14 hari""}, {""feature"": ""rel_nat"", ""shap"": 0.42919342534200516, ""value"": -0.5491409301757812, ""text"": ""Harga 42,3% di bawah rata-rata nasional (berpotensi menyusul naik)""}, {""feature"": ""nbr_rel_price"", ""shap"": 0.24986572464658605, ""value"": -0.30825164914131165, ""text"": ""Harga 26,5% lebih murah dari provinsi tetangga (berpotensi menyusul naik)""}]"
2026-10-07,com_15,20,0.11203859398535468,0,0.03705263,0.025911381,Cabai Rawit Hijau,Cabai Rawit,Kalimantan Barat,-0.0263,109.3425,Waspada,"Harga sedang bergejolak: rata-rata ±3,0% per hari (30 hari terakhir) | Provinsi ""pemimpin"" (biasanya naik duluan) berubah rata-rata +4,7% dalam 14 hari | Harga +4,2% dalam 1 hari terakhir","[{""feature"": ""vol_30"", ""shap"": 0.52407084418423, ""value"": 0.029806043952703476, ""text"": ""Harga sedang bergejolak: rata-rata ±3,0% per hari (30 hari terakhir)""}, {""feature"": ""lead_ret_14_mean"", ""shap"": 0.4372026563643539, ""value"": 0.04565022140741348, ""text"": ""Provinsi \""pemimpin\"" (biasanya naik duluan) berubah rata-rata +4,7% dalam 14 hari""}, {""feature"": ""ret_1"", ""shap"": 0.32894307958197766, ""value"": 0.04144812002778053, ""text"": ""Harga +4,2% dalam 1 hari terakhir""}]"
2026-10-07,com_15,21,0.02102494561028707,1,0.19146483,0.12897809,Cabai Rawit Hijau,Cabai Rawit,Kalimantan Selatan,-3.3186,114.5944,Sedang lonjak,"Harga +13,8% dalam 7 hari terakhir | Provinsi ""pemimpin"" (biasanya naik duluan) berubah rata-rata +7,0% dalam 14 hari | Harga 29,8% di bawah rata-rata nasional (berpotensi menyusul naik)","[{""feature"": ""ret_7"", ""shap"": 0.42090261663463885, ""value"": 0.12897808849811554, ""text"": ""Harga +13,8% dalam 7 hari terakhir""}, {""feature"": ""lead_ret_14_mean"", ""shap"": 0.37374444058284906, ""value"": 0.06751804798841476, ""text"": ""Provinsi \""pemimpin\"" (biasanya naik duluan) berubah rata-rata +7,0% dalam 14 hari""}, {""feature"": ""rel_nat"", ""shap"": 0.3020606360931342, ""value"": -0.3541548252105713, ""text"": ""Harga 29,8% di bawah rata-rata nasional (berpotensi menyusul naik)""}]"
2026-10-07,com_15,22,0.36231473002472164,0,-0.06397953,-0.016943814,Cabai Rawit Hijau,Cabai Rawit,Kalimantan Tengah,-2.2161,113.9135,Tinggi,"Harga sedang bergejolak: rata-rata ±2,8% per hari (30 hari terakhir) | Provinsi ""pemimpin"" (biasanya naik duluan) berubah rata-rata +6,2% dalam 7 hari | Harga +1,7% dalam 1 hari terakhir","[{""feature"": ""vol_30"", ""shap"": 0.6224107957626238, ""value"": 0.027921658009290695, ""text"": ""Harga sedang bergejolak: rata-rata ±2,8% per hari (30 hari terakhir)""}, {""feature"": ""lead_ret_7_mean"", ""shap"": 0.5783732908022291, ""value"": 0.060096677392721176, ""text"": ""Provinsi \""pemimpin\"" (biasanya naik duluan) berubah rata-rata +6,2% dalam 7 hari""}, {""feature"": ""ret_1"", ""shap"": 0.3204412618388219, ""value"": 0.017235862091183662, ""text"": ""Harga +1,7% dalam 1 hari terakhir""}]"
2026-10-07,com_15,23,0.13025904981717992,0,0.078517586,-0.03322184,Cabai Rawit Hijau,Cabai Rawit,Kalimantan Timur,-0.5022,117.1536,Waspada,"Provinsi ""pemimpin"" (biasanya naik duluan) berubah rata-rata +4,2% dalam 14 hari | Harga sedang bergejolak: rata-rata ±2,8% per hari (14 hari terakhir) | Harga +1,0% dalam 1 hari terakhir","[{""feature"": ""lead_ret_14_mean"", ""shap"": 0.4361438938832154, ""value"": 0.04094799607992172, ""text"": ""Provinsi \""pemimpin\"" (biasanya naik duluan) berubah rata-rata +4,2% dalam 14 hari""}, {""feature"": ""vol_14"", ""shap"": 0.41662156317582677, ""value"": 0.028169216588139534, ""text"": ""Harga sedang bergejolak: rata-rata ±2,8% per hari (14 hari terakhir)""}, {""feature"": ""ret_1"", ""shap"": 0.24253289499755823, ""value"": 0.00995033048093319, ""text"": ""Harga +1,0% dalam 1 hari terakhir""}]"
2026-10-07,com_15,24,0.02520166006838747,1,0.16627635,0.11985596,Cabai Rawit Hijau,Cabai Rawit,Kalimantan Utara,2.8375,117.3653,Sedang lonjak,"Provinsi ""pemimpin"" (biasanya naik duluan) berubah rata-rata +17,9% dalam 14 hari | Harga +12,7% dalam 7 hari terakhir | Harga sedang bergejolak: rata-rata ±2,6% per hari (14 hari terakhir)","[{""feature"": ""lead_ret_14_mean"", ""shap"": 0.49398027802837485, ""value"": 0.16495098173618317, ""text"": ""Provinsi \""pemimpin\"" (biasanya naik duluan) berubah rata-rata +17,9% dalam 14 hari""}, {""feature"": ""ret_7"", ""shap"": 0.4620651418514161, ""value"": 0.11985596269369125, ""text"": ""Harga +12,7% dalam 7 hari terakhir""}, {""feature"": ""vol_14"", ""shap"": 0.25400189688829233, ""value"": 0.026196066290140152, ""text"": ""Harga sedang bergejolak: rata-rata ±2,6% per hari (14 hari terakhir)""}]"
2026-10-07,com_15,26,0.01924202360706444,1,0.16219512,0.07176992,Cabai Rawit Hijau,Cabai Rawit,Sulawesi Selatan,-5.1477,119.4327,Sedang lonjak,"Provinsi ""pemimpin"" (biasanya naik duluan) berubah rata-rata +9,9% dalam 14 hari | Harga 35,3% di bawah rata-rata nasional (berpotensi menyusul naik) | Tinggal -1,2 poin persen lagi menuju ambang lonjakan","[{""feature"": ""lead_ret_14_mean"", ""shap"": 0.39887314511858146, ""value"": 0.09423499554395676, ""text"": ""Provinsi \""pemimpin\"" (biasanya naik duluan) berubah rata-rata +9,9% dalam 14 hari""}, {""feature"": ""rel_nat"", ""shap"": 0.3251492940142967, ""value"": -0.4347623884677887, ""text"": ""Harga 35,3% di bawah rata-rata nasional (berpotensi menyusul naik)""}, {""feature"": ""gap_to_threshold"", ""shap"": 0.2149781556256323, ""value"": -0.012195121496915817, ""text"": ""Tinggal -1,2 poin persen lagi menuju ambang lonjakan""}]"
2026-10-07,com_15,27,0.01700494802325333,0,0.12162162,0.036813974,Cabai Rawit Hijau,Cabai Rawit,Sulawesi Tenggara,-3.9985,122.513,Rendah,"Provinsi ""pemimpin"" (biasanya naik duluan) berubah rata-rata +10,6% dalam 14 hari | Harga sedang bergejolak: rata-rata ±2,8% per hari (30 hari terakhir) | Harga produsen nasional +11,8% (14 hari)","[{""feature"": ""lead_ret_14_mean"", ""shap"": 0.4948157758633907, ""value"": 0.10030480474233627, ""text"": ""Provinsi \""pemimpin\"" (biasanya naik duluan) berubah rata-rata +10,6% dalam 14 hari""}, {""feature"": ""vol_30"", ""shap"": 0.3246545207022303, ""value"": 0.028256740421056747, ""text"": ""Harga sedang bergejolak: rata-rata ±2,8% per hari (30 hari terakhir)""}, {""feature"": ""nat_ret_14_prod"", ""shap"": 0.15608530713281452, ""value"": 0.11136340349912643, ""text"": ""Harga produsen nasional +11,8% (14 hari)""}]"
2026-10-07,com_15,28,0.005780851314512411,1,0.18478261,0.032447375,Cabai Rawit Hijau,Cabai Rawit,Sulawesi Tengah,-0.8917,119.8707,Sedang lonjak,"Provinsi ""pemimpin"" (biasanya naik duluan) berubah rata-rata +18,0% dalam 7 hari | Harga sedang bergejolak: rata-rata ±2,7% per hari (30 hari terakhir) | Tinggal -3,5 poin persen lagi menuju ambang lonjakan","[{""feature"": ""lead_ret_7_mean"", ""shap"": 0.5385620485025456, ""value"": 0.16539692878723145, ""text"": ""Provinsi \""pemimpin\"" (biasanya naik duluan) berubah rata-rata +18,0% dalam 7 hari""}, {""feature"": ""vol_30"", ""shap"": 0.271726647617059, ""value"": 0.02747555449604988, ""text"": ""Harga sedang bergejolak: rata-rata ±2,7% per hari (30 hari terakhir)""}, {""feature"": ""gap_to_threshold"", ""shap"": 0.22181128201074019, ""value"": -0.03478260710835457, ""text"": ""Tinggal -3,5 poin persen lagi menuju ambang lonjakan""}]"
2026-10-07,com_15,29,0.6557746523350649,0,-0.028571429,0.19415602,Cabai Rawit Hijau,Cabai Rawit,Sulawesi Utara,1.4748,124.8421,Tinggi,"Harga +21,4% dalam 7 hari terakhir | Harga sedang bergejolak: rata-rata ±6,8% per hari (14 hari terakhir) | Provinsi ""pemimpin"" (biasanya naik duluan) berubah rata-rata +7,6% dalam 7 hari","[{""feature"": ""ret_7"", ""shap"": 1.3851776925513084, ""value"": 0.19415602087974548, ""text"": ""Harga +21,4% dalam 7 hari terakhir""}, {""feature"": ""vol_14"", ""shap"": 0.8575518533801366, ""value"": 0.06810259819030762, ""text"": ""Harga sedang bergejolak: rata-rata ±6,8% per hari (14 hari terakhir)""}, {""feature"": ""lead_ret_7_mean"", ""shap"": 0.5080497640588154, ""value"": 0.07338850945234299, ""text"": ""Provinsi \""pemimpin\"" (biasanya naik duluan) berubah rata-rata +7,6% dalam 7 hari""}]"
2026-10-07,com_15,30,0.00934298330765265,1,0.2,0.13353139,Cabai Rawit Hijau,Cabai Rawit,Sulawesi Barat,-2.6748,118.8885,Sedang lonjak,"Provinsi ""pemimpin"" (biasanya naik duluan) berubah rata-rata +18,3% dalam 14 hari | Harga +14,3% dalam 7 hari terakhir | Harga sedang bergejolak: rata-rata ±2,5% per hari (14 hari terakhir)","[{""feature"": ""lead_ret_14_mean"", ""shap"": 0.48423624328006076, ""value"": 0.1683618128299713, ""text"": ""Provinsi \""pemimpin\"" (biasanya naik duluan) berubah rata-rata +18,3% dalam 14 hari""}, {""feature"": ""ret_7"", ""shap"": 0.44303526997513737, ""value"": 0.133531391620636, ""text"": ""Harga +14,3% dalam 7 hari terakhir""}, {""feature"": ""vol_14"", ""shap"": 0.22114394631436524, ""value"": 0.025093089789152145, ""text"": ""Harga sedang bergejolak: rata-rata ±2,5% per hari (14 hari terakhir)""}]"
2026-10-07,com_15,31,0.166967847958739,0,0.0,0.029852964,Cabai Rawit Hijau,Cabai Rawit,Maluku,-3.6954,128.1814,Waspada,"Provinsi ""pemimpin"" (biasanya naik duluan) berubah rata-rata +6,6% dalam 7 hari | Harga sedang bergejolak: rata-rata ±2,4% per hari (30 hari terakhir) | Harga 33,4% lebih murah dari provinsi tetangga (berpotensi menyusul naik)","[{""feature"": ""lead_ret_7_mean"", ""shap"": 0.56573955480471, ""value"": 0.06348346918821335, ""text"": ""Provinsi \""pemimpin\"" (biasanya naik duluan) berubah rata-rata +6,6% dalam 7 hari""}, {""feature"": ""vol_30"", ""shap"": 0.4773248789833216, ""value"": 0.024158969521522522, ""text"": ""Harga sedang bergejolak: rata-rata ±2,4% per hari (30 hari terakhir)""}, {""feature"": ""nbr_rel_price"", ""shap"": 0.22336610755595748, ""value"": -0.40719074010849, ""text"": ""Harga 33,4% lebih murah dari provinsi tetangga (berpotensi menyusul naik)""}]"
2026-10-07,com_15,32,0.07759659361048711,0,0.032786883,0.048790164,Cabai Rawit Hijau,Cabai Rawit,Maluku Utara,0.7893,127.3842,Rendah,"Provinsi ""pemimpin"" (biasanya naik duluan) berubah rata-rata +9,2% dalam 7 hari | Harga sedang bergejolak: rata-rata ±1,0% per hari (30 hari terakhir) | Harga +5,0% dalam 7 hari terakhir","[{""feature"": ""lead_ret_7_mean"", ""shap"": 0.6490485608828452, ""value"": 0.08780578523874283, ""text"": ""Provinsi \""pemimpin\"" (biasanya naik duluan) berubah rata-rata +9,2% dalam 7 hari""}, {""feature"": ""vol_30"", ""shap"": 0.2983978734364553, ""value"": 0.009909184649586678, ""text"": ""Harga sedang bergejolak: rata-rata ±1,0% per hari (30 hari terakhir)""}, {""feature"": ""ret_7"", ""shap"": 0.2771886056551136, ""value"": 0.04879016429185867, ""text"": ""Harga +5,0% dalam 7 hari terakhir""}]"
2026-10-07,com_15,33,0.17823606598812614,0,0.09009009,0.029024933,Cabai Rawit Hijau,Cabai Rawit,Papua,-2.5337,140.7181,Waspada,"Provinsi ""pemimpin"" (biasanya naik duluan) berubah rata-rata +11,4% dalam 14 hari | Harga sedang bergejolak: rata-rata ±2,7% per hari (30 hari terakhir) | Harga 32,0% lebih murah dari provinsi tetangga (berpotensi menyusul naik)","[{""feature"": ""lead_ret_14_mean"", ""shap"": 0.5115848066047379, ""value"": 0.10779178887605667, ""text"": ""Provinsi \""pemimpin\"" (biasanya naik duluan) berubah rata-rata +11,4% dalam 14 hari""}, {""feature"": ""vol_30"", ""shap"": 0.4430715416322207, ""value"": 0.026565786451101303, ""text"": ""Harga sedang bergejolak: rata-rata ±2,7% per hari (30 hari terakhir)""}, {""feature"": ""nbr_rel_price"", ""shap"": 0.26278479864034926, ""value"": -0.38603073358535767, ""text"": ""Harga 32,0% lebih murah dari provinsi tetangga (berpotensi menyusul naik)""}]"
2026-10-07,com_16,2,0.04941649895393788,0,0.102470264,-0.0758847,Cabai Rawit Merah,Cabai Rawit,Sumatera Utara,3.5952,98.6722,Rendah,"Harga sedang bergejolak: rata-rata ±5,4% per hari (14 hari terakhir) | Provinsi ""pemimpin"" (biasanya naik duluan) berubah rata-rata +10,2% dalam 14 hari | Harga 40,8% di bawah rata-rata nasional (berpotensi menyusul naik)","[{""feature"": ""vol_14"", ""shap"": 0.5179061324938686, ""value"": 0.053888265043497086, ""text"": ""Harga sedang bergejolak: rata-rata ±5,4% per hari (14 hari terakhir)""}, {""feature"": ""lead_ret_14_mean"", ""shap"": 0.43904170723347447, ""value"": 0.09749029576778412, ""text"": ""Provinsi \""pemimpin\"" (biasanya naik duluan) berubah rata-rata +10,2% dalam 14 hari""}, {""feature"": ""rel_nat"", ""shap"": 0.32867679638432135, ""value"": -0.5249985456466675, ""text"": ""Harga 40,8% di bawah rata-rata nasional (berpotensi menyusul naik)""}]"
2026-10-07,com_16,4,0.14192069901328402,0,0.09760589,0.06647926,Cabai Rawit Merah,Cabai Rawit,Riau,0.5071,101.4478,Waspada,"Provinsi ""pemimpin"" (biasanya naik duluan) berubah rata-rata +9,1% dalam 14 hari | Harga sedang bergejolak: rata-rata ±1,5% per hari (30 hari terakhir) | Harga +6,9% dalam 7 hari terakhir","[{""feature"": ""lead_ret_14_mean"", ""shap"": 0.464131867660762, ""value"": 0.08696390688419342, ""text"": ""Provinsi \""pemimpin\"" (biasanya naik duluan) berubah rata-rata +9,1% dalam 14 hari""}, {""feature"": ""vol_30"", ""shap"": 0.43554661868034417, ""value"": 0.014592857100069523, ""text"": ""Harga sedang bergejolak: rata-rata ±1,5% per hari (30 hari terakhir)""}, {""feature"": ""ret_7"", ""shap"": 0.40941538361276064, ""value"": 0.06647925823926926, ""text"": ""Harga +6,9% dalam 7 hari terakhir""}]"
2026-10-07,com_16,5,0.6105419654849624,0,0.03149171,0.04044267,Cabai Rawit Merah,Cabai Rawit,Kepulauan Riau,0.9186,104.4665,Tinggi,"Harga sedang bergejolak: rata-rata ±2,5% per hari (30 hari terakhir) | Harga +3,7% dalam 1 hari terakhir | 22 hari sejak lonjakan terakhir","[{""feature"": ""vol_30"", ""shap"": 0.7370057163122057, ""value"": 0.025080524384975433, ""text"": ""Harga sedang bergejolak: rata-rata ±2,5% per hari (30 hari terakhir)""}, {""feature"": ""ret_1"", ""shap"": 0.2869305788318736, ""value"": 0.03654620051383972, ""text"": ""Harga +3,7% dalam 1 hari terakhir""}, {""feature"": ""days_since_spike"", ""shap"": 0.19919535057166657, ""value"": 22.0, ""text"": ""22 hari sejak lonjakan terakhir""}]"
2026-10-07,com_16,6,0.21922275306383704,0,0.03939394,0.017647516,Cabai Rawit Merah,Cabai Rawit,Jambi,-1.6101,103.6131,Tinggi,"Provinsi ""pemimpin"" (biasanya naik duluan) berubah rata-rata +9,1% dalam 14 hari | Harga sedang bergejolak: rata-rata ±1,4% per hari (30 hari terakhir) | Harga +1,2% dalam 1 hari terakhir","[{""feature"": ""lead_ret_14_mean"", ""shap"": 0.5131273767956149, ""value"": 0.08696390688419342, ""text"": ""Provinsi \""pemimpin\"" (biasanya naik duluan) berubah rata-rata +9,1% dalam 14 hari""}, {""feature"": ""vol_30"", ""shap"": 0.4838559319280259, ""value"": 0.014047745615243912, ""text"": ""Harga sedang bergejolak: rata-rata ±1,4% per hari (30 hari terakhir)""}, {""feature"": ""ret_1"", ""shap"": 0.2790330036523059, ""value"": 0.011730339378118515, ""text"": ""Harga +1,2% dalam 1 hari terakhir""}]"
2026-10-07,com_16,7,0.17045886527708876,0,0.09677419,0.045120437,Cabai Rawit Merah,Cabai Rawit,Bengkulu,-3.7928,102.2608,Waspada,"Harga sedang bergejolak: rata-rata ±2,2% per hari (30 hari terakhir) | Provinsi ""pemimpin"" (biasanya naik duluan) berubah rata-rata +9,2% dalam 14 hari | Harga +3,0% dalam 1 hari terakhir","[{""feature"": ""vol_30"", ""shap"": 0.5479599017595467, ""value"": 0.022165564820170403, ""text"": ""Harga sedang bergejolak: rata-rata ±2,2% per hari (30 hari terakhir)""}, {""feature"": ""lead_ret_14_mean"", ""shap"": 0.44206682320226715, ""value"": 0.08770701289176941, ""text"": ""Provinsi \""pemimpin\"" (biasanya naik duluan) berubah rata-rata +9,2% dalam 14 hari""}, {""feature"": ""ret_1"", ""shap"": 0.3358898277446888, ""value"": 0.029852963984012604, ""text"": ""Harga +3,0% dalam 1 hari terakhir""}]"
2026-10-07,com_16,8,0.25586554026042213,0,0.13964577,0.01992218,Cabai Rawit Merah,Cabai Rawit,Sumatera Selatan,-2.9761,104.7754,Tinggi,"Tinggal 1,0 poin persen lagi menuju ambang lonjakan | Provinsi ""pemimpin"" (biasanya naik duluan) berubah rata-rata +9,1% dalam 14 hari | Harga sedang bergejolak: rata-rata ±2,4% per hari (30 hari terakhir)","[{""feature"": ""gap_to_threshold"", ""shap"": 0.4797934150721225, ""value"": 0.010354223661124706, ""text"": ""Tinggal 1,0 poin persen lagi menuju ambang lonjakan""}, {""feature"": ""lead_ret_14_mean"", ""shap"": 0.46362524891545526, ""value"": 0.08696390688419342, ""text"": ""Provinsi \""pemimpin\"" (biasanya naik duluan) berubah rata-rata +9,1% dalam 14 hari""}, {""feature"": ""vol_30"", ""shap"": 0.4572406156087429, ""value"": 0.023613903671503067, ""text"": ""Harga sedang bergejolak: rata-rata ±2,4% per hari (30 hari terakhir)""}]"
2026-10-07,com_16,9,0.3012674987139734,0,0.052273914,0.04470018,Cabai Rawit Merah,Cabai Rawit,Kepulauan Bangka Belitung,-2.1316,106.1169,Tinggi,"Harga sedang bergejolak: rata-rata ±3,1% per hari (30 hari terakhir) | Provinsi ""pemimpin"" (biasanya naik duluan) berubah rata-rata +9,2% dalam 14 hari | Harga +7,4% dalam 3 hari terakhir","[{""feature"": ""vol_30"", ""shap"": 0.5339658991089563, ""value"": 0.03120501898229122, ""text"": ""Harga sedang bergejolak: rata-rata ±3,1% per hari (30 hari terakhir)""}, {""feature"": ""lead_ret_14_mean"", ""shap"": 0.4372682242435164, ""value"": 0.08770701289176941, ""text"": ""Provinsi \""pemimpin\"" (biasanya naik duluan) berubah rata-rata +9,2% dalam 14 hari""}, {""feature"": ""ret_3"", ""shap"": 0.2903168553531446, ""value"": 0.07101748883724213, ""text"": ""Harga +7,4% dalam 3 hari terakhir""}]"
2026-10-07,com_16,10,0.06259235873847048,0,0.035460994,0.004806051,Cabai Rawit Merah,Cabai Rawit,Lampung,-5.3971,105.2668,Rendah,"Provinsi ""pemimpin"" (biasanya naik duluan) berubah rata-rata +9,1% dalam 14 hari | Harga sedang bergejolak: rata-rata ±2,0% per hari (30 hari terakhir) | Harga 28,3% di bawah rata-rata nasional (berpotensi menyusul naik)","[{""feature"": ""lead_ret_14_mean"", ""shap"": 0.5494093064326759, ""value"": 0.08696390688419342, ""text"": ""Provinsi \""pemimpin\"" (biasanya naik duluan) berubah rata-rata +9,1% dalam 14 hari""}, {""feature"": ""vol_30"", ""shap"": 0.43697359589341395, ""value"": 0.01980343461036682, ""text"": ""Harga sedang bergejolak: rata-rata ±2,0% per hari (30 hari terakhir)""}, {""feature"": ""rel_nat"", ""shap"": 0.1767133498921067, ""value"": -0.3330416977405548, ""text"": ""Harga 28,3% di bawah rata-rata nasional (berpotensi menyusul naik)""}]"
2026-10-07,com_16,11,0.14689163333371133,0,0.077071294,0.021091472,Cabai Rawit Merah,Cabai Rawit,Banten,-6.1104,106.164,Waspada,"Provinsi ""pemimpin"" (biasanya naik duluan) berubah rata-rata +9,1% dalam 14 hari | Harga sedang bergejolak: rata-rata ±0,9% per hari (30 hari terakhir) | 5 kali lonjakan dalam setahun terakhir","[{""feature"": ""lead_ret_14_mean"", ""shap"": 0.5056662697784263, ""value"": 0.08696390688419342, ""text"": ""Provinsi \""pemimpin\"" (biasanya naik duluan) berubah rata-rata +9,1% dalam 14 hari""}, {""feature"": ""vol_30"", ""shap"": 0.3546693299193025, ""value"": 0.00947184581309557, ""text"": ""Harga sedang bergejolak: rata-rata ±0,9% per hari (30 hari terakhir)""}, {""feature"": ""n_onsets_365"", ""shap"": 0.1771594153176198, ""value"": 5.0, ""text"": ""5 kali lonjakan dalam setahun terakhir""}]"
2026-10-07,com_16,12,0.18745938990766697,0,0.092336684,0.032138318,Cabai Rawit Merah,Cabai Rawit,Jawa Barat,-6.9175,107.6191,Waspada,"Provinsi ""pemimpin"" (biasanya naik duluan) berubah rata-rata +9,1% dalam 14 hari | Harga sedang bergejolak: rata-rata ±1,0% per hari (30 hari terakhir) | Harga +0,5% dalam 1 hari terakhir","[{""feature"": ""lead_ret_14_mean"", ""shap"": 0.4592642337946928, ""value"": 0.08696390688419342, ""text"": ""Provinsi \""pemimpin\"" (biasanya naik duluan) berubah rata-rata +9,1% dalam 14 hari""}, {""feature"": ""vol_30"", ""shap"": 0.3901683002938797, ""value"": 0.009919490665197372, ""text"": ""Harga sedang bergejolak: rata-rata ±1,0% per hari (30 hari terakhir)""}, {""feature"": ""ret_1"", ""shap"": 0.25869237499689335, ""value"": 0.0046109589748084545, ""text"": ""Harga +0,5% dalam 1 hari terakhir""}]"
2026-10-07,com_16,13,0.2252028515378447,0,0.10951526,0.045801107,Cabai Rawit Merah,Cabai Rawit,DKI Jakarta,-6.2088,106.8456,Tinggi,"Provinsi ""pemimpin"" (biasanya naik duluan) berubah rata-rata +9,1% dalam 14 hari | Harga sedang bergejolak: rata-rata ±1,1% per hari (30 hari terakhir) | Harga +0,9% dalam 1 hari terakhir","[{""feature"": ""lead_ret_14_mean"", ""shap"": 0.4580808331800658, ""value"": 0.08696390688419342, ""text"": ""Provinsi \""pemimpin\"" (biasanya naik duluan) berubah rata-rata +9,1% dalam 14 hari""}, {""feature"": ""vol_30"", ""shap"": 0.42825525323933966, ""value"": 0.01058567687869072, ""text"": ""Harga sedang bergejolak: rata-rata ±1,1% per hari (30 hari terakhir)""}, {""feature"": ""ret_1"", ""shap"": 0.25125413144707, ""value"": 0.008667442947626114, ""text"": ""Harga +0,9% dalam 1 hari terakhir""}]"
2026-10-07,com_16,14,0.11178328689746965,0,0.100950986,0.033786997,Cabai Rawit Merah,Cabai Rawit,Jawa Tengah,-6.9667,110.4167,Waspada,"Provinsi ""pemimpin"" (biasanya naik duluan) berubah rata-rata +6,4% dalam 14 hari | Harga sedang bergejolak: rata-rata ±0,8% per hari (30 hari terakhir) | Harga +3,4% dalam 7 hari terakhir","[{""feature"": ""lead_ret_14_mean"", ""shap"": 0.5478444275381643, ""value"": 0.06249145418405533, ""text"": ""Provinsi \""pemimpin\"" (biasanya naik duluan) berubah rata-rata +6,4% dalam 14 hari""}, {""feature"": ""vol_30"", ""shap"": 0.2337570307883855, ""value"": 0.007591724395751953, ""text"": ""Harga sedang bergejolak: rata-rata ±0,8% per hari (30 hari terakhir)""}, {""feature"": ""ret_7"", ""shap"": 0.1588737994392983, ""value"": 0.03378699719905853, ""text"": ""Harga +3,4% dalam 7 hari terakhir""}]"
2026-10-07,com_16,15,0.17728442221419238,0,0.10714286,0.02614528,Cabai Rawit Merah,Cabai Rawit,DI Yogyakarta,-7.7956,110.3695,Waspada,"Provinsi ""pemimpin"" (biasanya naik duluan) berubah rata-rata +9,1% dalam 14 hari | Harga sedang bergejolak: rata-rata ±1,4% per hari (30 hari terakhir) | Harga 23,9% di bawah rata-rata nasional (berpotensi menyusul naik)","[{""feature"": ""lead_ret_14_mean"", ""shap"": 0.5309637237104884, ""value"": 0.08696390688419342, ""text"": ""Provinsi \""pemimpin\"" (biasanya naik duluan) berubah rata-rata +9,1% dalam 14 hari""}, {""feature"": ""vol_30"", ""shap"": 0.3764884972528734, ""value"": 0.014483855105936527, ""text"": ""Harga sedang bergejolak: rata-rata ±1,4% per hari (30 hari terakhir)""}, {""feature"": ""rel_nat"", ""shap"": 0.1988972620667212, ""value"": -0.2732231914997101, ""text"": ""Harga 23,9% di bawah rata-rata nasional (berpotensi menyusul naik)""}]"
2026-10-07,com_16,16,0.20522814169588957,0,0.097133756,-0.01154414,Cabai Rawit Merah,Cabai Rawit,Jawa Timur,-7.2575,112.7521,Waspada,"Provinsi ""pemimpin"" (biasanya naik duluan) berubah rata-rata +15,6% dalam 14 hari | Harga sedang bergejolak: rata-rata ±1,6% per hari (30 hari terakhir) | Harga 32,4% di bawah rata-rata nasional (berpotensi menyusul naik)","[{""feature"": ""lead_ret_14_mean"", ""shap"": 0.5626166465853243, ""value"": 0.14511844515800476, ""text"": ""Provinsi \""pemimpin\"" (biasanya naik duluan) berubah rata-rata +15,6% dalam 14 hari""}, {""feature"": ""vol_30"", ""shap"": 0.426179836598797, ""value"": 0.01585335098206997, ""text"": ""Harga sedang bergejolak: rata-rata ±1,6% per hari (30 hari terakhir)""}, {""feature"": ""rel_nat"", ""shap"": 0.3129270376991871, ""value"": -0.3908449709415436, ""text"": ""Harga 32,4% di bawah rata-rata nasional (berpotensi menyusul naik)""}]"
2026-10-07,com_16,17,0.07790755794939515,0,0.074672826,-0.102059945,Cabai Rawit Merah,Cabai Rawit,Bali,-8.6705,115.2126,Rendah,"Harga sedang bergejolak: rata-rata ±4,6% per hari (14 hari terakhir) | Provinsi ""pemimpin"" (biasanya naik duluan) berubah rata-rata +9,2% dalam 14 hari | Harga 31,5% di bawah rata-rata nasional (berpotensi menyusul naik)","[{""feature"": ""vol_14"", ""shap"": 0.47498438518719416, ""value"": 0.04646136984229088, ""text"": ""Harga sedang bergejolak: rata-rata ±4,6% per hari (14 hari terakhir)""}, {""feature"": ""lead_ret_14_mean"", ""shap"": 0.4437021720392602, ""value"": 0.08770701289176941, ""text"": ""Provinsi \""pemimpin\"" (biasanya naik duluan) berubah rata-rata +9,2% dalam 14 hari""}, {""feature"": ""rel_nat"", ""shap"": 0.2961126938184327, ""value"": -0.3778671324253082, ""text"": ""Harga 31,5% di bawah rata-rata nasional (berpotensi menyusul naik)""}]"
2026-10-07,com_16,18,0.11309270039598492,0,0.023017902,-0.010775073,Cabai Rawit Merah,Cabai Rawit,Nusa Tenggara Barat,-8.5833,116.1167,Waspada,"Provinsi ""pemimpin"" (biasanya naik duluan) berubah rata-rata +9,1% dalam 14 hari | Harga 41,1% di bawah rata-rata nasional (berpotensi menyusul naik) | Harga sedang bergejolak: rata-rata ±1,2% per hari (30 hari terakhir)","[{""feature"": ""lead_ret_14_mean"", ""shap"": 0.5026180592143752, ""value"": 0.08696390688419342, ""text"": ""Provinsi \""pemimpin\"" (biasanya naik duluan) berubah rata-rata +9,1% dalam 14 hari""}, {""feature"": ""rel_nat"", ""shap"": 0.35519167502248694, ""value"": -0.5291565656661987, ""text"": ""Harga 41,1% di bawah rata-rata nasional (berpotensi menyusul naik)""}, {""feature"": ""vol_30"", ""shap"": 0.28289389510803703, ""value"": 0.012316643260419369, ""text"": ""Harga sedang bergejolak: rata-rata ±1,2% per hari (30 hari terakhir)""}]"
2026-10-07,com_16,19,0.13003636836987745,0,-0.010862186,-0.0109216105,Cabai Rawit Merah,Cabai Rawit,Nusa Tenggara Timur,-10.1772,123.607,Waspada,"Provinsi ""pemimpin"" (biasanya naik duluan) berubah rata-rata +10,8% dalam 14 hari | Harga 28,5% di bawah rata-rata nasional (berpotensi menyusul naik) | Harga nasional +2,0% (7 hari)","[{""feature"": ""lead_ret_14_mean"", ""shap"": 0.8113132897191594, ""value"": 0.10278725624084473, ""text"": ""Provinsi \""pemimpin\"" (biasanya naik duluan) berubah rata-rata +10,8% dalam 14 hari""}, {""feature"": ""rel_nat"", ""shap"": 0.2391053702233278, ""value"": -0.33509862422943115, ""text"": ""Harga 28,5% di bawah rata-rata nasional (berpotensi menyusul naik)""}, {""feature"": ""nat_ret_7"", ""shap"": 0.2072420103699338, ""value"": 0.019832082092761993, ""text"": ""Harga nasional +2,0% (7 hari)""}]"
2026-10-07,com_16,20,0.0859263462169982,0,-0.010027663,0.0045510316,Cabai Rawit Merah,Cabai Rawit,Kalimantan Barat,-0.0263,109.3425,Rendah,"Harga sedang bergejolak: rata-rata ±2,4% per hari (30 hari terakhir) | Provinsi ""pemimpin"" (biasanya naik duluan) berubah rata-rata +9,1% dalam 14 hari | Harga +3,6% dalam 1 hari terakhir","[{""feature"": ""vol_30"", ""shap"": 0.537286769763277, ""value"": 0.02385326288640499, ""text"": ""Harga sedang bergejolak: rata-rata ±2,4% per hari (30 hari terakhir)""}, {""feature"": ""lead_ret_14_mean"", ""shap"": 0.4693146267786182, ""value"": 0.08696390688419342, ""text"": ""Provinsi \""pemimpin\"" (biasanya naik duluan) berubah rata-rata +9,1% dalam 14 hari""}, {""feature"": ""ret_1"", ""shap"": 0.3446861532617121, ""value"": 0.035552978515625, ""text"": ""Harga +3,6% dalam 1 hari terakhir""}]"
2026-10-07,com_16,21,0.1981426411479075,0,-0.04597701,0.003862873,Cabai Rawit Merah,Cabai Rawit,Kalimantan Selatan,-3.3186,114.5944,Waspada,"Provinsi ""pemimpin"" (biasanya naik duluan) berubah rata-rata +9,1% dalam 14 hari | Harga sedang bergejolak: rata-rata ±2,0% per hari (30 hari terakhir) | Harga +0,4% dalam 1 hari terakhir","[{""feature"": ""lead_ret_14_mean"", ""shap"": 0.4834262616163869, ""value"": 0.08696390688419342, ""text"": ""Provinsi \""pemimpin\"" (biasanya naik duluan) berubah rata-rata +9,1% dalam 14 hari""}, {""feature"": ""vol_30"", ""shap"": 0.46152171641421647, ""value"": 0.019633062183856964, ""text"": ""Harga sedang bergejolak: rata-rata ±2,0% per hari (30 hari terakhir)""}, {""feature"": ""ret_1"", ""shap"": 0.24685446838824004, ""value"": 0.003862872952595353, ""text"": ""Harga +0,4% dalam 1 hari terakhir""}]"
2026-10-07,com_16,22,0.19569276905107338,0,-0.06542056,0.030459208,Cabai Rawit Merah,Cabai Rawit,Kalimantan Tengah,-2.2161,113.9135,Waspada,"Harga sedang bergejolak: rata-rata ±5,6% per hari (30 hari terakhir) | Provinsi ""pemimpin"" (biasanya naik duluan) berubah rata-rata +9,1% dalam 14 hari | Harga +2,0% dalam 1 hari terakhir","[{""feature"": ""vol_30"", ""shap"": 0.5705375277715582, ""value"": 0.05558451637625694, ""text"": ""Harga sedang bergejolak: rata-rata ±5,6% per hari (30 hari terakhir)""}, {""feature"": ""lead_ret_14_mean"", ""shap"": 0.4291099420281586, ""value"": 0.08696390688419342, ""text"": ""Provinsi \""pemimpin\"" (biasanya naik duluan) berubah rata-rata +9,1% dalam 14 hari""}, {""feature"": ""ret_1"", ""shap"": 0.30247175382863795, ""value"": 0.02020270749926567, ""text"": ""Harga +2,0% dalam 1 hari terakhir""}]"
2026-10-07,com_16,23,0.13115542653192375,0,0.09187908,0.023065273,Cabai Rawit Merah,Cabai Rawit,Kalimantan Timur,-0.5022,117.1536,Waspada,"Harga sedang bergejolak: rata-rata ±1,8% per hari (30 hari terakhir) | Provinsi ""pemimpin"" (biasanya naik duluan) berubah rata-rata +5,4% dalam 14 hari | Harga 23,5% lebih murah dari provinsi tetangga (berpotensi menyusul naik)","[{""feature"": ""vol_30"", ""shap"": 0.46502540915687995, ""value"": 0.017956530675292015, ""text"": ""Harga sedang bergejolak: rata-rata ±1,8% per hari (30 hari terakhir)""}, {""feature"": ""lead_ret_14_mean"", ""shap"": 0.45566691463577846, ""value"": 0.052893515676259995, ""text"": ""Provinsi \""pemimpin\"" (biasanya naik duluan) berubah rata-rata +5,4% dalam 14 hari""}, {""feature"": ""nbr_rel_price"", ""shap"": 0.18594196133645347, ""value"": -0.26851943135261536, ""text"": ""Harga 23,5% lebih murah dari provinsi tetangga (berpotensi menyusul naik)""}]"
2026-10-07,com_16,24,0.011013279449460596,1,0.30473512,0.11044388,Cabai Rawit Merah,Cabai Rawit,Kalimantan Utara,2.8375,117.3653,Sedang lonjak,"Harga sedang bergejolak: rata-rata ±2,2% per hari (30 hari terakhir) | Harga +11,7% dalam 7 hari terakhir | Tinggal -15,5 poin persen lagi menuju ambang lonjakan","[{""feature"": ""vol_30"", ""shap"": 0.4577329962756518, ""value"": 0.02247091755270958, ""text"": ""Harga sedang bergejolak: rata-rata ±2,2% per hari (30 hari terakhir)""}, {""feature"": ""ret_7"", ""shap"": 0.44181308808363606, ""value"": 0.11044388264417648, ""text"": ""Harga +11,7% dalam 7 hari terakhir""}, {""feature"": ""gap_to_threshold"", ""shap"": 0.20606849089410836, ""value"": -0.15473511815071106, ""text"": ""Tinggal -15,5 poin persen lagi menuju ambang lonjakan""}]"
2026-10-07,com_16,25,0.05719955260079478,0,-0.02974359,-0.017464641,Cabai Rawit Merah,Cabai Rawit,Gorontalo,0.5435,123.0568,Rendah,"Provinsi ""pemimpin"" (biasanya naik duluan) berubah rata-rata +4,5% dalam 14 hari | Harga sedang bergejolak: rata-rata ±4,4% per hari (30 hari terakhir) | 5 kali lonjakan dalam setahun terakhir","[{""feature"": ""lead_ret_14_mean"", ""shap"": 0.5047447895212904, ""value"": 0.04391096532344818, ""text"": ""Provinsi \""pemimpin\"" (biasanya naik duluan) berubah rata-rata +4,5% dalam 14 hari""}, {""feature"": ""vol_30"", ""shap"": 0.46258368460176374, ""value"": 0.0444374680519104, ""text"": ""Harga sedang bergejolak: rata-rata ±4,4% per hari (30 hari terakhir)""}, {""feature"": ""n_onsets_365"", ""shap"": 0.17503006734749074, ""value"": 5.0, ""text"": ""5 kali lonjakan dalam setahun terakhir""}]"
2026-10-07,com_16,26,0.009302044929367714,1,0.16207951,0.09662683,Cabai Rawit Merah,Cabai Rawit,Sulawesi Selatan,-5.1477,119.4327,Sedang lonjak,"Provinsi ""pemimpin"" (biasanya naik duluan) berubah rata-rata +5,4% dalam 14 hari | Harga +10,1% dalam 7 hari terakhir | Harga sedang bergejolak: rata-rata ±2,2% per hari (14 hari terakhir)","[{""feature"": ""lead_ret_14_mean"", ""shap"": 0.416589066727795, ""value"": 0.052893515676259995, ""text"": ""Provinsi \""pemimpin\"" (biasanya naik duluan) berubah rata-rata +5,4% dalam 14 hari""}, {""feature"": ""ret_7"", ""shap"": 0.36412414084518413, ""value"": 0.09662683308124542, ""text"": ""Harga +10,1% dalam 7 hari terakhir""}, {""feature"": ""vol_14"", ""shap"": 0.29194411422789224, ""value"": 0.02246970497071743, ""text"": ""Harga sedang bergejolak: rata-rata ±2,2% per hari (14 hari terakhir)""}]"
2026-10-07,com_16,27,0.023596199598169623,0,0.1375,0.05651221,Cabai Rawit Merah,Cabai Rawit,Sulawesi Tenggara,-3.9985,122.513,Rendah,"Harga sedang bergejolak: rata-rata ±2,6% per hari (30 hari terakhir) | Harga +5,8% dalam 3 hari terakhir | Tinggal 1,3 poin persen lagi menuju ambang lonjakan","[{""feature"": ""vol_30"", ""shap"": 0.5187754203965004, ""value"": 0.02571784146130085, ""text"": ""Harga sedang bergejolak: rata-rata ±2,6% per hari (30 hari terakhir)""}, {""feature"": ""ret_3"", ""shap"": 0.25035746742664206, ""value"": 0.05651221051812172, ""text"": ""Harga +5,8% dalam 3 hari terakhir""}, {""feature"": ""gap_to_threshold"", ""shap"": 0.1693087124563291, ""value"": 0.012500000186264515, ""text"": ""Tinggal 1,3 poin persen lagi menuju ambang lonjakan""}]"
2026-10-07,com_16,28,0.01395479022810169,0,0.13043478,-0.023941861,Cabai Rawit Merah,Cabai Rawit,Sulawesi Tengah,-0.8917,119.8707,Rendah,"Harga sedang bergejolak: rata-rata ±3,1% per hari (30 hari terakhir) | Harga +2,4% dalam 1 hari terakhir | 6 kali lonjakan dalam setahun terakhir","[{""feature"": ""vol_30"", ""shap"": 0.5138130769072387, ""value"": 0.03051588125526905, ""text"": ""Harga sedang bergejolak: rata-rata ±3,1% per hari (30 hari terakhir)""}, {""feature"": ""ret_1"", ""shap"": 0.22586632510798318, ""value"": 0.024135075509548187, ""text"": ""Harga +2,4% dalam 1 hari terakhir""}, {""feature"": ""n_onsets_365"", ""shap"": 0.14786590967458071, ""value"": 6.0, ""text"": ""6 kali lonjakan dalam setahun terakhir""}]"
2026-10-07,com_16,29,0.059047145778011255,0,-0.056842104,-0.018430304,Cabai Rawit Merah,Cabai Rawit,Sulawesi Utara,1.4748,124.8421,Rendah,"Provinsi ""pemimpin"" (biasanya naik duluan) berubah rata-rata +4,6% dalam 14 hari | Harga sedang bergejolak: rata-rata ±7,5% per hari (30 hari terakhir) | 5 kali lonjakan dalam setahun terakhir","[{""feature"": ""lead_ret_14_mean"", ""shap"": 0.5330593997704727, ""value"": 0.044840823858976364, ""text"": ""Provinsi \""pemimpin\"" (biasanya naik duluan) berubah rata-rata +4,6% dalam 14 hari""}, {""feature"": ""vol_30"", ""shap"": 0.48948767235642643, ""value"": 0.07547169923782349, ""text"": ""Harga sedang bergejolak: rata-rata ±7,5% per hari (30 hari terakhir)""}, {""feature"": ""n_onsets_365"", ""shap"": 0.18853575202429804, ""value"": 5.0, ""text"": ""5 kali lonjakan dalam setahun terakhir""}]"
2026-10-07,com_16,30,0.17233230683925382,0,0.12057971,0.07574089,Cabai Rawit Merah,Cabai Rawit,Sulawesi Barat,-2.6748,118.8885,Waspada,"Harga +7,9% dalam 7 hari terakhir | Provinsi ""pemimpin"" (biasanya naik duluan) berubah rata-rata +2,1% dalam 14 hari | Harga sedang bergejolak: rata-rata ±1,4% per hari (30 hari terakhir)","[{""feature"": ""ret_7"", ""shap"": 0.49282372321899737, ""value"": 0.07574088871479034, ""text"": ""Harga +7,9% dalam 7 hari terakhir""}, {""feature"": ""lead_ret_14_mean"", ""shap"": 0.33657966654224886, ""value"": 0.020498203113675117, ""text"": ""Provinsi \""pemimpin\"" (biasanya naik duluan) berubah rata-rata +2,1% dalam 14 hari""}, {""feature"": ""vol_30"", ""shap"": 0.25401952622910423, ""value"": 0.013632346875965595, ""text"": ""Harga sedang bergejolak: rata-rata ±1,4% per hari (30 hari terakhir)""}]"
2026-10-07,com_16,31,0.2740635285986293,0,0.052173913,0.10444266,Cabai Rawit Merah,Cabai Rawit,Maluku,-3.6954,128.1814,Tinggi,"Harga sedang bergejolak: rata-rata ±3,8% per hari (14 hari terakhir) | Harga +11,0% dalam 7 hari terakhir | Provinsi ""pemimpin"" (biasanya naik duluan) berubah rata-rata +3,5% dalam 14 hari","[{""feature"": ""vol_14"", ""shap"": 0.7543475895312606, ""value"": 0.03770286589860916, ""text"": ""Harga sedang bergejolak: rata-rata ±3,8% per hari (14 hari terakhir)""}, {""feature"": ""ret_7"", ""shap"": 0.7395116938531916, ""value"": 0.10444266349077225, ""text"": ""Harga +11,0% dalam 7 hari terakhir""}, {""feature"": ""lead_ret_14_mean"", ""shap"": 0.38485702374378944, ""value"": 0.034729063510894775, ""text"": ""Provinsi \""pemimpin\"" (biasanya naik duluan) berubah rata-rata +3,5% dalam 14 hari""}]"
2026-10-07,com_16,32,0.021528904989906002,0,0.0,0.0,Cabai Rawit Merah,Cabai Rawit,Maluku Utara,0.7893,127.3842,Rendah,"Provinsi ""pemimpin"" (biasanya naik duluan) berubah rata-rata +1,1% dalam 14 hari | 3 kali lonjakan dalam setahun terakhir | Harga nasional +2,0% (7 hari)","[{""feature"": ""lead_ret_14_mean"", ""shap"": 0.4148382910624937, ""value"": 0.01129528321325779, ""text"": ""Provinsi \""pemimpin\"" (biasanya naik duluan) berubah rata-rata +1,1% dalam 14 hari""}, {""feature"": ""n_onsets_365"", ""shap"": 0.2855053993181052, ""value"": 3.0, ""text"": ""3 kali lonjakan dalam setahun terakhir""}, {""feature"": ""nat_ret_7"", ""shap"": 0.14449374407680188, ""value"": 0.019832082092761993, ""text"": ""Harga nasional +2,0% (7 hari)""}]"
2026-10-07,com_16,33,0.17823493868603685,0,0.023413897,-0.02478261,Cabai Rawit Merah,Cabai Rawit,Papua,-2.5337,140.7181,Waspada,"Provinsi ""pemimpin"" (biasanya naik duluan) berubah rata-rata +3,5% dalam 14 hari | Harga sedang bergejolak: rata-rata ±2,6% per hari (30 hari terakhir) | 7 kali lonjakan dalam setahun terakhir","[{""feature"": ""lead_ret_14_mean"", ""shap"": 0.46504157353778036, ""value"": 0.034729063510894775, ""text"": ""Provinsi \""pemimpin\"" (biasanya naik duluan) berubah rata-rata +3,5% dalam 14 hari""}, {""feature"": ""vol_30"", ""shap"": 0.45841077884235737, ""value"": 0.025874275714159012, ""text"": ""Harga sedang bergejolak: rata-rata ±2,6% per hari (30 hari terakhir)""}, {""feature"": ""n_onsets_365"", ""shap"": 0.17853449794811724, ""value"": 7.0, ""text"": ""7 kali lonjakan dalam setahun terakhir""}]"
2026-10-07,com_16,34,0.011975338908241815,1,0.21276596,-0.034486175,Cabai Rawit Merah,Cabai Rawit,Papua Barat,-0.8615,134.062,Sedang lonjak,"Harga sedang bergejolak: rata-rata ±4,0% per hari (14 hari terakhir) | Tinggal -6,3 poin persen lagi menuju ambang lonjakan | 4 kali lonjakan dalam setahun terakhir","[{""feature"": ""vol_14"", ""shap"": 0.5481478774046213, ""value"": 0.03982285037636757, ""text"": ""Harga sedang bergejolak: rata-rata ±4,0% per hari (14 hari terakhir)""}, {""feature"": ""gap_to_threshold"", ""shap"": 0.17656478956313695, ""value"": -0.06276595592498779, ""text"": ""Tinggal -6,3 poin persen lagi menuju ambang lonjakan""}, {""feature"": ""n_onsets_365"", ""shap"": 0.1649767433847463, ""value"": 4.0, ""text"": ""4 kali lonjakan dalam setahun terakhir""}]"
2026-10-07,com_17,1,0.0031212324141331165,0,-0.012406948,-0.010000084,Minyak Goreng Curah,Minyak Goreng,Aceh,5.5483,95.3238,Rendah,"Provinsi ""pemimpin"" (biasanya naik duluan) berubah rata-rata +0,7% dalam 14 hari | Harga 4,0% lebih murah dari provinsi tetangga (berpotensi menyusul naik) | Sudah lebih dari 4 bulan setelah Idulfitri (pola musiman)","[{""feature"": ""lead_ret_14_mean"", ""shap"": 0.41242032331824785, ""value"": 0.007277927361428738, ""text"": ""Provinsi \""pemimpin\"" (biasanya naik duluan) berubah rata-rata +0,7% dalam 14 hari""}, {""feature"": ""nbr_rel_price"", ""shap"": 0.1596366474639304, ""value"": -0.04095609858632088, ""text"": ""Harga 4,0% lebih murah dari provinsi tetangga (berpotensi menyusul naik)""}, {""feature"": ""days_since_idulfitri"", ""shap"": 0.016897579115860338, ""value"": 120.0, ""text"": ""Sudah lebih dari 4 bulan setelah Idulfitri (pola musiman)""}]"
2026-10-07,com_17,2,0.0010702462177469346,0,-0.0023923444,-0.0023952108,Minyak Goreng Curah,Minyak Goreng,Sumatera Utara,3.5952,98.6722,Rendah,H-79 menuju Natal | Sudah lebih dari 4 bulan setelah Idulfitri (pola musiman) | H-86 menuju Tahun Baru,"[{""feature"": ""days_to_natal"", ""shap"": 0.027741358091256055, ""value"": 79.0, ""text"": ""H-79 menuju Natal""}, {""feature"": ""days_since_idulfitri"", ""shap"": 0.01069251519212703, ""value"": 120.0, ""text"": ""Sudah lebih dari 4 bulan setelah Idulfitri (pola musiman)""}, {""feature"": ""days_to_tahun_baru"", ""shap"": 0.004497497854176627, ""value"": 86.0, ""text"": ""H-86 menuju Tahun Baru""}]"
2026-10-07,com_17,3,0.005813174055431921,0,-0.004878049,-0.004889985,Minyak Goreng Curah,Minyak Goreng,Sumatera Barat,-0.9471,100.4172,Rendah,"Provinsi ""pemimpin"" (biasanya naik duluan) berubah rata-rata +0,9% dalam 14 hari | 191 hari sejak lonjakan terakhir | Sudah lebih dari 4 bulan setelah Idulfitri (pola musiman)","[{""feature"": ""lead_ret_14_mean"", ""shap"": 0.40870527907008075, ""value"": 0.008830958977341652, ""text"": ""Provinsi \""pemimpin\"" (biasanya naik duluan) berubah rata-rata +0,9% dalam 14 hari""}, {""feature"": ""days_since_spike"", ""shap"": 0.21223466441180555, ""value"": 191.0, ""text"": ""191 hari sejak lonjakan terakhir""}, {""feature"": ""days_since_idulfitri"", ""shap"": 0.022298984613927528, ""value"": 120.0, ""text"": ""Sudah lebih dari 4 bulan setelah Idulfitri (pola musiman)""}]"
2026-10-07,com_17,4,0.0010081760529349307,0,-0.0071090045,-0.0023837914,Minyak Goreng Curah,Minyak Goreng,Riau,0.5071,101.4478,Rendah,"Sudah lebih dari 4 bulan setelah Idulfitri (pola musiman) | H-79 menuju Natal | Curah hujan 30 hari (60–90 hari lalu) +0,6 SD dari normal","[{""feature"": ""days_since_idulfitri"", ""shap"": 0.012814802464038648, ""value"": 120.0, ""text"": ""Sudah lebih dari 4 bulan setelah Idulfitri (pola musiman)""}, {""feature"": ""days_to_natal"", ""shap"": 0.00936287238861383, ""value"": 79.0, ""text"": ""H-79 menuju Natal""}, {""feature"": ""rain_30_anom_lag60"", ""shap"": 0.004619223899969785, ""value"": 0.5611490607261658, ""text"": ""Curah hujan 30 hari (60–90 hari lalu) +0,6 SD dari normal""}]"
2026-10-07,com_17,5,0.0022948384682554683,0,-0.010152284,0.0,Minyak Goreng Curah,Minyak Goreng,Kepulauan Riau,0.9186,104.4665,Rendah,"156 hari sejak lonjakan terakhir | Harga 5,9% lebih murah dari provinsi tetangga (berpotensi menyusul naik) | Curah hujan 30 hari (30–60 hari lalu) +5,0 SD dari normal","[{""feature"": ""days_since_spike"", ""shap"": 0.2119983831327306, ""value"": 156.0, ""text"": ""156 hari sejak lonjakan terakhir""}, {""feature"": ""nbr_rel_price"", ""shap"": 0.20630452203871852, ""value"": -0.0608673021197319, ""text"": ""Harga 5,9% lebih murah dari provinsi tetangga (berpotensi menyusul naik)""}, {""feature"": ""rain_30_anom_lag30"", ""shap"": 0.035542357543111906, ""value"": 5.0, ""text"": ""Curah hujan 30 hari (30–60 hari lalu) +5,0 SD dari normal""}]"
2026-10-07,com_17,6,0.0014301807364358492,0,0.0,0.0,Minyak Goreng Curah,Minyak Goreng,Jambi,-1.6101,103.6131,Rendah,"Salah satu provinsi tetangga berubah +0,5% dalam 7 hari | Harga pedagang besar 59,0% di atas harga produsen | H-79 menuju Natal","[{""feature"": ""nbr_ret_7_max"", ""shap"": 0.06585539767984286, ""value"": 0.00483092712238431, ""text"": ""Salah satu provinsi tetangga berubah +0,5% dalam 7 hari""}, {""feature"": ""margin_whole_prod"", ""shap"": 0.027914349955967366, ""value"": 0.46357274055480957, ""text"": ""Harga pedagang besar 59,0% di atas harga produsen""}, {""feature"": ""days_to_natal"", ""shap"": 0.01110018647519934, ""value"": 79.0, ""text"": ""H-79 menuju Natal""}]"
2026-10-07,com_17,7,0.0035143830428512397,0,0.0,0.0,Minyak Goreng Curah,Minyak Goreng,Bengkulu,-3.7928,102.2608,Rendah,"Harga pedagang besar +8,6% dalam 14 hari terakhir | Harga 2,7% lebih murah dari provinsi tetangga (berpotensi menyusul naik) | Salah satu provinsi tetangga berubah +0,5% dalam 7 hari","[{""feature"": ""ret_14_whole"", ""shap"": 0.1811718243317201, ""value"": 0.0822381004691124, ""text"": ""Harga pedagang besar +8,6% dalam 14 hari terakhir""}, {""feature"": ""nbr_rel_price"", ""shap"": 0.12867489674453347, ""value"": -0.02710307016968727, ""text"": ""Harga 2,7% lebih murah dari provinsi tetangga (berpotensi menyusul naik)""}, {""feature"": ""nbr_ret_7_max"", ""shap"": 0.06424197267162611, ""value"": 0.00483092712238431, ""text"": ""Salah satu provinsi tetangga berubah +0,5% dalam 7 hari""}]"
2026-10-07,com_17,8,0.012062750488370045,0,0.004842615,0.004830927,Minyak Goreng Curah,Minyak Goreng,Sumatera Selatan,-2.9761,104.7754,Rendah,"Provinsi ""pemimpin"" (biasanya naik duluan) berubah rata-rata +1,0% dalam 14 hari | Harga 2,2% lebih murah dari provinsi tetangga (berpotensi menyusul naik) | Harga +2,0 SD dari rata-rata 30 hari terakhir","[{""feature"": ""lead_ret_14_mean"", ""shap"": 0.526160279398601, ""value"": 0.009591029956936836, ""text"": ""Provinsi \""pemimpin\"" (biasanya naik duluan) berubah rata-rata +1,0% dalam 14 hari""}, {""feature"": ""nbr_rel_price"", ""shap"": 0.17574313801566513, ""value"": -0.022049766033887863, ""text"": ""Harga 2,2% lebih murah dari provinsi tetangga (berpotensi menyusul naik)""}, {""feature"": ""z_30"", ""shap"": 0.1149034254945744, ""value"": 1.9663841724395752, ""text"": ""Harga +2,0 SD dari rata-rata 30 hari terakhir""}]"
2026-10-07,com_17,10,0.002210397020881852,0,-0.0045351475,-0.0045454623,Minyak Goreng Curah,Minyak Goreng,Lampung,-5.3971,105.2668,Rendah,"168 hari sejak lonjakan terakhir | Harga pedagang besar +2,5% dalam 7 hari terakhir | Salah satu provinsi tetangga berubah +0,5% dalam 7 hari","[{""feature"": ""days_since_spike"", ""shap"": 0.19954038950802006, ""value"": 168.0, ""text"": ""168 hari sejak lonjakan terakhir""}, {""feature"": ""ret_7_whole"", ""shap"": 0.1898158800347471, ""value"": 0.024692611768841743, ""text"": ""Harga pedagang besar +2,5% dalam 7 hari terakhir""}, {""feature"": ""nbr_ret_7_max"", ""shap"": 0.04580295684113196, ""value"": 0.00483092712238431, ""text"": ""Salah satu provinsi tetangga berubah +0,5% dalam 7 hari""}]"
2026-10-07,com_17,11,0.004211503470141544,0,0.0,0.0,Minyak Goreng Curah,Minyak Goreng,Banten,-6.1104,106.164,Rendah,"Harga 17,8% lebih murah dari provinsi tetangga (berpotensi menyusul naik) | 191 hari sejak lonjakan terakhir | Harga 11,3% di bawah rata-rata nasional (berpotensi menyusul naik)","[{""feature"": ""nbr_rel_price"", ""shap"": 0.2958847675392033, ""value"": -0.19654473662376404, ""text"": ""Harga 17,8% lebih murah dari provinsi tetangga (berpotensi menyusul naik)""}, {""feature"": ""days_since_spike"", ""shap"": 0.26723577654325187, ""value"": 191.0, ""text"": ""191 hari sejak lonjakan terakhir""}, {""feature"": ""rel_nat"", ""shap"": 0.23431373928811763, ""value"": -0.11962296068668365, ""text"": ""Harga 11,3% di bawah rata-rata nasional (berpotensi menyusul naik)""}]"
2026-10-07,com_17,12,0.0028602423716008432,0,-0.0045871558,-0.002301497,Minyak Goreng Curah,Minyak Goreng,Jawa Barat,-6.9175,107.6191,Rendah,"Provinsi ""pemimpin"" (biasanya naik duluan) berubah rata-rata +0,9% dalam 14 hari | 196 hari sejak lonjakan terakhir | Sudah lebih dari 4 bulan setelah Idulfitri (pola musiman)","[{""feature"": ""lead_ret_14_mean"", ""shap"": 0.3814667148873763, ""value"": 0.0089079225435853, ""text"": ""Provinsi \""pemimpin\"" (biasanya naik duluan) berubah rata-rata +0,9% dalam 14 hari""}, {""feature"": ""days_since_spike"", ""shap"": 0.19077310380117218, ""value"": 196.0, ""text"": ""196 hari sejak lonjakan terakhir""}, {""feature"": ""days_since_idulfitri"", ""shap"": 0.02490631309222909, ""value"": 120.0, ""text"": ""Sudah lebih dari 4 bulan setelah Idulfitri (pola musiman)""}]"
2026-10-07,com_17,13,0.0041147219397450665,0,0.0,0.0,Minyak Goreng Curah,Minyak Goreng,DKI Jakarta,-6.2088,106.8456,Rendah,"190 hari sejak lonjakan terakhir | Harga pedagang besar +2,1% dalam 7 hari terakhir | Margin konsumen-pedagang besar berubah -2,0 poin (14 hari)","[{""feature"": ""days_since_spike"", ""shap"": 0.25229616310218045, ""value"": 190.0, ""text"": ""190 hari sejak lonjakan terakhir""}, {""feature"": ""ret_7_whole"", ""shap"": 0.1955900804666556, ""value"": 0.0204610712826252, ""text"": ""Harga pedagang besar +2,1% dalam 7 hari terakhir""}, {""feature"": ""margin_cons_whole_chg14"", ""shap"": 0.04786251817527593, ""value"": -0.0204610712826252, ""text"": ""Margin konsumen-pedagang besar berubah -2,0 poin (14 hari)""}]"
2026-10-07,com_17,14,0.001424650019037617,0,-0.004854369,0.0,Minyak Goreng Curah,Minyak Goreng,Jawa Tengah,-6.9667,110.4167,Rendah,"Harga 3,9% lebih murah dari provinsi tetangga (berpotensi menyusul naik) | Harga konsumen 10,8% di atas harga produsen | Sudah lebih dari 4 bulan setelah Idulfitri (pola musiman)","[{""feature"": ""nbr_rel_price"", ""shap"": 0.1593171101520016, ""value"": -0.039653223007917404, ""text"": ""Harga 3,9% lebih murah dari provinsi tetangga (berpotensi menyusul naik)""}, {""feature"": ""margin_cons_prod"", ""shap"": 0.03205410742967507, ""value"": 0.10265415161848068, ""text"": ""Harga konsumen 10,8% di atas harga produsen""}, {""feature"": ""days_since_idulfitri"", ""shap"": 0.015185381894317066, ""value"": 120.0, ""text"": ""Sudah lebih dari 4 bulan setelah Idulfitri (pola musiman)""}]"
2026-10-07,com_17,15,0.0022641220486638294,0,0.0,0.0,Minyak Goreng Curah,Minyak Goreng,DI Yogyakarta,-7.7956,110.3695,Rendah,"196 hari sejak lonjakan terakhir | Harga 2,3% lebih murah dari provinsi tetangga (berpotensi menyusul naik) | H-79 menuju Natal","[{""feature"": ""days_since_spike"", ""shap"": 0.2402414394048157, ""value"": 196.0, ""text"": ""196 hari sejak lonjakan terakhir""}, {""feature"": ""nbr_rel_price"", ""shap"": 0.08848250705533013, ""value"": -0.023491406813263893, ""text"": ""Harga 2,3% lebih murah dari provinsi tetangga (berpotensi menyusul naik)""}, {""feature"": ""days_to_natal"", ""shap"": 0.025502435849587602, ""value"": 79.0, ""text"": ""H-79 menuju Natal""}]"
2026-10-07,com_17,16,0.0031669577440935886,0,-0.0023148148,0.0,Minyak Goreng Curah,Minyak Goreng,Jawa Timur,-7.2575,112.7521,Rendah,"Provinsi ""pemimpin"" (biasanya naik duluan) berubah rata-rata +0,9% dalam 14 hari | Sudah lebih dari 4 bulan setelah Idulfitri (pola musiman) | Curah hujan 30 hari di sentra produksi (30–60 hari lalu) -0,5 SD dari normal","[{""feature"": ""lead_ret_14_mean"", ""shap"": 0.417828101519972, ""value"": 0.008830958977341652, ""text"": ""Provinsi \""pemimpin\"" (biasanya naik duluan) berubah rata-rata +0,9% dalam 14 hari""}, {""feature"": ""days_since_idulfitri"", ""shap"": 0.027566049132160167, ""value"": 120.0, ""text"": ""Sudah lebih dari 4 bulan setelah Idulfitri (pola musiman)""}, {""feature"": ""rain_30_anom_lag30_sentra"", ""shap"": 0.006052835342296947, ""value"": -0.4910951852798462, ""text"": ""Curah hujan 30 hari di sentra produksi (30–60 hari lalu) -0,5 SD dari normal""}]"
2026-10-07,com_17,17,0.0015204649768801662,0,0.0,0.0,Minyak Goreng Curah,Minyak Goreng,Bali,-8.6705,115.2126,Rendah,"184 hari sejak lonjakan terakhir | Harga +0,5 SD dari rata-rata 30 hari terakhir | H-79 menuju Natal","[{""feature"": ""days_since_spike"", ""shap"": 0.25635055603108986, ""value"": 184.0, ""text"": ""184 hari sejak lonjakan terakhir""}, {""feature"": ""z_30"", ""shap"": 0.0530598664248174, ""value"": 0.5424047112464905, ""text"": ""Harga +0,5 SD dari rata-rata 30 hari terakhir""}, {""feature"": ""days_to_natal"", ""shap"": 0.018350898824325862, ""value"": 79.0, ""text"": ""H-79 menuju Natal""}]"
2026-10-07,com_17,18,0.0015206800145841314,0,-0.0043572984,-0.0021857931,Minyak Goreng Curah,Minyak Goreng,Nusa Tenggara Barat,-8.5833,116.1167,Rendah,"Salah satu provinsi tetangga berubah +1,3% dalam 7 hari | Harga di provinsi tetangga berubah rata-rata +1,0% dalam 14 hari | Sudah lebih dari 4 bulan setelah Idulfitri (pola musiman)","[{""feature"": ""nbr_ret_7_max"", ""shap"": 0.08082024712138693, ""value"": 0.012837146408855915, ""text"": ""Salah satu provinsi tetangga berubah +1,3% dalam 7 hari""}, {""feature"": ""nbr_ret_14_mean"", ""shap"": 0.04865214837504772, ""value"": 0.009591029956936836, ""text"": ""Harga di provinsi tetangga berubah rata-rata +1,0% dalam 14 hari""}, {""feature"": ""days_since_idulfitri"", ""shap"": 0.01634070856063145, ""value"": 120.0, ""text"": ""Sudah lebih dari 4 bulan setelah Idulfitri (pola musiman)""}]"
2026-10-07,com_17,19,0.002743423577857838,0,0.0,0.0,Minyak Goreng Curah,Minyak Goreng,Nusa Tenggara Timur,-10.1772,123.607,Rendah,"Harga 19,9% lebih murah dari provinsi tetangga (berpotensi menyusul naik) | Harga 19,9% di bawah rata-rata nasional (berpotensi menyusul naik) | Harga konsumen 2,4% di bawah harga pedagang besar","[{""feature"": ""nbr_rel_price"", ""shap"": 0.30478892189050366, ""value"": -0.22207865118980408, ""text"": ""Harga 19,9% lebih murah dari provinsi tetangga (berpotensi menyusul naik)""}, {""feature"": ""rel_nat"", ""shap"": 0.21007960358419012, ""value"": -0.22130700945854187, ""text"": ""Harga 19,9% di bawah rata-rata nasional (berpotensi menyusul naik)""}, {""feature"": ""margin_cons_whole"", ""shap"": 0.12074106639158048, ""value"": -0.02417036145925522, ""text"": ""Harga konsumen 2,4% di bawah harga pedagang besar""}]"
2026-10-07,com_17,20,0.00839991586658036,0,0.01861702,0.018445846,Minyak Goreng Curah,Minyak Goreng,Kalimantan Barat,-0.0263,109.3425,Rendah,"Provinsi ""pemimpin"" (biasanya naik duluan) berubah rata-rata +1,0% dalam 14 hari | Harga +1,9% dalam 7 hari terakhir | Harga +1,8 SD dari rata-rata 30 hari terakhir","[{""feature"": ""lead_ret_14_mean"", ""shap"": 0.4465729115896347, ""value"": 0.009591029956936836, ""text"": ""Provinsi \""pemimpin\"" (biasanya naik duluan) berubah rata-rata +1,0% dalam 14 hari""}, {""feature"": ""ret_7"", ""shap"": 0.1318610107858351, ""value"": 0.018445845693349838, ""text"": ""Harga +1,9% dalam 7 hari terakhir""}, {""feature"": ""z_30"", ""shap"": 0.11369242077120231, ""value"": 1.7660373449325562, ""text"": ""Harga +1,8 SD dari rata-rata 30 hari terakhir""}]"
2026-10-07,com_17,21,0.009300289885019469,0,-0.005263158,-0.005277057,Minyak Goreng Curah,Minyak Goreng,Kalimantan Selatan,-3.3186,114.5944,Rendah,"Provinsi ""pemimpin"" (biasanya naik duluan) berubah rata-rata +1,2% dalam 14 hari | Harga 5,7% lebih murah dari provinsi tetangga (berpotensi menyusul naik) | Harga 7,4% di bawah rata-rata nasional (berpotensi menyusul naik)","[{""feature"": ""lead_ret_14_mean"", ""shap"": 0.693293557456524, ""value"": 0.011973838321864605, ""text"": ""Provinsi \""pemimpin\"" (biasanya naik duluan) berubah rata-rata +1,2% dalam 14 hari""}, {""feature"": ""nbr_rel_price"", ""shap"": 0.21982950177577576, ""value"": -0.05846298485994339, ""text"": ""Harga 5,7% lebih murah dari provinsi tetangga (berpotensi menyusul naik)""}, {""feature"": ""rel_nat"", ""shap"": 0.1292533575360861, ""value"": -0.07637298107147217, ""text"": ""Harga 7,4% di bawah rata-rata nasional (berpotensi menyusul naik)""}]"
2026-10-07,com_17,22,0.01831154583831998,0,0.0,0.0,Minyak Goreng Curah,Minyak Goreng,Kalimantan Tengah,-2.2161,113.9135,Rendah,"Provinsi ""pemimpin"" (biasanya naik duluan) berubah rata-rata +1,2% dalam 14 hari | Harga 8,0% lebih murah dari provinsi tetangga (berpotensi menyusul naik) | 211 hari sejak lonjakan terakhir","[{""feature"": ""lead_ret_14_mean"", ""shap"": 0.5307259428462686, ""value"": 0.011973838321864605, ""text"": ""Provinsi \""pemimpin\"" (biasanya naik duluan) berubah rata-rata +1,2% dalam 14 hari""}, {""feature"": ""nbr_rel_price"", ""shap"": 0.36154364416485835, ""value"": -0.08338582515716553, ""text"": ""Harga 8,0% lebih murah dari provinsi tetangga (berpotensi menyusul naik)""}, {""feature"": ""days_since_spike"", ""shap"": 0.24495544132119665, ""value"": 211.0, ""text"": ""211 hari sejak lonjakan terakhir""}]"
2026-10-07,com_17,23,0.010729244812578692,0,0.0022935779,-0.038164005,Minyak Goreng Curah,Minyak Goreng,Kalimantan Timur,-0.5022,117.1536,Rendah,"Harga sedang bergejolak: rata-rata ±0,9% per hari (30 hari terakhir) | 78 hari sejak lonjakan terakhir | 2 kali lonjakan dalam setahun terakhir","[{""feature"": ""vol_30"", ""shap"": 0.3873904437645198, ""value"": 0.009469549171626568, ""text"": ""Harga sedang bergejolak: rata-rata ±0,9% per hari (30 hari terakhir)""}, {""feature"": ""days_since_spike"", ""shap"": 0.21771510906293237, ""value"": 78.0, ""text"": ""78 hari sejak lonjakan terakhir""}, {""feature"": ""n_onsets_365"", ""shap"": 0.21124168855147363, ""value"": 2.0, ""text"": ""2 kali lonjakan dalam setahun terakhir""}]"
2026-10-07,com_17,24,0.004575851411848971,0,0.0,0.0,Minyak Goreng Curah,Minyak Goreng,Kalimantan Utara,2.8375,117.3653,Rendah,"Provinsi ""pemimpin"" (biasanya naik duluan) berubah rata-rata +1,0% dalam 14 hari | Curah hujan 30 hari (30–60 hari lalu) -1,8 SD dari normal | Curah hujan 30 hari (60–90 hari lalu) +2,6 SD dari normal","[{""feature"": ""lead_ret_14_mean"", ""shap"": 0.5573852790300172, ""value"": 0.009671573527157307, ""text"": ""Provinsi \""pemimpin\"" (biasanya naik duluan) berubah rata-rata +1,0% dalam 14 hari""}, {""feature"": ""rain_30_anom_lag30"", ""shap"": 0.0680767458554849, ""value"": -1.7519081830978394, ""text"": ""Curah hujan 30 hari (30–60 hari lalu) -1,8 SD dari normal""}, {""feature"": ""rain_30_anom_lag60"", ""shap"": 0.020549092480478356, ""value"": 2.6333820819854736, ""text"": ""Curah hujan 30 hari (60–90 hari lalu) +2,6 SD dari normal""}]"
2026-10-07,com_17,25,0.0021086791383352356,0,0.0,0.0,Minyak Goreng Curah,Minyak Goreng,Gorontalo,0.5435,123.0568,Rendah,"Harga pedagang besar +0,5% dalam 14 hari terakhir | Harga 5,2% di bawah puncak 90 hari terakhir | Margin konsumen-produsen -0,5 SD dari normalnya","[{""feature"": ""ret_14_whole"", ""shap"": 0.052453548935988754, ""value"": 0.005050515756011009, ""text"": ""Harga pedagang besar +0,5% dalam 14 hari terakhir""}, {""feature"": ""dist_max_90"", ""shap"": 0.02634874434532876, ""value"": -0.053109824657440186, ""text"": ""Harga 5,2% di bawah puncak 90 hari terakhir""}, {""feature"": ""margin_cons_prod_z90"", ""shap"": 0.02175613672079, ""value"": -0.47227606177330017, ""text"": ""Margin konsumen-produsen -0,5 SD dari normalnya""}]"
2026-10-07,com_17,26,0.006408003550947173,0,0.031578947,0.012837146,Minyak Goreng Curah,Minyak Goreng,Sulawesi Selatan,-5.1477,119.4327,Rendah,"Provinsi ""pemimpin"" (biasanya naik duluan) berubah rata-rata +0,7% dalam 14 hari | Harga +1,0% dalam 3 hari terakhir | Harga +2,1 SD dari rata-rata 30 hari terakhir","[{""feature"": ""lead_ret_14_mean"", ""shap"": 0.26739178996865454, ""value"": 0.006912265904247761, ""text"": ""Provinsi \""pemimpin\"" (biasanya naik duluan) berubah rata-rata +0,7% dalam 14 hari""}, {""feature"": ""ret_3"", ""shap"": 0.1584533644917249, ""value"": 0.010256499983370304, ""text"": ""Harga +1,0% dalam 3 hari terakhir""}, {""feature"": ""z_30"", ""shap"": 0.0955647884563625, ""value"": 2.1345415115356445, ""text"": ""Harga +2,1 SD dari rata-rata 30 hari terakhir""}]"
2026-10-07,com_17,27,0.022657101504141526,0,0.0,0.0,Minyak Goreng Curah,Minyak Goreng,Sulawesi Tenggara,-3.9985,122.513,Rendah,"Harga sedang bergejolak: rata-rata ±1,6% per hari (30 hari terakhir) | 168 hari sejak lonjakan terakhir | Harga 11,6% di bawah puncak 90 hari terakhir","[{""feature"": ""vol_30"", ""shap"": 0.7554446297495429, ""value"": 0.016086112707853317, ""text"": ""Harga sedang bergejolak: rata-rata ±1,6% per hari (30 hari terakhir)""}, {""feature"": ""days_since_spike"", ""shap"": 0.21951534388692756, ""value"": 168.0, ""text"": ""168 hari sejak lonjakan terakhir""}, {""feature"": ""dist_max_90"", ""shap"": 0.16033413027565385, ""value"": -0.12361395359039307, ""text"": ""Harga 11,6% di bawah puncak 90 hari terakhir""}]"
2026-10-07,com_17,28,0.008217213832855194,0,0.0,0.0,Minyak Goreng Curah,Minyak Goreng,Sulawesi Tengah,-0.8917,119.8707,Rendah,"Harga 14,0% lebih murah dari provinsi tetangga (berpotensi menyusul naik) | Harga 10,5% di bawah rata-rata nasional (berpotensi menyusul naik) | Harga konsumen 1,4% di bawah harga pedagang besar","[{""feature"": ""nbr_rel_price"", ""shap"": 0.37381854768587996, ""value"": -0.15031738579273224, ""text"": ""Harga 14,0% lebih murah dari provinsi tetangga (berpotensi menyusul naik)""}, {""feature"": ""rel_nat"", ""shap"": 0.17568633621712884, ""value"": -0.11136981844902039, ""text"": ""Harga 10,5% di bawah rata-rata nasional (berpotensi menyusul naik)""}, {""feature"": ""margin_cons_whole"", ""shap"": 0.09534893864364263, ""value"": -0.013605652377009392, ""text"": ""Harga konsumen 1,4% di bawah harga pedagang besar""}]"
2026-10-07,com_17,29,0.015975878431753073,0,-0.0058139535,-0.0058309203,Minyak Goreng Curah,Minyak Goreng,Sulawesi Utara,1.4748,124.8421,Rendah,"Provinsi ""pemimpin"" (biasanya naik duluan) berubah rata-rata +0,9% dalam 14 hari | Harga 19,6% lebih murah dari provinsi tetangga (berpotensi menyusul naik) | Harga 16,2% di bawah rata-rata nasional (berpotensi menyusul naik)","[{""feature"": ""lead_ret_14_mean"", ""shap"": 0.48452334558383675, ""value"": 0.008830958977341652, ""text"": ""Provinsi \""pemimpin\"" (biasanya naik duluan) berubah rata-rata +0,9% dalam 14 hari""}, {""feature"": ""nbr_rel_price"", ""shap"": 0.3676787705708706, ""value"": -0.21867533028125763, ""text"": ""Harga 19,6% lebih murah dari provinsi tetangga (berpotensi menyusul naik)""}, {""feature"": ""rel_nat"", ""shap"": 0.2525400725399137, ""value"": -0.17645643651485443, ""text"": ""Harga 16,2% di bawah rata-rata nasional (berpotensi menyusul naik)""}]"
2026-10-07,com_17,30,0.006200792917741612,0,0.0,0.0,Minyak Goreng Curah,Minyak Goreng,Sulawesi Barat,-2.6748,118.8885,Rendah,"113 hari sejak lonjakan terakhir | Salah satu provinsi tetangga berubah +1,3% dalam 7 hari | Harga di provinsi tetangga berubah rata-rata +1,1% dalam 14 hari","[{""feature"": ""days_since_spike"", ""shap"": 0.21229917270606027, ""value"": 113.0, ""text"": ""113 hari sejak lonjakan terakhir""}, {""feature"": ""nbr_ret_7_max"", ""shap"": 0.11076824248062371, ""value"": 0.012837146408855915, ""text"": ""Salah satu provinsi tetangga berubah +1,3% dalam 7 hari""}, {""feature"": ""nbr_ret_14_mean"", ""shap"": 0.050156232035192365, ""value"": 0.011127179488539696, ""text"": ""Harga di provinsi tetangga berubah rata-rata +1,1% dalam 14 hari""}]"
2026-10-07,com_17,32,0.0019271918003156176,0,0.0,0.0,Minyak Goreng Curah,Minyak Goreng,Maluku Utara,0.7893,127.3842,Rendah,"Sudah lebih dari 4 bulan setelah Idulfitri (pola musiman) | Sudah lebih dari 4 bulan setelah Iduladha (pola musiman) | Curah hujan 30 hari (30–60 hari lalu) -1,2 SD dari normal","[{""feature"": ""days_since_idulfitri"", ""shap"": 0.014371836236967101, ""value"": 120.0, ""text"": ""Sudah lebih dari 4 bulan setelah Idulfitri (pola musiman)""}, {""feature"": ""days_since_iduladha"", ""shap"": 0.010023257135606232, ""value"": 120.0, ""text"": ""Sudah lebih dari 4 bulan setelah Iduladha (pola musiman)""}, {""feature"": ""rain_30_anom_lag30"", ""shap"": 0.004951504442828871, ""value"": -1.2183282375335693, ""text"": ""Curah hujan 30 hari (30–60 hari lalu) -1,2 SD dari normal""}]"
2026-10-07,com_17,33,0.002821591631864133,0,0.0,0.0,Minyak Goreng Curah,Minyak Goreng,Papua,-2.5337,140.7181,Rendah,"Harga 5,4% lebih murah dari provinsi tetangga (berpotensi menyusul naik) | Curah hujan 30 hari (30–60 hari lalu) -1,4 SD dari normal | H-79 menuju Natal","[{""feature"": ""nbr_rel_price"", ""shap"": 0.288684701151482, ""value"": -0.05568890646100044, ""text"": ""Harga 5,4% lebih murah dari provinsi tetangga (berpotensi menyusul naik)""}, {""feature"": ""rain_30_anom_lag30"", ""shap"": 0.037213790935089905, ""value"": -1.376806616783142, ""text"": ""Curah hujan 30 hari (30–60 hari lalu) -1,4 SD dari normal""}, {""feature"": ""days_to_natal"", ""shap"": 0.02301091714419929, ""value"": 79.0, ""text"": ""H-79 menuju Natal""}]"
2026-10-07,com_18,1,0.0015796671248619674,0,0.0,0.0,Minyak Goreng Kemasan Bermerk 1,Minyak Goreng,Aceh,5.5483,95.3238,Rendah,"Salah satu provinsi tetangga berubah +0,6% dalam 7 hari | Margin konsumen-produsen +1,0 SD dari normalnya | Curah hujan 30 hari di sentra produksi (60–90 hari lalu) -0,7 SD dari normal","[{""feature"": ""nbr_ret_7_max"", ""shap"": 0.03980378848231475, ""value"": 0.006006023846566677, ""text"": ""Salah satu provinsi tetangga berubah +0,6% dalam 7 hari""}, {""feature"": ""margin_cons_prod_z90"", ""shap"": 0.030110858504439276, ""value"": 1.0167784690856934, ""text"": ""Margin konsumen-produsen +1,0 SD dari normalnya""}, {""feature"": ""rain_30_anom_lag60_sentra"", ""shap"": 0.028338598062377148, ""value"": -0.6900790929794312, ""text"": ""Curah hujan 30 hari di sentra produksi (60–90 hari lalu) -0,7 SD dari normal""}]"
2026-10-07,com_18,2,0.001225070444937762,0,0.0,0.0,Minyak Goreng Kemasan Bermerk 1,Minyak Goreng,Sumatera Utara,3.5952,98.6722,Rendah,"Harga 4,9% lebih murah dari provinsi tetangga (berpotensi menyusul naik) | Salah satu provinsi tetangga berubah +0,6% dalam 7 hari | H-79 menuju Natal","[{""feature"": ""nbr_rel_price"", ""shap"": 0.0932066788601691, ""value"": -0.0505266971886158, ""text"": ""Harga 4,9% lebih murah dari provinsi tetangga (berpotensi menyusul naik)""}, {""feature"": ""nbr_ret_7_max"", ""shap"": 0.04498984779069067, ""value"": 0.006006023846566677, ""text"": ""Salah satu provinsi tetangga berubah +0,6% dalam 7 hari""}, {""feature"": ""days_to_natal"", ""shap"": 0.018967285307142694, ""value"": 79.0, ""text"": ""H-79 menuju Natal""}]"
2026-10-07,com_18,3,0.001228975663976413,0,0.006024096,0.006006024,Minyak Goreng Kemasan Bermerk 1,Minyak Goreng,Sumatera Barat,-0.9471,100.4172,Rendah,"Harga +2,7 SD dari rata-rata 30 hari terakhir | H-79 menuju Natal | Harga +0,6% dalam 14 hari terakhir","[{""feature"": ""z_30"", ""shap"": 0.10776386019323687, ""value"": 2.747568368911743, ""text"": ""Harga +2,7 SD dari rata-rata 30 hari terakhir""}, {""feature"": ""days_to_natal"", ""shap"": 0.03086845840922039, ""value"": 79.0, ""text"": ""H-79 menuju Natal""}, {""feature"": ""ret_14"", ""shap"": 0.015155681678670733, ""value"": 0.006006023846566677, ""text"": ""Harga +0,6% dalam 14 hari terakhir""}]"
2026-10-07,com_18,4,0.0011185661488587186,0,0.0,0.0,Minyak Goreng Kemasan Bermerk 1,Minyak Goreng,Riau,0.5071,101.4478,Rendah,"Salah satu provinsi tetangga berubah +0,6% dalam 7 hari | Harga +0,5 SD dari rata-rata 30 hari terakhir | Sudah lebih dari 4 bulan setelah Idulfitri (pola musiman)","[{""feature"": ""nbr_ret_7_max"", ""shap"": 0.06454420431657569, ""value"": 0.006006023846566677, ""text"": ""Salah satu provinsi tetangga berubah +0,6% dalam 7 hari""}, {""feature"": ""z_30"", ""shap"": 0.04092114181284407, ""value"": 0.5424047112464905, ""text"": ""Harga +0,5 SD dari rata-rata 30 hari terakhir""}, {""feature"": ""days_since_idulfitri"", ""shap"": 0.01417898195802154, ""value"": 120.0, ""text"": ""Sudah lebih dari 4 bulan setelah Idulfitri (pola musiman)""}]"
2026-10-07,com_18,5,0.0015427646369785097,0,0.0,0.0,Minyak Goreng Kemasan Bermerk 1,Minyak Goreng,Kepulauan Riau,0.9186,104.4665,Rendah,"Harga 8,7% lebih murah dari provinsi tetangga (berpotensi menyusul naik) | Harga 13,3% di bawah rata-rata nasional (berpotensi menyusul naik) | Harga konsumen 0,7% di bawah harga pedagang besar","[{""feature"": ""nbr_rel_price"", ""shap"": 0.16534442410550626, ""value"": -0.09102775156497955, ""text"": ""Harga 8,7% lebih murah dari provinsi tetangga (berpotensi menyusul naik)""}, {""feature"": ""rel_nat"", ""shap"": 0.16104015152943446, ""value"": -0.14325881004333496, ""text"": ""Harga 13,3% di bawah rata-rata nasional (berpotensi menyusul naik)""}, {""feature"": ""margin_cons_whole"", ""shap"": 0.08264778465063852, ""value"": -0.007083855103701353, ""text"": ""Harga konsumen 0,7% di bawah harga pedagang besar""}]"
2026-10-07,com_18,6,0.0006169414641586048,0,0.0,0.0,Minyak Goreng Kemasan Bermerk 1,Minyak Goreng,Jambi,-1.6101,103.6131,Rendah,"Harga pedagang besar 80,8% di atas harga produsen | Sudah lebih dari 4 bulan setelah Idulfitri (pola musiman) | Harga produsen nasional +1,0% (14 hari)","[{""feature"": ""margin_whole_prod"", ""shap"": 0.01682498879766932, ""value"": 0.592051088809967, ""text"": ""Harga pedagang besar 80,8% di atas harga produsen""}, {""feature"": ""days_since_idulfitri"", ""shap"": 0.009822639306110749, ""value"": 120.0, ""text"": ""Sudah lebih dari 4 bulan setelah Idulfitri (pola musiman)""}, {""feature"": ""nat_ret_14_prod"", ""shap"": 0.00830654447731436, ""value"": 0.00985229667276144, ""text"": ""Harga produsen nasional +1,0% (14 hari)""}]"
2026-10-07,com_18,7,0.0009755805280867896,0,0.0,0.0,Minyak Goreng Kemasan Bermerk 1,Minyak Goreng,Bengkulu,-3.7928,102.2608,Rendah,"Salah satu provinsi tetangga berubah +0,6% dalam 7 hari | Curah hujan 30 hari di sentra produksi (60–90 hari lalu) -0,7 SD dari normal | Harga di provinsi tetangga berubah rata-rata +0,2% dalam 14 hari","[{""feature"": ""nbr_ret_7_max"", ""shap"": 0.04347906118000361, ""value"": 0.006006023846566677, ""text"": ""Salah satu provinsi tetangga berubah +0,6% dalam 7 hari""}, {""feature"": ""rain_30_anom_lag60_sentra"", ""shap"": 0.018058682749456628, ""value"": -0.6900790929794312, ""text"": ""Curah hujan 30 hari di sentra produksi (60–90 hari lalu) -0,7 SD dari normal""}, {""feature"": ""nbr_ret_14_mean"", ""shap"": 0.016848779745092295, ""value"": 0.0020020080264657736, ""text"": ""Harga di provinsi tetangga berubah rata-rata +0,2% dalam 14 hari""}]"
2026-10-07,com_18,8,0.0025000435299344435,0,0.0,0.0,Minyak Goreng Kemasan Bermerk 1,Minyak Goreng,Sumatera Selatan,-2.9761,104.7754,Rendah,"Harga 7,1% lebih murah dari provinsi tetangga (berpotensi menyusul naik) | Harga 12,1% di bawah rata-rata nasional (berpotensi menyusul naik) | H-79 menuju Natal","[{""feature"": ""nbr_rel_price"", ""shap"": 0.23449272364147203, ""value"": -0.07328270375728607, ""text"": ""Harga 7,1% lebih murah dari provinsi tetangga (berpotensi menyusul naik)""}, {""feature"": ""rel_nat"", ""shap"": 0.07002106026024792, ""value"": -0.1291409283876419, ""text"": ""Harga 12,1% di bawah rata-rata nasional (berpotensi menyusul naik)""}, {""feature"": ""days_to_natal"", ""shap"": 0.024388686427298436, ""value"": 79.0, ""text"": ""H-79 menuju Natal""}]"
2026-10-07,com_18,9,0.0026571977967239104,0,0.0,0.0,Minyak Goreng Kemasan Bermerk 1,Minyak Goreng,Kepulauan Bangka Belitung,-2.1316,106.1169,Rendah,"Harga 10,1% di bawah rata-rata nasional (berpotensi menyusul naik) | Harga pedagang besar +0,9% dalam 14 hari terakhir | Harga konsumen 0,7% di bawah harga pedagang besar","[{""feature"": ""rel_nat"", ""shap"": 0.15621349281990307, ""value"": -0.10604521632194519, ""text"": ""Harga 10,1% di bawah rata-rata nasional (berpotensi menyusul naik)""}, {""feature"": ""ret_14_whole"", ""shap"": 0.12442492765628374, ""value"": 0.009111680090427399, ""text"": ""Harga pedagang besar +0,9% dalam 14 hari terakhir""}, {""feature"": ""margin_cons_whole"", ""shap"": 0.1229484837537182, ""value"": -0.0068259648978710175, ""text"": ""Harga konsumen 0,7% di bawah harga pedagang besar""}]"
2026-10-07,com_18,10,0.0007187539122859498,0,0.0,0.0,Minyak Goreng Kemasan Bermerk 1,Minyak Goreng,Lampung,-5.3971,105.2668,Rendah,"Harga 6,2% di bawah rata-rata nasional (berpotensi menyusul naik) | Curah hujan 30 hari (60–90 hari lalu) -1,1 SD dari normal | Sudah lebih dari 4 bulan setelah Idulfitri (pola musiman)","[{""feature"": ""rel_nat"", ""shap"": 0.08964130617888526, ""value"": -0.06358072906732559, ""text"": ""Harga 6,2% di bawah rata-rata nasional (berpotensi menyusul naik)""}, {""feature"": ""rain_30_anom_lag60"", ""shap"": 0.017728110545557743, ""value"": -1.0655453205108643, ""text"": ""Curah hujan 30 hari (60–90 hari lalu) -1,1 SD dari normal""}, {""feature"": ""days_since_idulfitri"", ""shap"": 0.014803761863103143, ""value"": 120.0, ""text"": ""Sudah lebih dari 4 bulan setelah Idulfitri (pola musiman)""}]"
2026-10-07,com_18,11,0.0012608382987662045,0,0.0,0.0,Minyak Goreng Kemasan Bermerk 1,Minyak Goreng,Banten,-6.1104,106.164,Rendah,"Harga 19,3% di bawah rata-rata nasional (berpotensi menyusul naik) | Harga 14,7% lebih murah dari provinsi tetangga (berpotensi menyusul naik) | Tahun lalu pada periode ini harga +2,8% dalam 14 hari (pola musiman)","[{""feature"": ""rel_nat"", ""shap"": 0.2097593117423008, ""value"": -0.2144545167684555, ""text"": ""Harga 19,3% di bawah rata-rata nasional (berpotensi menyusul naik)""}, {""feature"": ""nbr_rel_price"", ""shap"": 0.15976247902916904, ""value"": -0.1595446765422821, ""text"": ""Harga 14,7% lebih murah dari provinsi tetangga (berpotensi menyusul naik)""}, {""feature"": ""seas_ret_14_ly"", ""shap"": 0.02598103809253936, ""value"": 0.02793477661907673, ""text"": ""Tahun lalu pada periode ini harga +2,8% dalam 14 hari (pola musiman)""}]"
2026-10-07,com_18,12,0.0007218170303015217,0,0.0,0.0,Minyak Goreng Kemasan Bermerk 1,Minyak Goreng,Jawa Barat,-6.9175,107.6191,Rendah,"Harga produsen nasional +1,0% (14 hari) | Sudah lebih dari 4 bulan setelah Idulfitri (pola musiman) | H-86 menuju Tahun Baru","[{""feature"": ""nat_ret_14_prod"", ""shap"": 0.016125035186069087, ""value"": 0.00985229667276144, ""text"": ""Harga produsen nasional +1,0% (14 hari)""}, {""feature"": ""days_since_idulfitri"", ""shap"": 0.014277342130104499, ""value"": 120.0, ""text"": ""Sudah lebih dari 4 bulan setelah Idulfitri (pola musiman)""}, {""feature"": ""days_to_tahun_baru"", ""shap"": 0.009364765391477356, ""value"": 86.0, ""text"": ""H-86 menuju Tahun Baru""}]"
2026-10-07,com_18,13,0.0017146716047905593,0,0.0,0.0,Minyak Goreng Kemasan Bermerk 1,Minyak Goreng,DKI Jakarta,-6.2088,106.8456,Rendah,"Harga pedagang besar +1,1% dalam 7 hari terakhir | Harga 5,7% di bawah rata-rata nasional (berpotensi menyusul naik) | H-79 menuju Natal","[{""feature"": ""ret_7_whole"", ""shap"": 0.13444300409713825, ""value"": 0.011428696103394032, ""text"": ""Harga pedagang besar +1,1% dalam 7 hari terakhir""}, {""feature"": ""rel_nat"", ""shap"": 0.022359085554714338, ""value"": -0.05921391397714615, ""text"": ""Harga 5,7% di bawah rata-rata nasional (berpotensi menyusul naik)""}, {""feature"": ""days_to_natal"", ""shap"": 0.01710647498081438, ""value"": 79.0, ""text"": ""H-79 menuju Natal""}]"
2026-10-07,com_18,14,0.000957607037486699,0,0.0,0.0021953906,Minyak Goreng Kemasan Bermerk 1,Minyak Goreng,Jawa Tengah,-6.9667,110.4167,Rendah,"Harga +0,2% dalam 1 hari terakhir | Harga 2,5% lebih murah dari provinsi tetangga (berpotensi menyusul naik) | Harga 6,4% di bawah rata-rata nasional (berpotensi menyusul naik)","[{""feature"": ""ret_1"", ""shap"": 0.10695750399483855, ""value"": 0.0021953906398266554, ""text"": ""Harga +0,2% dalam 1 hari terakhir""}, {""feature"": ""nbr_rel_price"", ""shap"": 0.06063555186835022, ""value"": -0.025773441419005394, ""text"": ""Harga 2,5% lebih murah dari provinsi tetangga (berpotensi menyusul naik)""}, {""feature"": ""rel_nat"", ""shap"": 0.04271168490459224, ""value"": -0.06577131152153015, ""text"": ""Harga 6,4% di bawah rata-rata nasional (berpotensi menyusul naik)""}]"
2026-10-07,com_18,15,0.0009455356310977631,0,0.0,0.0,Minyak Goreng Kemasan Bermerk 1,Minyak Goreng,DI Yogyakarta,-7.7956,110.3695,Rendah,"H-79 menuju Natal | Harga produsen nasional +1,0% (14 hari) | H-86 menuju Tahun Baru","[{""feature"": ""days_to_natal"", ""shap"": 0.02702230618062109, ""value"": 79.0, ""text"": ""H-79 menuju Natal""}, {""feature"": ""nat_ret_14_prod"", ""shap"": 0.01605149181690844, ""value"": 0.00985229667276144, ""text"": ""Harga produsen nasional +1,0% (14 hari)""}, {""feature"": ""days_to_tahun_baru"", ""shap"": 0.014969239865875558, ""value"": 86.0, ""text"": ""H-86 menuju Tahun Baru""}]"
2026-10-07,com_18,16,0.0011624794413584594,0,0.0,0.0,Minyak Goreng Kemasan Bermerk 1,Minyak Goreng,Jawa Timur,-7.2575,112.7521,Rendah,"Harga 6,2% di bawah rata-rata nasional (berpotensi menyusul naik) | Salah satu provinsi tetangga berubah +0,7% dalam 7 hari | Harga 1,9% lebih murah dari provinsi tetangga (berpotensi menyusul naik)","[{""feature"": ""rel_nat"", ""shap"": 0.07712087801965128, ""value"": -0.06358072906732559, ""text"": ""Harga 6,2% di bawah rata-rata nasional (berpotensi menyusul naik)""}, {""feature"": ""nbr_ret_7_max"", ""shap"": 0.055467436796366475, ""value"": 0.006514681037515402, ""text"": ""Salah satu provinsi tetangga berubah +0,7% dalam 7 hari""}, {""feature"": ""nbr_rel_price"", ""shap"": 0.03092050515985492, ""value"": -0.019264543429017067, ""text"": ""Harga 1,9% lebih murah dari provinsi tetangga (berpotensi menyusul naik)""}]"
2026-10-07,com_18,17,0.0022354385225284087,0,0.006535948,0.006514681,Minyak Goreng Kemasan Bermerk 1,Minyak Goreng,Bali,-8.6705,115.2126,Rendah,"Harga +2,9 SD dari rata-rata 30 hari terakhir | Harga 3,8% lebih murah dari provinsi tetangga (berpotensi menyusul naik) | Harga +0,7% dalam 3 hari terakhir","[{""feature"": ""z_30"", ""shap"": 0.08847985154784997, ""value"": 2.9495761394500732, ""text"": ""Harga +2,9 SD dari rata-rata 30 hari terakhir""}, {""feature"": ""nbr_rel_price"", ""shap"": 0.08614474698093723, ""value"": -0.03877774998545647, ""text"": ""Harga 3,8% lebih murah dari provinsi tetangga (berpotensi menyusul naik)""}, {""feature"": ""ret_3"", ""shap"": 0.06699354229582519, ""value"": 0.006514681037515402, ""text"": ""Harga +0,7% dalam 3 hari terakhir""}]"
2026-10-07,com_18,18,0.005734847068414793,0,0.003976143,-0.015717415,Minyak Goreng Kemasan Bermerk 1,Minyak Goreng,Nusa Tenggara Barat,-8.5833,116.1167,Rendah,"Harga sedang bergejolak: rata-rata ±0,7% per hari (30 hari terakhir) | Provinsi ""pemimpin"" (biasanya naik duluan) berubah rata-rata +0,6% dalam 7 hari | Harga di provinsi tetangga berubah rata-rata +0,9% dalam 14 hari","[{""feature"": ""vol_30"", ""shap"": 0.2688294722192408, ""value"": 0.007340180221945047, ""text"": ""Harga sedang bergejolak: rata-rata ±0,7% per hari (30 hari terakhir)""}, {""feature"": ""lead_ret_7_mean"", ""shap"": 0.17726763387902586, ""value"": 0.005604477599263191, ""text"": ""Provinsi \""pemimpin\"" (biasanya naik duluan) berubah rata-rata +0,6% dalam 7 hari""}, {""feature"": ""nbr_ret_14_mean"", ""shap"": 0.05551481735735722, ""value"": 0.008616444654762745, ""text"": ""Harga di provinsi tetangga berubah rata-rata +0,9% dalam 14 hari""}]"
2026-10-07,com_18,19,0.0010386532261653003,0,0.010351967,0.010298752,Minyak Goreng Kemasan Bermerk 1,Minyak Goreng,Nusa Tenggara Timur,-10.1772,123.607,Rendah,"Harga +1,0% dalam 7 hari terakhir | Harga +1,9 SD dari rata-rata 30 hari terakhir | Harga 2,5% lebih murah dari provinsi tetangga (berpotensi menyusul naik)","[{""feature"": ""ret_7"", ""shap"": 0.10593872796037272, ""value"": 0.01029875222593546, ""text"": ""Harga +1,0% dalam 7 hari terakhir""}, {""feature"": ""z_30"", ""shap"": 0.07514272026515915, ""value"": 1.9344913959503174, ""text"": ""Harga +1,9 SD dari rata-rata 30 hari terakhir""}, {""feature"": ""nbr_rel_price"", ""shap"": 0.05447448106419266, ""value"": -0.02514706365764141, ""text"": ""Harga 2,5% lebih murah dari provinsi tetangga (berpotensi menyusul naik)""}]"
2026-10-07,com_18,20,0.00087127186923307,0,0.0,0.0,Minyak Goreng Kemasan Bermerk 1,Minyak Goreng,Kalimantan Barat,-0.0263,109.3425,Rendah,"Harga konsumen 1,9% di atas harga pedagang besar | Curah hujan 30 hari (30–60 hari lalu) -1,3 SD dari normal | Harga produsen nasional +1,0% (14 hari)","[{""feature"": ""margin_cons_whole"", ""shap"": 0.07935806664689873, ""value"": 0.018928010016679764, ""text"": ""Harga konsumen 1,9% di atas harga pedagang besar""}, {""feature"": ""rain_30_anom_lag30"", ""shap"": 0.02504952686705957, ""value"": -1.2946429252624512, ""text"": ""Curah hujan 30 hari (30–60 hari lalu) -1,3 SD dari normal""}, {""feature"": ""nat_ret_14_prod"", ""shap"": 0.01335204284855353, ""value"": 0.00985229667276144, ""text"": ""Harga produsen nasional +1,0% (14 hari)""}]"
2026-10-07,com_18,21,0.0018385560258151973,0,0.0,0.0,Minyak Goreng Kemasan Bermerk 1,Minyak Goreng,Kalimantan Selatan,-3.3186,114.5944,Rendah,"Harga konsumen 2,0% di bawah harga pedagang besar | Salah satu provinsi tetangga berubah +6,5% dalam 7 hari | Harga 2,8% lebih murah dari provinsi tetangga (berpotensi menyusul naik)","[{""feature"": ""margin_cons_whole"", ""shap"": 0.10191621968621056, ""value"": -0.02020270749926567, ""text"": ""Harga konsumen 2,0% di bawah harga pedagang besar""}, {""feature"": ""nbr_ret_7_max"", ""shap"": 0.08958674203505305, ""value"": 0.0625203549861908, ""text"": ""Salah satu provinsi tetangga berubah +6,5% dalam 7 hari""}, {""feature"": ""nbr_rel_price"", ""shap"": 0.05723943756011645, ""value"": -0.028281088918447495, ""text"": ""Harga 2,8% lebih murah dari provinsi tetangga (berpotensi menyusul naik)""}]"
2026-10-07,com_18,22,0.0011464715919618487,0,0.0,0.0,Minyak Goreng Kemasan Bermerk 1,Minyak Goreng,Kalimantan Tengah,-2.2161,113.9135,Rendah,"Salah satu provinsi tetangga berubah +6,5% dalam 7 hari | Harga di provinsi tetangga berubah rata-rata +2,2% dalam 7 hari | Curah hujan 30 hari (30–60 hari lalu) -1,2 SD dari normal","[{""feature"": ""nbr_ret_7_max"", ""shap"": 0.0793066550370281, ""value"": 0.0625203549861908, ""text"": ""Salah satu provinsi tetangga berubah +6,5% dalam 7 hari""}, {""feature"": ""nbr_ret_7_mean"", ""shap"": 0.03234010408954813, ""value"": 0.02220344729721546, ""text"": ""Harga di provinsi tetangga berubah rata-rata +2,2% dalam 7 hari""}, {""feature"": ""rain_30_anom_lag30"", ""shap"": 0.015425398270818482, ""value"": -1.1869059801101685, ""text"": ""Curah hujan 30 hari (30–60 hari lalu) -1,2 SD dari normal""}]"
2026-10-07,com_18,23,0.3540094941810408,0,0.0,0.062520355,Minyak Goreng Kemasan Bermerk 1,Minyak Goreng,Kalimantan Timur,-0.5022,117.1536,Tinggi,"Harga sedang bergejolak: rata-rata ±2,5% per hari (14 hari terakhir) | Harga +6,5% dalam 7 hari terakhir | 107 hari sejak lonjakan terakhir","[{""feature"": ""vol_14"", ""shap"": 1.248234321847234, ""value"": 0.024522501975297928, ""text"": ""Harga sedang bergejolak: rata-rata ±2,5% per hari (14 hari terakhir)""}, {""feature"": ""ret_7"", ""shap"": 0.51927109880224, ""value"": 0.0625203549861908, ""text"": ""Harga +6,5% dalam 7 hari terakhir""}, {""feature"": ""days_since_spike"", ""shap"": 0.2680058466536115, ""value"": 107.0, ""text"": ""107 hari sejak lonjakan terakhir""}]"
2026-10-07,com_18,24,0.0018767026342682584,0,0.0,0.0,Minyak Goreng Kemasan Bermerk 1,Minyak Goreng,Kalimantan Utara,2.8375,117.3653,Rendah,"Salah satu provinsi tetangga berubah +6,5% dalam 7 hari | Curah hujan 30 hari (30–60 hari lalu) -1,8 SD dari normal | Harga di provinsi tetangga berubah rata-rata +2,2% dalam 7 hari","[{""feature"": ""nbr_ret_7_max"", ""shap"": 0.10201648769146071, ""value"": 0.0625203549861908, ""text"": ""Salah satu provinsi tetangga berubah +6,5% dalam 7 hari""}, {""feature"": ""rain_30_anom_lag30"", ""shap"": 0.04622991618907, ""value"": -1.7519081830978394, ""text"": ""Curah hujan 30 hari (30–60 hari lalu) -1,8 SD dari normal""}, {""feature"": ""nbr_ret_7_mean"", ""shap"": 0.033408547539339875, ""value"": 0.02220344729721546, ""text"": ""Harga di provinsi tetangga berubah rata-rata +2,2% dalam 7 hari""}]"
2026-10-07,com_18,25,0.0023797016268340913,0,0.0,0.0,Minyak Goreng Kemasan Bermerk 1,Minyak Goreng,Gorontalo,0.5435,123.0568,Rendah,"192 hari sejak lonjakan terakhir | Harga 6,4% di atas titik terendah 90 hari terakhir | Curah hujan 30 hari (30–60 hari lalu) -1,3 SD dari normal","[{""feature"": ""days_since_spike"", ""shap"": 0.2000912908784023, ""value"": 192.0, ""text"": ""192 hari sejak lonjakan terakhir""}, {""feature"": ""dist_min_90"", ""shap"": 0.11929766789999949, ""value"": 0.06231524050235748, ""text"": ""Harga 6,4% di atas titik terendah 90 hari terakhir""}, {""feature"": ""rain_30_anom_lag30"", ""shap"": 0.01665738424294645, ""value"": -1.2743052244186401, ""text"": ""Curah hujan 30 hari (30–60 hari lalu) -1,3 SD dari normal""}]"
2026-10-07,com_18,26,0.0015005945153455731,0,0.019522777,0.006403437,Minyak Goreng Kemasan Bermerk 1,Minyak Goreng,Sulawesi Selatan,-5.1477,119.4327,Rendah,"Harga +0,4% dalam 1 hari terakhir | Harga 5,5% lebih murah dari provinsi tetangga (berpotensi menyusul naik) | Harga +2,5 SD dari rata-rata 30 hari terakhir","[{""feature"": ""ret_1"", ""shap"": 0.15446951871415265, ""value"": 0.004264398943632841, ""text"": ""Harga +0,4% dalam 1 hari terakhir""}, {""feature"": ""nbr_rel_price"", ""shap"": 0.10909388637249315, ""value"": -0.05620613321661949, ""text"": ""Harga 5,5% lebih murah dari provinsi tetangga (berpotensi menyusul naik)""}, {""feature"": ""z_30"", ""shap"": 0.09295518336626102, ""value"": 2.5493273735046387, ""text"": ""Harga +2,5 SD dari rata-rata 30 hari terakhir""}]"
2026-10-07,com_18,27,0.0020352681583368586,0,-0.027624309,-0.018762276,Minyak Goreng Kemasan Bermerk 1,Minyak Goreng,Sulawesi Tenggara,-3.9985,122.513,Rendah,"125 hari sejak lonjakan terakhir | Harga di provinsi tetangga berubah rata-rata +0,8% dalam 14 hari | Curah hujan 30 hari di sentra produksi (30–60 hari lalu) -0,5 SD dari normal","[{""feature"": ""days_since_spike"", ""shap"": 0.23608294767427762, ""value"": 125.0, ""text"": ""125 hari sejak lonjakan terakhir""}, {""feature"": ""nbr_ret_14_mean"", ""shap"": 0.04535197547644181, ""value"": 0.00780821219086647, ""text"": ""Harga di provinsi tetangga berubah rata-rata +0,8% dalam 14 hari""}, {""feature"": ""rain_30_anom_lag30_sentra"", ""shap"": 0.029411782529014486, ""value"": -0.4910951852798462, ""text"": ""Curah hujan 30 hari di sentra produksi (30–60 hari lalu) -0,5 SD dari normal""}]"
2026-10-07,com_18,28,0.0030175133273383343,0,0.0,0.0,Minyak Goreng Kemasan Bermerk 1,Minyak Goreng,Sulawesi Tengah,-0.8917,119.8707,Rendah,"Harga 11,1% lebih murah dari provinsi tetangga (berpotensi menyusul naik) | Salah satu provinsi tetangga berubah +6,5% dalam 7 hari | Harga di provinsi tetangga berubah rata-rata +2,2% dalam 7 hari","[{""feature"": ""nbr_rel_price"", ""shap"": 0.23157122876036493, ""value"": -0.11771666258573532, ""text"": ""Harga 11,1% lebih murah dari provinsi tetangga (berpotensi menyusul naik)""}, {""feature"": ""nbr_ret_7_max"", ""shap"": 0.061865977726560654, ""value"": 0.0625203549861908, ""text"": ""Salah satu provinsi tetangga berubah +6,5% dalam 7 hari""}, {""feature"": ""nbr_ret_7_mean"", ""shap"": 0.032085876247508395, ""value"": 0.02220344729721546, ""text"": ""Harga di provinsi tetangga berubah rata-rata +2,2% dalam 7 hari""}]"
2026-10-07,com_18,29,0.0012651010713896672,0,-0.0063157897,-0.0063358187,Minyak Goreng Kemasan Bermerk 1,Minyak Goreng,Sulawesi Utara,1.4748,124.8421,Rendah,"Harga 13,8% lebih murah dari provinsi tetangga (berpotensi menyusul naik) | Harga produsen nasional +1,0% (14 hari) | Curah hujan 30 hari (30–60 hari lalu) -1,3 SD dari normal","[{""feature"": ""nbr_rel_price"", ""shap"": 0.16030390675472533, ""value"": -0.14880912005901337, ""text"": ""Harga 13,8% lebih murah dari provinsi tetangga (berpotensi menyusul naik)""}, {""feature"": ""nat_ret_14_prod"", ""shap"": 0.02079846964453236, ""value"": 0.00985229667276144, ""text"": ""Harga produsen nasional +1,0% (14 hari)""}, {""feature"": ""rain_30_anom_lag30"", ""shap"": 0.019385646673918205, ""value"": -1.2554948329925537, ""text"": ""Curah hujan 30 hari (30–60 hari lalu) -1,3 SD dari normal""}]"
2026-10-07,com_18,30,0.0015234795811857888,0,0.0040983604,0.004089985,Minyak Goreng Kemasan Bermerk 1,Minyak Goreng,Sulawesi Barat,-2.6748,118.8885,Rendah,"Salah satu provinsi tetangga berubah +6,5% dalam 7 hari | Harga +2,0 SD dari rata-rata 30 hari terakhir | Harga konsumen 0,0% di atas harga pedagang besar","[{""feature"": ""nbr_ret_7_max"", ""shap"": 0.08824686239339649, ""value"": 0.0625203549861908, ""text"": ""Salah satu provinsi tetangga berubah +6,5% dalam 7 hari""}, {""feature"": ""z_30"", ""shap"": 0.08349417220140747, ""value"": 1.9663841724395752, ""text"": ""Harga +2,0 SD dari rata-rata 30 hari terakhir""}, {""feature"": ""margin_cons_whole"", ""shap"": 0.06445957175473169, ""value"": 0.0, ""text"": ""Harga konsumen 0,0% di atas harga pedagang besar""}]"
2026-10-07,com_18,31,0.001185505300870384,0,0.0,0.0,Minyak Goreng Kemasan Bermerk 1,Minyak Goreng,Maluku,-3.6954,128.1814,Rendah,"Harga 4,9% di atas titik terendah 90 hari terakhir | Harga +0,6 SD dari rata-rata 30 hari terakhir | Sudah lebih dari 4 bulan setelah Iduladha (pola musiman)","[{""feature"": ""dist_min_90"", ""shap"": 0.08111049299030519, ""value"": 0.047402240335941315, ""text"": ""Harga 4,9% di atas titik terendah 90 hari terakhir""}, {""feature"": ""z_30"", ""shap"": 0.04035170119190541, ""value"": 0.5928871035575867, ""text"": ""Harga +0,6 SD dari rata-rata 30 hari terakhir""}, {""feature"": ""days_since_iduladha"", ""shap"": 0.01740235261442038, ""value"": 120.0, ""text"": ""Sudah lebih dari 4 bulan setelah Iduladha (pola musiman)""}]"
2026-10-07,com_18,32,0.0024886029768884255,0,0.0,0.0,Minyak Goreng Kemasan Bermerk 1,Minyak Goreng,Maluku Utara,0.7893,127.3842,Rendah,"Harga 11,1% di atas titik terendah 90 hari terakhir | Sudah lebih dari 4 bulan setelah Iduladha (pola musiman) | Sudah lebih dari 4 bulan setelah Idulfitri (pola musiman)","[{""feature"": ""dist_min_90"", ""shap"": 0.17737603275627373, ""value"": 0.10536051541566849, ""text"": ""Harga 11,1% di atas titik terendah 90 hari terakhir""}, {""feature"": ""days_since_iduladha"", ""shap"": 0.016440865245709032, ""value"": 120.0, ""text"": ""Sudah lebih dari 4 bulan setelah Iduladha (pola musiman)""}, {""feature"": ""days_since_idulfitri"", ""shap"": 0.01191523729106558, ""value"": 120.0, ""text"": ""Sudah lebih dari 4 bulan setelah Idulfitri (pola musiman)""}]"
2026-10-07,com_18,33,0.0015833419697815964,0,0.0,0.0016736406,Minyak Goreng Kemasan Bermerk 1,Minyak Goreng,Papua,-2.5337,140.7181,Rendah,"Harga +1,3 SD dari rata-rata 30 hari terakhir | Curah hujan 30 hari (30–60 hari lalu) -1,4 SD dari normal | Sudah lebih dari 4 bulan setelah Iduladha (pola musiman)","[{""feature"": ""z_30"", ""shap"": 0.052920508869832864, ""value"": 1.2921675443649292, ""text"": ""Harga +1,3 SD dari rata-rata 30 hari terakhir""}, {""feature"": ""rain_30_anom_lag30"", ""shap"": 0.03876383082800429, ""value"": -1.376806616783142, ""text"": ""Curah hujan 30 hari (30–60 hari lalu) -1,4 SD dari normal""}, {""feature"": ""days_since_iduladha"", ""shap"": 0.011805246915723593, ""value"": 120.0, ""text"": ""Sudah lebih dari 4 bulan setelah Iduladha (pola musiman)""}]"
2026-10-07,com_18,34,0.0027892708889720634,0,0.0,0.0,Minyak Goreng Kemasan Bermerk 1,Minyak Goreng,Papua Barat,-0.8615,134.062,Rendah,"H-79 menuju Natal | Tahun lalu pada periode ini harga +2,6% dalam 14 hari (pola musiman) | Sudah lebih dari 4 bulan setelah Idulfitri (pola musiman)","[{""feature"": ""days_to_natal"", ""shap"": 0.01698215304346193, ""value"": 79.0, ""text"": ""H-79 menuju Natal""}, {""feature"": ""seas_ret_14_ly"", ""shap"": 0.014233803016934728, ""value"": 0.025667747482657433, ""text"": ""Tahun lalu pada periode ini harga +2,6% dalam 14 hari (pola musiman)""}, {""feature"": ""days_since_idulfitri"", ""shap"": 0.012389701735529928, ""value"": 120.0, ""text"": ""Sudah lebih dari 4 bulan setelah Idulfitri (pola musiman)""}]"
2026-10-07,com_19,1,0.0035438374472597164,0,0.0,0.0,Minyak Goreng Kemasan Bermerk 2,Minyak Goreng,Aceh,5.5483,95.3238,Rendah,"Provinsi ""pemimpin"" (biasanya naik duluan) berubah rata-rata +1,1% dalam 14 hari | Harga produsen nasional +6,6% (14 hari) | Salah satu provinsi tetangga berubah +0,6% dalam 7 hari","[{""feature"": ""lead_ret_14_mean"", ""shap"": 0.5487884317493922, ""value"": 0.011397898197174072, ""text"": ""Provinsi \""pemimpin\"" (biasanya naik duluan) berubah rata-rata +1,1% dalam 14 hari""}, {""feature"": ""nat_ret_14_prod"", ""shap"": 0.17177905035840055, ""value"": 0.06407885998487473, ""text"": ""Harga produsen nasional +6,6% (14 hari)""}, {""feature"": ""nbr_ret_7_max"", ""shap"": 0.06196341351297428, ""value"": 0.0064725144766271114, ""text"": ""Salah satu provinsi tetangga berubah +0,6% dalam 7 hari""}]"
2026-10-07,com_19,2,0.0017209780821607476,0,0.0,0.0,Minyak Goreng Kemasan Bermerk 2,Minyak Goreng,Sumatera Utara,3.5952,98.6722,Rendah,"Harga produsen nasional +6,6% (14 hari) | Secara nasional harga konsumen 8,3% di atas harga produsen | Salah satu provinsi tetangga berubah +0,6% dalam 7 hari","[{""feature"": ""nat_ret_14_prod"", ""shap"": 0.12730347719388144, ""value"": 0.06407885998487473, ""text"": ""Harga produsen nasional +6,6% (14 hari)""}, {""feature"": ""nat_margin_cons_prod"", ""shap"": 0.06780431638269309, ""value"": 0.07951205968856812, ""text"": ""Secara nasional harga konsumen 8,3% di atas harga produsen""}, {""feature"": ""nbr_ret_7_max"", ""shap"": 0.06759450169596982, ""value"": 0.0064725144766271114, ""text"": ""Salah satu provinsi tetangga berubah +0,6% dalam 7 hari""}]"
2026-10-07,com_19,3,0.002918053915616232,0,0.0064935065,0.0064725145,Minyak Goreng Kemasan Bermerk 2,Minyak Goreng,Sumatera Barat,-0.9471,100.4172,Rendah,"Provinsi ""pemimpin"" (biasanya naik duluan) berubah rata-rata +1,1% dalam 14 hari | Harga produsen nasional +6,6% (14 hari) | Harga +2,9 SD dari rata-rata 30 hari terakhir","[{""feature"": ""lead_ret_14_mean"", ""shap"": 0.570038864707344, ""value"": 0.011397898197174072, ""text"": ""Provinsi \""pemimpin\"" (biasanya naik duluan) berubah rata-rata +1,1% dalam 14 hari""}, {""feature"": ""nat_ret_14_prod"", ""shap"": 0.15285230667281335, ""value"": 0.06407885998487473, ""text"": ""Harga produsen nasional +6,6% (14 hari)""}, {""feature"": ""z_30"", ""shap"": 0.10937604676342201, ""value"": 2.9495761394500732, ""text"": ""Harga +2,9 SD dari rata-rata 30 hari terakhir""}]"
2026-10-07,com_19,4,0.0030597273313071696,0,-0.004514673,0.0,Minyak Goreng Kemasan Bermerk 2,Minyak Goreng,Riau,0.5071,101.4478,Rendah,"Provinsi ""pemimpin"" (biasanya naik duluan) berubah rata-rata +1,1% dalam 14 hari | 155 hari sejak lonjakan terakhir | Harga 6,4% di bawah rata-rata nasional (berpotensi menyusul naik)","[{""feature"": ""lead_ret_14_mean"", ""shap"": 0.5176715155919539, ""value"": 0.011397898197174072, ""text"": ""Provinsi \""pemimpin\"" (biasanya naik duluan) berubah rata-rata +1,1% dalam 14 hari""}, {""feature"": ""days_since_spike"", ""shap"": 0.1441997460779851, ""value"": 155.0, ""text"": ""155 hari sejak lonjakan terakhir""}, {""feature"": ""rel_nat"", ""shap"": 0.08308870053510452, ""value"": -0.06581322103738785, ""text"": ""Harga 6,4% di bawah rata-rata nasional (berpotensi menyusul naik)""}]"
2026-10-07,com_19,5,0.003737272355872827,0,0.0,0.0,Minyak Goreng Kemasan Bermerk 2,Minyak Goreng,Kepulauan Riau,0.9186,104.4665,Rendah,"Provinsi ""pemimpin"" (biasanya naik duluan) berubah rata-rata +1,1% dalam 14 hari | Harga 5,7% lebih murah dari provinsi tetangga (berpotensi menyusul naik) | Harga 14,2% di bawah rata-rata nasional (berpotensi menyusul naik)","[{""feature"": ""lead_ret_14_mean"", ""shap"": 0.5801006356499685, ""value"": 0.011397898197174072, ""text"": ""Provinsi \""pemimpin\"" (biasanya naik duluan) berubah rata-rata +1,1% dalam 14 hari""}, {""feature"": ""nbr_rel_price"", ""shap"": 0.1762480557312762, ""value"": -0.059010691940784454, ""text"": ""Harga 5,7% lebih murah dari provinsi tetangga (berpotensi menyusul naik)""}, {""feature"": ""rel_nat"", ""shap"": 0.17188982807813538, ""value"": -0.15344321727752686, ""text"": ""Harga 14,2% di bawah rata-rata nasional (berpotensi menyusul naik)""}]"
2026-10-07,com_19,6,0.0016025240664868379,0,0.0,0.0,Minyak Goreng Kemasan Bermerk 2,Minyak Goreng,Jambi,-1.6101,103.6131,Rendah,"177 hari sejak lonjakan terakhir | Harga produsen nasional +6,6% (14 hari) | Provinsi ""pemimpin"" (biasanya naik duluan) berubah rata-rata +0,3% dalam 7 hari","[{""feature"": ""days_since_spike"", ""shap"": 0.18163743008977928, ""value"": 177.0, ""text"": ""177 hari sejak lonjakan terakhir""}, {""feature"": ""nat_ret_14_prod"", ""shap"": 0.07269101657812067, ""value"": 0.06407885998487473, ""text"": ""Harga produsen nasional +6,6% (14 hari)""}, {""feature"": ""lead_ret_7_mean"", ""shap"": 0.03374735948588932, ""value"": 0.00333003094419837, ""text"": ""Provinsi \""pemimpin\"" (biasanya naik duluan) berubah rata-rata +0,3% dalam 7 hari""}]"
2026-10-07,com_19,7,0.0019340816481418094,0,0.0,0.0,Minyak Goreng Kemasan Bermerk 2,Minyak Goreng,Bengkulu,-3.7928,102.2608,Rendah,"174 hari sejak lonjakan terakhir | Harga produsen nasional +6,6% (14 hari) | Salah satu provinsi tetangga berubah +0,6% dalam 7 hari","[{""feature"": ""days_since_spike"", ""shap"": 0.15174567574975334, ""value"": 174.0, ""text"": ""174 hari sejak lonjakan terakhir""}, {""feature"": ""nat_ret_14_prod"", ""shap"": 0.08030933047250693, ""value"": 0.06407885998487473, ""text"": ""Harga produsen nasional +6,6% (14 hari)""}, {""feature"": ""nbr_ret_7_max"", ""shap"": 0.05452801889777704, ""value"": 0.0064725144766271114, ""text"": ""Salah satu provinsi tetangga berubah +0,6% dalam 7 hari""}]"
2026-10-07,com_19,8,0.005494511745717273,0,0.0,0.0,Minyak Goreng Kemasan Bermerk 2,Minyak Goreng,Sumatera Selatan,-2.9761,104.7754,Rendah,"Harga produsen nasional +6,6% (14 hari) | Harga 8,7% di bawah rata-rata nasional (berpotensi menyusul naik) | Provinsi ""pemimpin"" (biasanya naik duluan) berubah rata-rata +0,3% dalam 7 hari","[{""feature"": ""nat_ret_14_prod"", ""shap"": 0.13824053910843323, ""value"": 0.06407885998487473, ""text"": ""Harga produsen nasional +6,6% (14 hari)""}, {""feature"": ""rel_nat"", ""shap"": 0.08525347035470239, ""value"": -0.09107288718223572, ""text"": ""Harga 8,7% di bawah rata-rata nasional (berpotensi menyusul naik)""}, {""feature"": ""lead_ret_7_mean"", ""shap"": 0.05758225893537697, ""value"": 0.00333003094419837, ""text"": ""Provinsi \""pemimpin\"" (biasanya naik duluan) berubah rata-rata +0,3% dalam 7 hari""}]"
2026-10-07,com_19,9,0.011876544104481026,0,-0.0051282053,0.0,Minyak Goreng Kemasan Bermerk 2,Minyak Goreng,Kepulauan Bangka Belitung,-2.1316,106.1169,Rendah,"Provinsi ""pemimpin"" (biasanya naik duluan) berubah rata-rata +1,1% dalam 14 hari | Harga 17,6% di bawah rata-rata nasional (berpotensi menyusul naik) | Harga 11,4% lebih murah dari provinsi tetangga (berpotensi menyusul naik)","[{""feature"": ""lead_ret_14_mean"", ""shap"": 0.6560970579894881, ""value"": 0.011397898197174072, ""text"": ""Provinsi \""pemimpin\"" (biasanya naik duluan) berubah rata-rata +1,1% dalam 14 hari""}, {""feature"": ""rel_nat"", ""shap"": 0.2377930146327192, ""value"": -0.1938527524471283, ""text"": ""Harga 17,6% di bawah rata-rata nasional (berpotensi menyusul naik)""}, {""feature"": ""nbr_rel_price"", ""shap"": 0.21288374916677286, ""value"": -0.12057638168334961, ""text"": ""Harga 11,4% lebih murah dari provinsi tetangga (berpotensi menyusul naik)""}]"
2026-10-07,com_19,10,0.0012190045103104667,0,0.0047393367,0.0047281412,Minyak Goreng Kemasan Bermerk 2,Minyak Goreng,Lampung,-5.3971,105.2668,Rendah,"Harga +0,5% dalam 1 hari terakhir | Harga produsen nasional +6,6% (14 hari) | Harga 6,9% lebih murah dari provinsi tetangga (berpotensi menyusul naik)","[{""feature"": ""ret_1"", ""shap"": 0.13802616005680204, ""value"": 0.004728141240775585, ""text"": ""Harga +0,5% dalam 1 hari terakhir""}, {""feature"": ""nat_ret_14_prod"", ""shap"": 0.130558845480705, ""value"": 0.06407885998487473, ""text"": ""Harga produsen nasional +6,6% (14 hari)""}, {""feature"": ""nbr_rel_price"", ""shap"": 0.1216631851851882, ""value"": -0.07118826359510422, ""text"": ""Harga 6,9% lebih murah dari provinsi tetangga (berpotensi menyusul naik)""}]"
2026-10-07,com_19,11,0.003576571281720825,0,0.0,0.0,Minyak Goreng Kemasan Bermerk 2,Minyak Goreng,Banten,-6.1104,106.164,Rendah,"Provinsi ""pemimpin"" (biasanya naik duluan) berubah rata-rata +1,1% dalam 14 hari | 157 hari sejak lonjakan terakhir | Harga produsen nasional +6,6% (14 hari)","[{""feature"": ""lead_ret_14_mean"", ""shap"": 0.5514440021887447, ""value"": 0.011397898197174072, ""text"": ""Provinsi \""pemimpin\"" (biasanya naik duluan) berubah rata-rata +1,1% dalam 14 hari""}, {""feature"": ""days_since_spike"", ""shap"": 0.11122975148291302, ""value"": 157.0, ""text"": ""157 hari sejak lonjakan terakhir""}, {""feature"": ""nat_ret_14_prod"", ""shap"": 0.08904456965060617, ""value"": 0.06407885998487473, ""text"": ""Harga produsen nasional +6,6% (14 hari)""}]"
2026-10-07,com_19,12,0.0008708981834919093,0,0.0,0.0,Minyak Goreng Kemasan Bermerk 2,Minyak Goreng,Jawa Barat,-6.9175,107.6191,Rendah,"Harga produsen nasional +6,6% (14 hari) | Provinsi ""pemimpin"" (biasanya naik duluan) berubah rata-rata +0,3% dalam 7 hari | Harga 1,8% lebih murah dari provinsi tetangga (berpotensi menyusul naik)","[{""feature"": ""nat_ret_14_prod"", ""shap"": 0.12952520322343497, ""value"": 0.06407885998487473, ""text"": ""Harga produsen nasional +6,6% (14 hari)""}, {""feature"": ""lead_ret_7_mean"", ""shap"": 0.02194968451299367, ""value"": 0.00333003094419837, ""text"": ""Provinsi \""pemimpin\"" (biasanya naik duluan) berubah rata-rata +0,3% dalam 7 hari""}, {""feature"": ""nbr_rel_price"", ""shap"": 0.01634076991587876, ""value"": -0.017919320613145828, ""text"": ""Harga 1,8% lebih murah dari provinsi tetangga (berpotensi menyusul naik)""}]"
2026-10-07,com_19,13,0.003157390566959311,0,0.0,0.0,Minyak Goreng Kemasan Bermerk 2,Minyak Goreng,DKI Jakarta,-6.2088,106.8456,Rendah,"Harga pedagang besar +2,4% dalam 7 hari terakhir | Harga produsen nasional +6,6% (14 hari) | Salah satu provinsi tetangga berubah +0,5% dalam 7 hari","[{""feature"": ""ret_7_whole"", ""shap"": 0.17843820725705464, ""value"": 0.02409755066037178, ""text"": ""Harga pedagang besar +2,4% dalam 7 hari terakhir""}, {""feature"": ""nat_ret_14_prod"", ""shap"": 0.14716122513814958, ""value"": 0.06407885998487473, ""text"": ""Harga produsen nasional +6,6% (14 hari)""}, {""feature"": ""nbr_ret_7_max"", ""shap"": 0.06623193383809445, ""value"": 0.004728141240775585, ""text"": ""Salah satu provinsi tetangga berubah +0,5% dalam 7 hari""}]"
2026-10-07,com_19,14,0.004294799746268562,0,0.0,0.0,Minyak Goreng Kemasan Bermerk 2,Minyak Goreng,Jawa Tengah,-6.9667,110.4167,Rendah,"Provinsi ""pemimpin"" (biasanya naik duluan) berubah rata-rata +1,1% dalam 14 hari | Harga produsen nasional +6,6% (14 hari) | Harga pedagang besar +2,1% dalam 14 hari terakhir","[{""feature"": ""lead_ret_14_mean"", ""shap"": 0.6412008018208675, ""value"": 0.011397898197174072, ""text"": ""Provinsi \""pemimpin\"" (biasanya naik duluan) berubah rata-rata +1,1% dalam 14 hari""}, {""feature"": ""nat_ret_14_prod"", ""shap"": 0.15184029359991424, ""value"": 0.06407885998487473, ""text"": ""Harga produsen nasional +6,6% (14 hari)""}, {""feature"": ""ret_14_whole"", ""shap"": 0.12162298257659397, ""value"": 0.020666636526584625, ""text"": ""Harga pedagang besar +2,1% dalam 14 hari terakhir""}]"
2026-10-07,com_19,15,0.001559657042060329,0,0.0,0.0,Minyak Goreng Kemasan Bermerk 2,Minyak Goreng,DI Yogyakarta,-7.7956,110.3695,Rendah,"Harga produsen nasional +6,6% (14 hari) | Secara nasional harga konsumen 8,3% di atas harga produsen | H-79 menuju Natal","[{""feature"": ""nat_ret_14_prod"", ""shap"": 0.20255938235009469, ""value"": 0.06407885998487473, ""text"": ""Harga produsen nasional +6,6% (14 hari)""}, {""feature"": ""nat_margin_cons_prod"", ""shap"": 0.07508284008608271, ""value"": 0.07951205968856812, ""text"": ""Secara nasional harga konsumen 8,3% di atas harga produsen""}, {""feature"": ""days_to_natal"", ""shap"": 0.032250330049577815, ""value"": 79.0, ""text"": ""H-79 menuju Natal""}]"
2026-10-07,com_19,16,0.00204631478902212,0,0.0022522523,0.0022497198,Minyak Goreng Kemasan Bermerk 2,Minyak Goreng,Jawa Timur,-7.2575,112.7521,Rendah,"Provinsi ""pemimpin"" (biasanya naik duluan) berubah rata-rata +1,1% dalam 14 hari | Harga produsen nasional +6,6% (14 hari) | Harga 5,0% lebih murah dari provinsi tetangga (berpotensi menyusul naik)","[{""feature"": ""lead_ret_14_mean"", ""shap"": 0.5719933574698475, ""value"": 0.011397898197174072, ""text"": ""Provinsi \""pemimpin\"" (biasanya naik duluan) berubah rata-rata +1,1% dalam 14 hari""}, {""feature"": ""nat_ret_14_prod"", ""shap"": 0.11744543739818498, ""value"": 0.06407885998487473, ""text"": ""Harga produsen nasional +6,6% (14 hari)""}, {""feature"": ""nbr_rel_price"", ""shap"": 0.11151512437603814, ""value"": -0.05106021463871002, ""text"": ""Harga 5,0% lebih murah dari provinsi tetangga (berpotensi menyusul naik)""}]"
2026-10-07,com_19,17,0.006111473924349944,0,0.0,0.0,Minyak Goreng Kemasan Bermerk 2,Minyak Goreng,Bali,-8.6705,115.2126,Rendah,"Provinsi ""pemimpin"" (biasanya naik duluan) berubah rata-rata +1,1% dalam 14 hari | Harga produsen nasional +6,6% (14 hari) | Harga di provinsi tetangga berubah rata-rata +0,9% dalam 14 hari","[{""feature"": ""lead_ret_14_mean"", ""shap"": 0.594782278567582, ""value"": 0.011397898197174072, ""text"": ""Provinsi \""pemimpin\"" (biasanya naik duluan) berubah rata-rata +1,1% dalam 14 hari""}, {""feature"": ""nat_ret_14_prod"", ""shap"": 0.19559650914236257, ""value"": 0.06407885998487473, ""text"": ""Harga produsen nasional +6,6% (14 hari)""}, {""feature"": ""nbr_ret_14_mean"", ""shap"": 0.05196536391663866, ""value"": 0.00881777424365282, ""text"": ""Harga di provinsi tetangga berubah rata-rata +0,9% dalam 14 hari""}]"
2026-10-07,com_19,18,0.011586578155831072,0,0.024498885,-0.010810916,Minyak Goreng Kemasan Bermerk 2,Minyak Goreng,Nusa Tenggara Barat,-8.5833,116.1167,Rendah,"Harga sedang bergejolak: rata-rata ±0,8% per hari (30 hari terakhir) | Harga produsen nasional +6,6% (14 hari) | Harga konsumen 2,1% di bawah harga pedagang besar","[{""feature"": ""vol_30"", ""shap"": 0.31859129220522675, ""value"": 0.007683972828090191, ""text"": ""Harga sedang bergejolak: rata-rata ±0,8% per hari (30 hari terakhir)""}, {""feature"": ""nat_ret_14_prod"", ""shap"": 0.15017278790954378, ""value"": 0.06407885998487473, ""text"": ""Harga produsen nasional +6,6% (14 hari)""}, {""feature"": ""margin_cons_whole"", ""shap"": 0.07999896649524045, ""value"": -0.021506205201148987, ""text"": ""Harga konsumen 2,1% di bawah harga pedagang besar""}]"
2026-10-07,com_19,19,0.004998299302339264,0,0.0,0.0,Minyak Goreng Kemasan Bermerk 2,Minyak Goreng,Nusa Tenggara Timur,-10.1772,123.607,Rendah,"Provinsi ""pemimpin"" (biasanya naik duluan) berubah rata-rata +1,1% dalam 14 hari | Harga produsen nasional +6,6% (14 hari) | Salah satu provinsi tetangga berubah +2,5% dalam 7 hari","[{""feature"": ""lead_ret_14_mean"", ""shap"": 0.5913610900498844, ""value"": 0.011397898197174072, ""text"": ""Provinsi \""pemimpin\"" (biasanya naik duluan) berubah rata-rata +1,1% dalam 14 hari""}, {""feature"": ""nat_ret_14_prod"", ""shap"": 0.12943732758197005, ""value"": 0.06407885998487473, ""text"": ""Harga produsen nasional +6,6% (14 hari)""}, {""feature"": ""nbr_ret_7_max"", ""shap"": 0.10203805299430221, ""value"": 0.024310588836669922, ""text"": ""Salah satu provinsi tetangga berubah +2,5% dalam 7 hari""}]"
2026-10-07,com_19,20,0.0014337459908202533,0,0.0,0.0,Minyak Goreng Kemasan Bermerk 2,Minyak Goreng,Kalimantan Barat,-0.0263,109.3425,Rendah,"Harga produsen nasional +6,6% (14 hari) | Curah hujan 30 hari (30–60 hari lalu) -1,3 SD dari normal | Provinsi ""pemimpin"" (biasanya naik duluan) berubah rata-rata +0,3% dalam 7 hari","[{""feature"": ""nat_ret_14_prod"", ""shap"": 0.1756452839813346, ""value"": 0.06407885998487473, ""text"": ""Harga produsen nasional +6,6% (14 hari)""}, {""feature"": ""rain_30_anom_lag30"", ""shap"": 0.034102591795200726, ""value"": -1.2946429252624512, ""text"": ""Curah hujan 30 hari (30–60 hari lalu) -1,3 SD dari normal""}, {""feature"": ""lead_ret_7_mean"", ""shap"": 0.014272651885880547, ""value"": 0.00333003094419837, ""text"": ""Provinsi \""pemimpin\"" (biasanya naik duluan) berubah rata-rata +0,3% dalam 7 hari""}]"
2026-10-07,com_19,21,0.0023145933743030267,0,0.0,0.0,Minyak Goreng Kemasan Bermerk 2,Minyak Goreng,Kalimantan Selatan,-3.3186,114.5944,Rendah,"Harga produsen nasional +6,6% (14 hari) | Salah satu provinsi tetangga berubah +1,0% dalam 7 hari | Harga di provinsi tetangga berubah rata-rata +0,7% dalam 14 hari","[{""feature"": ""nat_ret_14_prod"", ""shap"": 0.16378046683879652, ""value"": 0.06407885998487473, ""text"": ""Harga produsen nasional +6,6% (14 hari)""}, {""feature"": ""nbr_ret_7_max"", ""shap"": 0.09089877259331795, ""value"": 0.00991088431328535, ""text"": ""Salah satu provinsi tetangga berubah +1,0% dalam 7 hari""}, {""feature"": ""nbr_ret_14_mean"", ""shap"": 0.03943515983899363, ""value"": 0.006750745698809624, ""text"": ""Harga di provinsi tetangga berubah rata-rata +0,7% dalam 14 hari""}]"
2026-10-07,com_19,22,0.004427335550085824,0,0.0,0.0,Minyak Goreng Kemasan Bermerk 2,Minyak Goreng,Kalimantan Tengah,-2.2161,113.9135,Rendah,"Provinsi ""pemimpin"" (biasanya naik duluan) berubah rata-rata +0,6% dalam 7 hari | Harga produsen nasional +6,6% (14 hari) | Salah satu provinsi tetangga berubah +1,0% dalam 7 hari","[{""feature"": ""lead_ret_7_mean"", ""shap"": 0.1593616220180579, ""value"": 0.005487536080181599, ""text"": ""Provinsi \""pemimpin\"" (biasanya naik duluan) berubah rata-rata +0,6% dalam 7 hari""}, {""feature"": ""nat_ret_14_prod"", ""shap"": 0.13290761959857741, ""value"": 0.06407885998487473, ""text"": ""Harga produsen nasional +6,6% (14 hari)""}, {""feature"": ""nbr_ret_7_max"", ""shap"": 0.08132820068504577, ""value"": 0.00991088431328535, ""text"": ""Salah satu provinsi tetangga berubah +1,0% dalam 7 hari""}]"
2026-10-07,com_19,23,0.01252589806331369,0,0.01039501,-0.018349139,Minyak Goreng Kemasan Bermerk 2,Minyak Goreng,Kalimantan Timur,-0.5022,117.1536,Rendah,"Provinsi ""pemimpin"" (biasanya naik duluan) berubah rata-rata +1,1% dalam 14 hari | Harga sedang bergejolak: rata-rata ±1,0% per hari (14 hari terakhir) | Harga produsen nasional +6,6% (14 hari)","[{""feature"": ""lead_ret_14_mean"", ""shap"": 0.4044120118046024, ""value"": 0.011397898197174072, ""text"": ""Provinsi \""pemimpin\"" (biasanya naik duluan) berubah rata-rata +1,1% dalam 14 hari""}, {""feature"": ""vol_14"", ""shap"": 0.29379760268915894, ""value"": 0.010143356397747993, ""text"": ""Harga sedang bergejolak: rata-rata ±1,0% per hari (14 hari terakhir)""}, {""feature"": ""nat_ret_14_prod"", ""shap"": 0.12411609562123684, ""value"": 0.06407885998487473, ""text"": ""Harga produsen nasional +6,6% (14 hari)""}]"
2026-10-07,com_19,24,0.009516860689320818,0,-0.0042735045,0.0,Minyak Goreng Kemasan Bermerk 2,Minyak Goreng,Kalimantan Utara,2.8375,117.3653,Rendah,"Provinsi ""pemimpin"" (biasanya naik duluan) berubah rata-rata +1,0% dalam 14 hari | Harga 5,9% lebih murah dari provinsi tetangga (berpotensi menyusul naik) | Harga produsen nasional +6,6% (14 hari)","[{""feature"": ""lead_ret_14_mean"", ""shap"": 0.5797694770864945, ""value"": 0.01034820731729269, ""text"": ""Provinsi \""pemimpin\"" (biasanya naik duluan) berubah rata-rata +1,0% dalam 14 hari""}, {""feature"": ""nbr_rel_price"", ""shap"": 0.19925079324787887, ""value"": -0.06089063361287117, ""text"": ""Harga 5,9% lebih murah dari provinsi tetangga (berpotensi menyusul naik)""}, {""feature"": ""nat_ret_14_prod"", ""shap"": 0.1400251268624381, ""value"": 0.06407885998487473, ""text"": ""Harga produsen nasional +6,6% (14 hari)""}]"
2026-10-07,com_19,25,0.0040180796494352035,0,0.0,0.0,Minyak Goreng Kemasan Bermerk 2,Minyak Goreng,Gorontalo,0.5435,123.0568,Rendah,"Harga produsen nasional +6,6% (14 hari) | Salah satu provinsi tetangga berubah +3,3% dalam 7 hari | Harga 5,2% di atas titik terendah 90 hari terakhir","[{""feature"": ""nat_ret_14_prod"", ""shap"": 0.09127505567627134, ""value"": 0.06407885998487473, ""text"": ""Harga produsen nasional +6,6% (14 hari)""}, {""feature"": ""nbr_ret_7_max"", ""shap"": 0.08269383167919686, ""value"": 0.03278982266783714, ""text"": ""Salah satu provinsi tetangga berubah +3,3% dalam 7 hari""}, {""feature"": ""dist_min_90"", ""shap"": 0.0789141330574237, ""value"": 0.051124073565006256, ""text"": ""Harga 5,2% di atas titik terendah 90 hari terakhir""}]"
2026-10-07,com_19,26,0.019388232014603376,0,0.03153153,0.024310589,Minyak Goreng Kemasan Bermerk 2,Minyak Goreng,Sulawesi Selatan,-5.1477,119.4327,Rendah,"Harga +2,5% dalam 7 hari terakhir | Harga produsen nasional +6,6% (14 hari) | Provinsi ""pemimpin"" (biasanya naik duluan) berubah rata-rata +0,6% dalam 7 hari","[{""feature"": ""ret_7"", ""shap"": 0.30700098473126936, ""value"": 0.024310588836669922, ""text"": ""Harga +2,5% dalam 7 hari terakhir""}, {""feature"": ""nat_ret_14_prod"", ""shap"": 0.14403373732743938, ""value"": 0.06407885998487473, ""text"": ""Harga produsen nasional +6,6% (14 hari)""}, {""feature"": ""lead_ret_7_mean"", ""shap"": 0.1306272345064769, ""value"": 0.005487536080181599, ""text"": ""Provinsi \""pemimpin\"" (biasanya naik duluan) berubah rata-rata +0,6% dalam 7 hari""}]"
2026-10-07,com_19,27,0.0034040454075873897,0,0.01004016,0.009990093,Minyak Goreng Kemasan Bermerk 2,Minyak Goreng,Sulawesi Tenggara,-3.9985,122.513,Rendah,"Harga produsen nasional +6,6% (14 hari) | Salah satu provinsi tetangga berubah +2,5% dalam 7 hari | Harga +2,0 SD dari rata-rata 30 hari terakhir","[{""feature"": ""nat_ret_14_prod"", ""shap"": 0.22083680969423308, ""value"": 0.06407885998487473, ""text"": ""Harga produsen nasional +6,6% (14 hari)""}, {""feature"": ""nbr_ret_7_max"", ""shap"": 0.08304623133950186, ""value"": 0.024310588836669922, ""text"": ""Salah satu provinsi tetangga berubah +2,5% dalam 7 hari""}, {""feature"": ""z_30"", ""shap"": 0.07293026956332854, ""value"": 1.9663841724395752, ""text"": ""Harga +2,0 SD dari rata-rata 30 hari terakhir""}]"
2026-10-07,com_19,28,0.0057834200683151765,0,0.0,0.0,Minyak Goreng Kemasan Bermerk 2,Minyak Goreng,Sulawesi Tengah,-0.8917,119.8707,Rendah,"Provinsi ""pemimpin"" (biasanya naik duluan) berubah rata-rata +1,0% dalam 14 hari | Harga 7,9% lebih murah dari provinsi tetangga (berpotensi menyusul naik) | Harga produsen nasional +6,6% (14 hari)","[{""feature"": ""lead_ret_14_mean"", ""shap"": 0.41611462436506874, ""value"": 0.010225372388958931, ""text"": ""Provinsi \""pemimpin\"" (biasanya naik duluan) berubah rata-rata +1,0% dalam 14 hari""}, {""feature"": ""nbr_rel_price"", ""shap"": 0.25672849760314354, ""value"": -0.08204406499862671, ""text"": ""Harga 7,9% lebih murah dari provinsi tetangga (berpotensi menyusul naik)""}, {""feature"": ""nat_ret_14_prod"", ""shap"": 0.1125385304256605, ""value"": 0.06407885998487473, ""text"": ""Harga produsen nasional +6,6% (14 hari)""}]"
2026-10-07,com_19,29,0.005548421418838951,0,-0.006521739,-0.0065430985,Minyak Goreng Kemasan Bermerk 2,Minyak Goreng,Sulawesi Utara,1.4748,124.8421,Rendah,"Provinsi ""pemimpin"" (biasanya naik duluan) berubah rata-rata +1,0% dalam 14 hari | Harga 12,5% lebih murah dari provinsi tetangga (berpotensi menyusul naik) | Salah satu provinsi tetangga berubah +3,3% dalam 7 hari","[{""feature"": ""lead_ret_14_mean"", ""shap"": 0.5624364580818862, ""value"": 0.01034820731729269, ""text"": ""Provinsi \""pemimpin\"" (biasanya naik duluan) berubah rata-rata +1,0% dalam 14 hari""}, {""feature"": ""nbr_rel_price"", ""shap"": 0.19463541855957733, ""value"": -0.13381215929985046, ""text"": ""Harga 12,5% lebih murah dari provinsi tetangga (berpotensi menyusul naik)""}, {""feature"": ""nbr_ret_7_max"", ""shap"": 0.12830277528195352, ""value"": 0.03278982266783714, ""text"": ""Salah satu provinsi tetangga berubah +3,3% dalam 7 hari""}]"
2026-10-07,com_19,30,0.0043408019074484445,0,0.00996016,0.009910884,Minyak Goreng Kemasan Bermerk 2,Minyak Goreng,Sulawesi Barat,-2.6748,118.8885,Rendah,"Harga produsen nasional +6,6% (14 hari) | Provinsi ""pemimpin"" (biasanya naik duluan) berubah rata-rata +0,6% dalam 7 hari | Harga +2,0 SD dari rata-rata 30 hari terakhir","[{""feature"": ""nat_ret_14_prod"", ""shap"": 0.19643743177253248, ""value"": 0.06407885998487473, ""text"": ""Harga produsen nasional +6,6% (14 hari)""}, {""feature"": ""lead_ret_7_mean"", ""shap"": 0.17592512596284102, ""value"": 0.005487536080181599, ""text"": ""Provinsi \""pemimpin\"" (biasanya naik duluan) berubah rata-rata +0,6% dalam 7 hari""}, {""feature"": ""z_30"", ""shap"": 0.08229885197823844, ""value"": 1.9663841724395752, ""text"": ""Harga +2,0 SD dari rata-rata 30 hari terakhir""}]"
2026-10-07,com_19,31,0.0029044473655220767,0,0.0,0.0,Minyak Goreng Kemasan Bermerk 2,Minyak Goreng,Maluku,-3.6954,128.1814,Rendah,"43 hari sejak lonjakan terakhir | Harga 11,5% di atas titik terendah 90 hari terakhir | Salah satu provinsi tetangga berubah +3,3% dalam 7 hari","[{""feature"": ""days_since_spike"", ""shap"": 0.16458347208540647, ""value"": 43.0, ""text"": ""43 hari sejak lonjakan terakhir""}, {""feature"": ""dist_min_90"", ""shap"": 0.14260835270351563, ""value"": 0.10848063975572586, ""text"": ""Harga 11,5% di atas titik terendah 90 hari terakhir""}, {""feature"": ""nbr_ret_7_max"", ""shap"": 0.10759755371150452, ""value"": 0.03278982266783714, ""text"": ""Salah satu provinsi tetangga berubah +3,3% dalam 7 hari""}]"
2026-10-07,com_19,32,0.09316644513258895,0,0.033333335,0.032789823,Minyak Goreng Kemasan Bermerk 2,Minyak Goreng,Maluku Utara,0.7893,127.3842,Rendah,"Provinsi ""pemimpin"" (biasanya naik duluan) berubah rata-rata +1,2% dalam 14 hari | Harga +3,3% dalam 7 hari terakhir | Harga sedang bergejolak: rata-rata ±0,9% per hari (14 hari terakhir)","[{""feature"": ""lead_ret_14_mean"", ""shap"": 0.4666351344601666, ""value"": 0.011924254707992077, ""text"": ""Provinsi \""pemimpin\"" (biasanya naik duluan) berubah rata-rata +1,2% dalam 14 hari""}, {""feature"": ""ret_7"", ""shap"": 0.32915793576789054, ""value"": 0.03278982266783714, ""text"": ""Harga +3,3% dalam 7 hari terakhir""}, {""feature"": ""vol_14"", ""shap"": 0.2738021500394702, ""value"": 0.00876344833523035, ""text"": ""Harga sedang bergejolak: rata-rata ±0,9% per hari (14 hari terakhir)""}]"
2026-10-07,com_19,33,0.003343007274844587,0,0.009451796,0.009407407,Minyak Goreng Kemasan Bermerk 2,Minyak Goreng,Papua,-2.5337,140.7181,Rendah,"Harga produsen nasional +6,6% (14 hari) | Salah satu provinsi tetangga berubah +3,3% dalam 7 hari | Harga +1,8 SD dari rata-rata 30 hari terakhir","[{""feature"": ""nat_ret_14_prod"", ""shap"": 0.09546837177511427, ""value"": 0.06407885998487473, ""text"": ""Harga produsen nasional +6,6% (14 hari)""}, {""feature"": ""nbr_ret_7_max"", ""shap"": 0.08141302657881534, ""value"": 0.03278982266783714, ""text"": ""Salah satu provinsi tetangga berubah +3,3% dalam 7 hari""}, {""feature"": ""z_30"", ""shap"": 0.0782252017319616, ""value"": 1.7821869850158691, ""text"": ""Harga +1,8 SD dari rata-rata 30 hari terakhir""}]"
2026-10-07,com_19,34,0.009195671413292273,0,-0.014736842,0.0,Minyak Goreng Kemasan Bermerk 2,Minyak Goreng,Papua Barat,-0.8615,134.062,Rendah,"Harga produsen nasional +6,6% (14 hari) | Harga 8,3% lebih murah dari provinsi tetangga (berpotensi menyusul naik) | Salah satu provinsi tetangga berubah +3,3% dalam 7 hari","[{""feature"": ""nat_ret_14_prod"", ""shap"": 0.21276305678317284, ""value"": 0.06407885998487473, ""text"": ""Harga produsen nasional +6,6% (14 hari)""}, {""feature"": ""nbr_rel_price"", ""shap"": 0.20490684237211992, ""value"": -0.08643170446157455, ""text"": ""Harga 8,3% lebih murah dari provinsi tetangga (berpotensi menyusul naik)""}, {""feature"": ""nbr_ret_7_max"", ""shap"": 0.05585290114060598, ""value"": 0.03278982266783714, ""text"": ""Salah satu provinsi tetangga berubah +3,3% dalam 7 hari""}]"
2026-10-07,com_20,1,0.011356266987637458,0,0.0121951215,0.012121361,Gula Pasir Kualitas Premium,Gula Pasir,Aceh,5.5483,95.3238,Rendah,"Provinsi ""pemimpin"" (biasanya naik duluan) berubah rata-rata +2,2% dalam 14 hari | Harga +1,2% dalam 1 hari terakhir | Harga +5,3 SD dari rata-rata 30 hari terakhir","[{""feature"": ""lead_ret_14_mean"", ""shap"": 0.5624770432053732, ""value"": 0.02133319340646267, ""text"": ""Provinsi \""pemimpin\"" (biasanya naik duluan) berubah rata-rata +2,2% dalam 14 hari""}, {""feature"": ""ret_1"", ""shap"": 0.23656311460943033, ""value"": 0.012121360749006271, ""text"": ""Harga +1,2% dalam 1 hari terakhir""}, {""feature"": ""z_30"", ""shap"": 0.1248667978411648, ""value"": 5.294651508331299, ""text"": ""Harga +5,3 SD dari rata-rata 30 hari terakhir""}]"
2026-10-07,com_20,2,0.005082782117861287,0,0.004950495,0.0024660926,Gula Pasir Kualitas Premium,Gula Pasir,Sumatera Utara,3.5952,98.6722,Rendah,"Provinsi ""pemimpin"" (biasanya naik duluan) berubah rata-rata +2,2% dalam 14 hari | Harga +0,2% dalam 1 hari terakhir | Salah satu provinsi tetangga berubah +1,2% dalam 7 hari","[{""feature"": ""lead_ret_14_mean"", ""shap"": 0.6583583566355821, ""value"": 0.02133319340646267, ""text"": ""Provinsi \""pemimpin\"" (biasanya naik duluan) berubah rata-rata +2,2% dalam 14 hari""}, {""feature"": ""ret_1"", ""shap"": 0.10178678160955335, ""value"": 0.002466092584654689, ""text"": ""Harga +0,2% dalam 1 hari terakhir""}, {""feature"": ""nbr_ret_7_max"", ""shap"": 0.08927661378532234, ""value"": 0.012121360749006271, ""text"": ""Salah satu provinsi tetangga berubah +1,2% dalam 7 hari""}]"
2026-10-07,com_20,3,0.0020004625094394743,0,0.010282776,0.010230268,Gula Pasir Kualitas Premium,Gula Pasir,Sumatera Barat,-0.9471,100.4172,Rendah,"Harga +1,0% dalam 3 hari terakhir | Harga +3,4 SD dari rata-rata 30 hari terakhir | Sudah lebih dari 4 bulan setelah Iduladha (pola musiman)","[{""feature"": ""ret_3"", ""shap"": 0.15786613116414636, ""value"": 0.010230268351733685, ""text"": ""Harga +1,0% dalam 3 hari terakhir""}, {""feature"": ""z_30"", ""shap"": 0.12037190239585549, ""value"": 3.4029550552368164, ""text"": ""Harga +3,4 SD dari rata-rata 30 hari terakhir""}, {""feature"": ""days_since_iduladha"", ""shap"": 0.02583093980860916, ""value"": 120.0, ""text"": ""Sudah lebih dari 4 bulan setelah Iduladha (pola musiman)""}]"
2026-10-07,com_20,4,0.0022989375939557978,0,0.0,0.0,Gula Pasir Kualitas Premium,Gula Pasir,Riau,0.5071,101.4478,Rendah,"Provinsi ""pemimpin"" (biasanya naik duluan) berubah rata-rata +0,8% dalam 14 hari | Harga 6,3% lebih murah dari provinsi tetangga (berpotensi menyusul naik) | Harga 10,8% di bawah rata-rata nasional (berpotensi menyusul naik)","[{""feature"": ""lead_ret_14_mean"", ""shap"": 0.43361956668039936, ""value"": 0.007472292985767126, ""text"": ""Provinsi \""pemimpin\"" (biasanya naik duluan) berubah rata-rata +0,8% dalam 14 hari""}, {""feature"": ""nbr_rel_price"", ""shap"": 0.15851617017561226, ""value"": -0.06465411186218262, ""text"": ""Harga 6,3% lebih murah dari provinsi tetangga (berpotensi menyusul naik)""}, {""feature"": ""rel_nat"", ""shap"": 0.117211158699525, ""value"": -0.11411330848932266, ""text"": ""Harga 10,8% di bawah rata-rata nasional (berpotensi menyusul naik)""}]"
2026-10-07,com_20,5,0.0009535037368854814,0,0.0,0.0,Gula Pasir Kualitas Premium,Gula Pasir,Kepulauan Riau,0.9186,104.4665,Rendah,"Harga 6,1% di bawah rata-rata nasional (berpotensi menyusul naik) | Curah hujan 30 hari (60–90 hari lalu) +5,0 SD dari normal | Margin konsumen-produsen nasional berubah -1,0 poin (14 hari)","[{""feature"": ""rel_nat"", ""shap"": 0.02619800848066837, ""value"": -0.0632321834564209, ""text"": ""Harga 6,1% di bawah rata-rata nasional (berpotensi menyusul naik)""}, {""feature"": ""rain_30_anom_lag60"", ""shap"": 0.017920278126914716, ""value"": 5.0, ""text"": ""Curah hujan 30 hari (60–90 hari lalu) +5,0 SD dari normal""}, {""feature"": ""nat_margin_cons_prod_chg14"", ""shap"": 0.013972160206740499, ""value"": -0.009930070489645004, ""text"": ""Margin konsumen-produsen nasional berubah -1,0 poin (14 hari)""}]"
2026-10-07,com_20,6,0.0014602006994415525,0,0.0,0.0,Gula Pasir Kualitas Premium,Gula Pasir,Jambi,-1.6101,103.6131,Rendah,"Provinsi ""pemimpin"" (biasanya naik duluan) berubah rata-rata +0,3% dalam 7 hari | Harga +0,5 SD dari rata-rata 30 hari terakhir | Sudah lebih dari 4 bulan setelah Idulfitri (pola musiman)","[{""feature"": ""lead_ret_7_mean"", ""shap"": 0.15123416361671105, ""value"": 0.0034100895281881094, ""text"": ""Provinsi \""pemimpin\"" (biasanya naik duluan) berubah rata-rata +0,3% dalam 7 hari""}, {""feature"": ""z_30"", ""shap"": 0.03631306080198205, ""value"": 0.5424047112464905, ""text"": ""Harga +0,5 SD dari rata-rata 30 hari terakhir""}, {""feature"": ""days_since_idulfitri"", ""shap"": 0.02537833076133245, ""value"": 120.0, ""text"": ""Sudah lebih dari 4 bulan setelah Idulfitri (pola musiman)""}]"
2026-10-07,com_20,7,0.001856761296347588,0,0.0,0.0,Gula Pasir Kualitas Premium,Gula Pasir,Bengkulu,-3.7928,102.2608,Rendah,"Salah satu provinsi tetangga berubah +1,0% dalam 7 hari | Curah hujan 30 hari di sentra produksi (60–90 hari lalu) -0,7 SD dari normal | Harga di provinsi tetangga berubah rata-rata +0,3% dalam 14 hari","[{""feature"": ""nbr_ret_7_max"", ""shap"": 0.12007182002322665, ""value"": 0.010230268351733685, ""text"": ""Salah satu provinsi tetangga berubah +1,0% dalam 7 hari""}, {""feature"": ""rain_30_anom_lag60_sentra"", ""shap"": 0.03577094553856723, ""value"": -0.6900790929794312, ""text"": ""Curah hujan 30 hari di sentra produksi (60–90 hari lalu) -0,7 SD dari normal""}, {""feature"": ""nbr_ret_14_mean"", ""shap"": 0.02963590652174693, ""value"": 0.0034100895281881094, ""text"": ""Harga di provinsi tetangga berubah rata-rata +0,3% dalam 14 hari""}]"
2026-10-07,com_20,8,0.002439341284110724,0,0.0,0.0,Gula Pasir Kualitas Premium,Gula Pasir,Sumatera Selatan,-2.9761,104.7754,Rendah,"Harga sedang bergejolak: rata-rata ±0,5% per hari (14 hari terakhir) | Harga 5,6% di bawah rata-rata nasional (berpotensi menyusul naik) | Sudah lebih dari 4 bulan setelah Iduladha (pola musiman)","[{""feature"": ""vol_14"", ""shap"": 0.08103992393861133, ""value"": 0.00512729212641716, ""text"": ""Harga sedang bergejolak: rata-rata ±0,5% per hari (14 hari terakhir)""}, {""feature"": ""rel_nat"", ""shap"": 0.02941040515464597, ""value"": -0.0580238401889801, ""text"": ""Harga 5,6% di bawah rata-rata nasional (berpotensi menyusul naik)""}, {""feature"": ""days_since_iduladha"", ""shap"": 0.019309963052831447, ""value"": 120.0, ""text"": ""Sudah lebih dari 4 bulan setelah Iduladha (pola musiman)""}]"
2026-10-07,com_20,9,0.0010211721458090138,0,0.0,0.0,Gula Pasir Kualitas Premium,Gula Pasir,Kepulauan Bangka Belitung,-2.1316,106.1169,Rendah,"Harga 5,6% di bawah rata-rata nasional (berpotensi menyusul naik) | Sudah lebih dari 4 bulan setelah Idulfitri (pola musiman) | Sudah lebih dari 4 bulan setelah Iduladha (pola musiman)","[{""feature"": ""rel_nat"", ""shap"": 0.029579153852883486, ""value"": -0.0580238401889801, ""text"": ""Harga 5,6% di bawah rata-rata nasional (berpotensi menyusul naik)""}, {""feature"": ""days_since_idulfitri"", ""shap"": 0.01940615656419093, ""value"": 120.0, ""text"": ""Sudah lebih dari 4 bulan setelah Idulfitri (pola musiman)""}, {""feature"": ""days_since_iduladha"", ""shap"": 0.016079196942222564, ""value"": 120.0, ""text"": ""Sudah lebih dari 4 bulan setelah Iduladha (pola musiman)""}]"
2026-10-07,com_20,10,0.0006080843591585348,0,-0.0026041667,0.0,Gula Pasir Kualitas Premium,Gula Pasir,Lampung,-5.3971,105.2668,Rendah,"Harga 4,1% lebih murah dari provinsi tetangga (berpotensi menyusul naik) | Harga di provinsi tetangga berubah rata-rata +0,8% dalam 14 hari | Sudah lebih dari 4 bulan setelah Idulfitri (pola musiman)","[{""feature"": ""nbr_rel_price"", ""shap"": 0.10565284962665705, ""value"": -0.04225290194153786, ""text"": ""Harga 4,1% lebih murah dari provinsi tetangga (berpotensi menyusul naik)""}, {""feature"": ""nbr_ret_14_mean"", ""shap"": 0.03934886041868016, ""value"": 0.007472292985767126, ""text"": ""Harga di provinsi tetangga berubah rata-rata +0,8% dalam 14 hari""}, {""feature"": ""days_since_idulfitri"", ""shap"": 0.01690457605526334, ""value"": 120.0, ""text"": ""Sudah lebih dari 4 bulan setelah Idulfitri (pola musiman)""}]"
2026-10-07,com_20,11,0.0020596563102703008,0,0.022670025,0.0,Gula Pasir Kualitas Premium,Gula Pasir,Banten,-6.1104,106.164,Rendah,"Harga 5,2% di atas titik terendah 90 hari terakhir | Harga sedang bergejolak: rata-rata ±0,6% per hari (14 hari terakhir) | Harga sudah berubah +2,3% dalam 14 hari terakhir","[{""feature"": ""dist_min_90"", ""shap"": 0.11403677548153891, ""value"": 0.0505157895386219, ""text"": ""Harga 5,2% di atas titik terendah 90 hari terakhir""}, {""feature"": ""vol_14"", ""shap"": 0.0938207896941115, ""value"": 0.005991162732243538, ""text"": ""Harga sedang bergejolak: rata-rata ±0,6% per hari (14 hari terakhir)""}, {""feature"": ""r14_now"", ""shap"": 0.03659573572082868, ""value"": 0.022670025005936623, ""text"": ""Harga sudah berubah +2,3% dalam 14 hari terakhir""}]"
2026-10-07,com_20,12,0.001654518194406481,0,0.0,0.0,Gula Pasir Kualitas Premium,Gula Pasir,Jawa Barat,-6.9175,107.6191,Rendah,"Provinsi ""pemimpin"" (biasanya naik duluan) berubah rata-rata +0,8% dalam 14 hari | Harga 3,1% lebih murah dari provinsi tetangga (berpotensi menyusul naik) | Harga di provinsi tetangga berubah rata-rata +0,8% dalam 14 hari","[{""feature"": ""lead_ret_14_mean"", ""shap"": 0.45477374002620746, ""value"": 0.008364751935005188, ""text"": ""Provinsi \""pemimpin\"" (biasanya naik duluan) berubah rata-rata +0,8% dalam 14 hari""}, {""feature"": ""nbr_rel_price"", ""shap"": 0.08398644780864283, ""value"": -0.031863197684288025, ""text"": ""Harga 3,1% lebih murah dari provinsi tetangga (berpotensi menyusul naik)""}, {""feature"": ""nbr_ret_14_mean"", ""shap"": 0.040401157480709854, ""value"": 0.007472292985767126, ""text"": ""Harga di provinsi tetangga berubah rata-rata +0,8% dalam 14 hari""}]"
2026-10-07,com_20,13,0.0019009029631129157,0,0.0,0.0,Gula Pasir Kualitas Premium,Gula Pasir,DKI Jakarta,-6.2088,106.8456,Rendah,"Provinsi ""pemimpin"" (biasanya naik duluan) berubah rata-rata +0,8% dalam 14 hari | Harga di provinsi tetangga berubah rata-rata +0,7% dalam 14 hari | Sudah lebih dari 4 bulan setelah Idulfitri (pola musiman)","[{""feature"": ""lead_ret_14_mean"", ""shap"": 0.42369745934504094, ""value"": 0.007472292985767126, ""text"": ""Provinsi \""pemimpin\"" (biasanya naik duluan) berubah rata-rata +0,8% dalam 14 hari""}, {""feature"": ""nbr_ret_14_mean"", ""shap"": 0.03865706518651051, ""value"": 0.006603104993700981, ""text"": ""Harga di provinsi tetangga berubah rata-rata +0,7% dalam 14 hari""}, {""feature"": ""days_since_idulfitri"", ""shap"": 0.024547123414259516, ""value"": 120.0, ""text"": ""Sudah lebih dari 4 bulan setelah Idulfitri (pola musiman)""}]"
2026-10-07,com_20,14,0.0022846752043702134,0,0.0,0.0,Gula Pasir Kualitas Premium,Gula Pasir,Jawa Tengah,-6.9667,110.4167,Rendah,"Provinsi ""pemimpin"" (biasanya naik duluan) berubah rata-rata +1,1% dalam 14 hari | Harga +0,8 SD dari rata-rata 30 hari terakhir | Harga 5,6% di bawah rata-rata nasional (berpotensi menyusul naik)","[{""feature"": ""lead_ret_14_mean"", ""shap"": 0.6359832901047704, ""value"": 0.011208439245820045, ""text"": ""Provinsi \""pemimpin\"" (biasanya naik duluan) berubah rata-rata +1,1% dalam 14 hari""}, {""feature"": ""z_30"", ""shap"": 0.0352414596241298, ""value"": 0.7937350869178772, ""text"": ""Harga +0,8 SD dari rata-rata 30 hari terakhir""}, {""feature"": ""rel_nat"", ""shap"": 0.03500295461552164, ""value"": -0.0580238401889801, ""text"": ""Harga 5,6% di bawah rata-rata nasional (berpotensi menyusul naik)""}]"
2026-10-07,com_20,15,0.001081438249026314,0,0.0,0.0,Gula Pasir Kualitas Premium,Gula Pasir,DI Yogyakarta,-7.7956,110.3695,Rendah,"Harga 8,1% di bawah rata-rata nasional (berpotensi menyusul naik) | Harga 1,8% lebih murah dari provinsi tetangga (berpotensi menyusul naik) | H-79 menuju Natal","[{""feature"": ""rel_nat"", ""shap"": 0.10796962428913354, ""value"": -0.0843411460518837, ""text"": ""Harga 8,1% di bawah rata-rata nasional (berpotensi menyusul naik)""}, {""feature"": ""nbr_rel_price"", ""shap"": 0.04853123214310736, ""value"": -0.018381915986537933, ""text"": ""Harga 1,8% lebih murah dari provinsi tetangga (berpotensi menyusul naik)""}, {""feature"": ""days_to_natal"", ""shap"": 0.020884879819995553, ""value"": 79.0, ""text"": ""H-79 menuju Natal""}]"
2026-10-07,com_20,16,0.0011012256815419014,0,0.0026809652,0.0026773778,Gula Pasir Kualitas Premium,Gula Pasir,Jawa Timur,-7.2575,112.7521,Rendah,"Harga +0,3% dalam 1 hari terakhir | Harga +2,5 SD dari rata-rata 30 hari terakhir | Harga 8,3% di bawah rata-rata nasional (berpotensi menyusul naik)","[{""feature"": ""ret_1"", ""shap"": 0.13750133094404426, ""value"": 0.0026773777790367603, ""text"": ""Harga +0,3% dalam 1 hari terakhir""}, {""feature"": ""z_30"", ""shap"": 0.08652553700594232, ""value"": 2.4739627838134766, ""text"": ""Harga +2,5 SD dari rata-rata 30 hari terakhir""}, {""feature"": ""rel_nat"", ""shap"": 0.07148242975578563, ""value"": -0.08701137453317642, ""text"": ""Harga 8,3% di bawah rata-rata nasional (berpotensi menyusul naik)""}]"
2026-10-07,com_20,17,0.0012649952720809752,0,-0.0025062656,0.0,Gula Pasir Kualitas Premium,Gula Pasir,Bali,-8.6705,115.2126,Rendah,"Sudah lebih dari 4 bulan setelah Idulfitri (pola musiman) | Harga produsen nasional +1,2% (14 hari) | Sudah lebih dari 4 bulan setelah Iduladha (pola musiman)","[{""feature"": ""days_since_idulfitri"", ""shap"": 0.02404424783916359, ""value"": 120.0, ""text"": ""Sudah lebih dari 4 bulan setelah Idulfitri (pola musiman)""}, {""feature"": ""nat_ret_14_prod"", ""shap"": 0.023767528672160084, ""value"": 0.01238405890762806, ""text"": ""Harga produsen nasional +1,2% (14 hari)""}, {""feature"": ""days_since_iduladha"", ""shap"": 0.01106034294942206, ""value"": 120.0, ""text"": ""Sudah lebih dari 4 bulan setelah Iduladha (pola musiman)""}]"
2026-10-07,com_20,18,0.0021057960561624823,0,0.0,0.0,Gula Pasir Kualitas Premium,Gula Pasir,Nusa Tenggara Barat,-8.5833,116.1167,Rendah,"324 hari sejak lonjakan terakhir | Salah satu provinsi tetangga berubah +4,5% dalam 7 hari | Harga 6,9% di bawah rata-rata nasional (berpotensi menyusul naik)","[{""feature"": ""days_since_spike"", ""shap"": 0.15959334889343854, ""value"": 324.0, ""text"": ""324 hari sejak lonjakan terakhir""}, {""feature"": ""nbr_ret_7_max"", ""shap"": 0.11625731390039952, ""value"": 0.044084273278713226, ""text"": ""Salah satu provinsi tetangga berubah +4,5% dalam 7 hari""}, {""feature"": ""rel_nat"", ""shap"": 0.0988683457461316, ""value"": -0.07109592109918594, ""text"": ""Harga 6,9% di bawah rata-rata nasional (berpotensi menyusul naik)""}]"
2026-10-07,com_20,19,0.0009358360032295344,0,0.0,0.0,Gula Pasir Kualitas Premium,Gula Pasir,Nusa Tenggara Timur,-10.1772,123.607,Rendah,"Salah satu provinsi tetangga berubah +4,5% dalam 7 hari | Harga di provinsi tetangga berubah rata-rata +2,2% dalam 14 hari | Curah hujan 30 hari di sentra produksi (60–90 hari lalu) -0,7 SD dari normal","[{""feature"": ""nbr_ret_7_max"", ""shap"": 0.11890932401902328, ""value"": 0.044084273278713226, ""text"": ""Salah satu provinsi tetangga berubah +4,5% dalam 7 hari""}, {""feature"": ""nbr_ret_14_mean"", ""shap"": 0.0654019353291675, ""value"": 0.02133319340646267, ""text"": ""Harga di provinsi tetangga berubah rata-rata +2,2% dalam 14 hari""}, {""feature"": ""rain_30_anom_lag60_sentra"", ""shap"": 0.016630280702945224, ""value"": -0.6900790929794312, ""text"": ""Curah hujan 30 hari di sentra produksi (60–90 hari lalu) -0,7 SD dari normal""}]"
2026-10-07,com_20,20,0.0006401604511506044,0,0.0,0.0,Gula Pasir Kualitas Premium,Gula Pasir,Kalimantan Barat,-0.0263,109.3425,Rendah,"Curah hujan 30 hari (30–60 hari lalu) -1,3 SD dari normal | Sudah lebih dari 4 bulan setelah Idulfitri (pola musiman) | Harga produsen nasional +1,2% (14 hari)","[{""feature"": ""rain_30_anom_lag30"", ""shap"": 0.020844876085998193, ""value"": -1.2946429252624512, ""text"": ""Curah hujan 30 hari (30–60 hari lalu) -1,3 SD dari normal""}, {""feature"": ""days_since_idulfitri"", ""shap"": 0.012444699346013693, ""value"": 120.0, ""text"": ""Sudah lebih dari 4 bulan setelah Idulfitri (pola musiman)""}, {""feature"": ""nat_ret_14_prod"", ""shap"": 0.01084616868913951, ""value"": 0.01238405890762806, ""text"": ""Harga produsen nasional +1,2% (14 hari)""}]"
2026-10-07,com_20,21,0.005447146230001956,0,0.0,0.0,Gula Pasir Kualitas Premium,Gula Pasir,Kalimantan Selatan,-3.3186,114.5944,Rendah,"Provinsi ""pemimpin"" (biasanya naik duluan) berubah rata-rata +1,1% dalam 14 hari | Harga 8,8% lebih murah dari provinsi tetangga (berpotensi menyusul naik) | Harga konsumen 6,3% di bawah harga pedagang besar","[{""feature"": ""lead_ret_14_mean"", ""shap"": 0.6247164549294202, ""value"": 0.011208439245820045, ""text"": ""Provinsi \""pemimpin\"" (biasanya naik duluan) berubah rata-rata +1,1% dalam 14 hari""}, {""feature"": ""nbr_rel_price"", ""shap"": 0.19447110344291743, ""value"": -0.09248104691505432, ""text"": ""Harga 8,8% lebih murah dari provinsi tetangga (berpotensi menyusul naik)""}, {""feature"": ""margin_cons_whole"", ""shap"": 0.12354705457365008, ""value"": -0.0648486465215683, ""text"": ""Harga konsumen 6,3% di bawah harga pedagang besar""}]"
2026-10-07,com_20,22,0.001053840301492003,0,0.0,0.0,Gula Pasir Kualitas Premium,Gula Pasir,Kalimantan Tengah,-2.2161,113.9135,Rendah,"Salah satu provinsi tetangga berubah +2,5% dalam 7 hari | Harga pedagang besar +0,5% dalam 14 hari terakhir | Harga di provinsi tetangga berubah rata-rata +0,6% dalam 14 hari","[{""feature"": ""nbr_ret_7_max"", ""shap"": 0.08710747318268494, ""value"": 0.024692611768841743, ""text"": ""Salah satu provinsi tetangga berubah +2,5% dalam 7 hari""}, {""feature"": ""ret_14_whole"", ""shap"": 0.053018636361612234, ""value"": 0.005361943040043116, ""text"": ""Harga pedagang besar +0,5% dalam 14 hari terakhir""}, {""feature"": ""nbr_ret_14_mean"", ""shap"": 0.036550997815572146, ""value"": 0.005740199238061905, ""text"": ""Harga di provinsi tetangga berubah rata-rata +0,6% dalam 14 hari""}]"
2026-10-07,com_20,23,0.00791234851816733,0,0.017369727,0.024692612,Gula Pasir Kualitas Premium,Gula Pasir,Kalimantan Timur,-0.5022,117.1536,Rendah,"Harga sedang bergejolak: rata-rata ±1,1% per hari (14 hari terakhir) | Harga +2,5% dalam 7 hari terakhir | Harga 4,1% lebih murah dari provinsi tetangga (berpotensi menyusul naik)","[{""feature"": ""vol_14"", ""shap"": 0.35076850818898014, ""value"": 0.01072314940392971, ""text"": ""Harga sedang bergejolak: rata-rata ±1,1% per hari (14 hari terakhir)""}, {""feature"": ""ret_7"", ""shap"": 0.27753138734357796, ""value"": 0.024692611768841743, ""text"": ""Harga +2,5% dalam 7 hari terakhir""}, {""feature"": ""nbr_rel_price"", ""shap"": 0.11397607651938826, ""value"": -0.041584860533475876, ""text"": ""Harga 4,1% lebih murah dari provinsi tetangga (berpotensi menyusul naik)""}]"
2026-10-07,com_20,24,0.0021377983999998993,0,0.0,0.0,Gula Pasir Kualitas Premium,Gula Pasir,Kalimantan Utara,2.8375,117.3653,Rendah,"Harga 9,6% lebih murah dari provinsi tetangga (berpotensi menyusul naik) | Salah satu provinsi tetangga berubah +2,5% dalam 7 hari | Curah hujan 30 hari (30–60 hari lalu) -1,8 SD dari normal","[{""feature"": ""nbr_rel_price"", ""shap"": 0.16583827962878794, ""value"": -0.1014452874660492, ""text"": ""Harga 9,6% lebih murah dari provinsi tetangga (berpotensi menyusul naik)""}, {""feature"": ""nbr_ret_7_max"", ""shap"": 0.1082219361807113, ""value"": 0.024692611768841743, ""text"": ""Salah satu provinsi tetangga berubah +2,5% dalam 7 hari""}, {""feature"": ""rain_30_anom_lag30"", ""shap"": 0.04886341280218403, ""value"": -1.7519081830978394, ""text"": ""Curah hujan 30 hari (30–60 hari lalu) -1,8 SD dari normal""}]"
2026-10-07,com_20,25,0.007281194412710779,0,0.0,0.0,Gula Pasir Kualitas Premium,Gula Pasir,Gorontalo,0.5435,123.0568,Rendah,"Provinsi ""pemimpin"" (biasanya naik duluan) berubah rata-rata +0,6% dalam 14 hari | Harga +0,9 SD dari rata-rata 30 hari terakhir | Curah hujan 30 hari (30–60 hari lalu) -1,3 SD dari normal","[{""feature"": ""lead_ret_14_mean"", ""shap"": 0.17258887019028885, ""value"": 0.005686547607183456, ""text"": ""Provinsi \""pemimpin\"" (biasanya naik duluan) berubah rata-rata +0,6% dalam 14 hari""}, {""feature"": ""z_30"", ""shap"": 0.049764697636446434, ""value"": 0.8597765564918518, ""text"": ""Harga +0,9 SD dari rata-rata 30 hari terakhir""}, {""feature"": ""rain_30_anom_lag30"", ""shap"": 0.023090215040197235, ""value"": -1.2743052244186401, ""text"": ""Curah hujan 30 hari (30–60 hari lalu) -1,3 SD dari normal""}]"
2026-10-07,com_20,26,0.04067219847991266,0,0.066091955,0.044084273,Gula Pasir Kualitas Premium,Gula Pasir,Sulawesi Selatan,-5.1477,119.4327,Rendah,"Tinggal 0,9 poin persen lagi menuju ambang lonjakan | Harga +4,5% dalam 7 hari terakhir | Harga sedang bergejolak: rata-rata ±0,9% per hari (14 hari terakhir)","[{""feature"": ""gap_to_threshold"", ""shap"": 0.7873626964581789, ""value"": 0.008908046409487724, ""text"": ""Tinggal 0,9 poin persen lagi menuju ambang lonjakan""}, {""feature"": ""ret_7"", ""shap"": 0.6606666709250704, ""value"": 0.044084273278713226, ""text"": ""Harga +4,5% dalam 7 hari terakhir""}, {""feature"": ""vol_14"", ""shap"": 0.28778141040582944, ""value"": 0.009097258560359478, ""text"": ""Harga sedang bergejolak: rata-rata ±0,9% per hari (14 hari terakhir)""}]"
2026-10-07,com_20,27,0.0032013898873787363,0,0.0,0.0,Gula Pasir Kualitas Premium,Gula Pasir,Sulawesi Tenggara,-3.9985,122.513,Rendah,"Provinsi ""pemimpin"" (biasanya naik duluan) berubah rata-rata +2,2% dalam 14 hari | Salah satu provinsi tetangga berubah +4,5% dalam 7 hari | Harga di provinsi tetangga berubah rata-rata +2,2% dalam 14 hari","[{""feature"": ""lead_ret_14_mean"", ""shap"": 0.6586937238672097, ""value"": 0.022225653752684593, ""text"": ""Provinsi \""pemimpin\"" (biasanya naik duluan) berubah rata-rata +2,2% dalam 14 hari""}, {""feature"": ""nbr_ret_7_max"", ""shap"": 0.09463400501755533, ""value"": 0.044084273278713226, ""text"": ""Salah satu provinsi tetangga berubah +4,5% dalam 7 hari""}, {""feature"": ""nbr_ret_14_mean"", ""shap"": 0.05263328518121167, ""value"": 0.02133319340646267, ""text"": ""Harga di provinsi tetangga berubah rata-rata +2,2% dalam 14 hari""}]"
2026-10-07,com_20,28,0.001465010304807331,0,0.0,0.0,Gula Pasir Kualitas Premium,Gula Pasir,Sulawesi Tengah,-0.8917,119.8707,Rendah,"Salah satu provinsi tetangga berubah +2,5% dalam 7 hari | Harga di provinsi tetangga berubah rata-rata +0,6% dalam 14 hari | Curah hujan 30 hari (30–60 hari lalu) -1,3 SD dari normal","[{""feature"": ""nbr_ret_7_max"", ""shap"": 0.06449689651004716, ""value"": 0.024692611768841743, ""text"": ""Salah satu provinsi tetangga berubah +2,5% dalam 7 hari""}, {""feature"": ""nbr_ret_14_mean"", ""shap"": 0.033004347650644215, ""value"": 0.005740199238061905, ""text"": ""Harga di provinsi tetangga berubah rata-rata +0,6% dalam 14 hari""}, {""feature"": ""rain_30_anom_lag30"", ""shap"": 0.014740311421149517, ""value"": -1.3176658153533936, ""text"": ""Curah hujan 30 hari (30–60 hari lalu) -1,3 SD dari normal""}]"
2026-10-07,com_20,29,0.0025619376110160717,0,0.0,0.0,Gula Pasir Kualitas Premium,Gula Pasir,Sulawesi Utara,1.4748,124.8421,Rendah,"Harga 16,9% lebih murah dari provinsi tetangga (berpotensi menyusul naik) | Harga 14,2% di bawah rata-rata nasional (berpotensi menyusul naik) | Curah hujan 30 hari (30–60 hari lalu) -1,3 SD dari normal","[{""feature"": ""nbr_rel_price"", ""shap"": 0.18600662463244497, ""value"": -0.18551428616046906, ""text"": ""Harga 16,9% lebih murah dari provinsi tetangga (berpotensi menyusul naik)""}, {""feature"": ""rel_nat"", ""shap"": 0.1514085588306744, ""value"": -0.15333402156829834, ""text"": ""Harga 14,2% di bawah rata-rata nasional (berpotensi menyusul naik)""}, {""feature"": ""rain_30_anom_lag30"", ""shap"": 0.04294639127706391, ""value"": -1.2554948329925537, ""text"": ""Curah hujan 30 hari (30–60 hari lalu) -1,3 SD dari normal""}]"
2026-10-07,com_20,30,0.0010007850429188502,0,0.0,0.0,Gula Pasir Kualitas Premium,Gula Pasir,Sulawesi Barat,-2.6748,118.8885,Rendah,"Salah satu provinsi tetangga berubah +4,5% dalam 7 hari | Harga di provinsi tetangga berubah rata-rata +2,7% dalam 14 hari | Sudah lebih dari 4 bulan setelah Idulfitri (pola musiman)","[{""feature"": ""nbr_ret_7_max"", ""shap"": 0.10660363928513426, ""value"": 0.044084273278713226, ""text"": ""Salah satu provinsi tetangga berubah +4,5% dalam 7 hari""}, {""feature"": ""nbr_ret_14_mean"", ""shap"": 0.06924027844092344, ""value"": 0.027073392644524574, ""text"": ""Harga di provinsi tetangga berubah rata-rata +2,7% dalam 14 hari""}, {""feature"": ""days_since_idulfitri"", ""shap"": 0.019951556115678677, ""value"": 120.0, ""text"": ""Sudah lebih dari 4 bulan setelah Idulfitri (pola musiman)""}]"
2026-10-07,com_20,31,0.000717710585222388,0,0.0,0.0,Gula Pasir Kualitas Premium,Gula Pasir,Maluku,-3.6954,128.1814,Rendah,"Sudah lebih dari 4 bulan setelah Iduladha (pola musiman) | Harga +0,6 SD dari rata-rata 90 hari terakhir | Harga 0,6% lebih rendah dari tahun lalu","[{""feature"": ""days_since_iduladha"", ""shap"": 0.021897061761090263, ""value"": 120.0, ""text"": ""Sudah lebih dari 4 bulan setelah Iduladha (pola musiman)""}, {""feature"": ""z_90"", ""shap"": 0.007583340200280442, ""value"": 0.6167186498641968, ""text"": ""Harga +0,6 SD dari rata-rata 90 hari terakhir""}, {""feature"": ""ret_yoy"", ""shap"": 0.007334396043556119, ""value"": -0.006362693849951029, ""text"": ""Harga 0,6% lebih rendah dari tahun lalu""}]"
2026-10-07,com_20,33,0.0009731213933523001,0,-0.0018621974,0.0,Gula Pasir Kualitas Premium,Gula Pasir,Papua,-2.5337,140.7181,Rendah,"Curah hujan 30 hari (30–60 hari lalu) -1,4 SD dari normal | Sudah lebih dari 4 bulan setelah Iduladha (pola musiman) | Sudah lebih dari 4 bulan setelah Idulfitri (pola musiman)","[{""feature"": ""rain_30_anom_lag30"", ""shap"": 0.03619562878077628, ""value"": -1.376806616783142, ""text"": ""Curah hujan 30 hari (30–60 hari lalu) -1,4 SD dari normal""}, {""feature"": ""days_since_iduladha"", ""shap"": 0.028188672456968503, ""value"": 120.0, ""text"": ""Sudah lebih dari 4 bulan setelah Iduladha (pola musiman)""}, {""feature"": ""days_since_idulfitri"", ""shap"": 0.01177186479086659, ""value"": 120.0, ""text"": ""Sudah lebih dari 4 bulan setelah Idulfitri (pola musiman)""}]"
2026-10-07,com_20,34,0.006234542405348692,0,0.0,0.0,Gula Pasir Kualitas Premium,Gula Pasir,Papua Barat,-0.8615,134.062,Rendah,"Harga 5,4% lebih murah dari provinsi tetangga (berpotensi menyusul naik) | Provinsi ""pemimpin"" (biasanya naik duluan) berubah rata-rata +0,8% dalam 7 hari | Sudah lebih dari 4 bulan setelah Idulfitri (pola musiman)","[{""feature"": ""nbr_rel_price"", ""shap"": 0.23542804461993508, ""value"": -0.0551186241209507, ""text"": ""Harga 5,4% lebih murah dari provinsi tetangga (berpotensi menyusul naik)""}, {""feature"": ""lead_ret_7_mean"", ""shap"": 0.19307618249939548, ""value"": 0.008230870589613914, ""text"": ""Provinsi \""pemimpin\"" (biasanya naik duluan) berubah rata-rata +0,8% dalam 7 hari""}, {""feature"": ""days_since_idulfitri"", ""shap"": 0.018650401447916635, ""value"": 120.0, ""text"": ""Sudah lebih dari 4 bulan setelah Idulfitri (pola musiman)""}]"
2026-10-07,com_21,1,0.001245650786080451,0,0.002570694,0.0025673956,Gula Pasir Lokal,Gula Pasir,Aceh,5.5483,95.3238,Rendah,"Harga +1,8 SD dari rata-rata 30 hari terakhir | Salah satu provinsi tetangga berubah +0,5% dalam 7 hari | Harga di provinsi tetangga berubah rata-rata +0,5% dalam 14 hari","[{""feature"": ""z_30"", ""shap"": 0.09381963096388123, ""value"": 1.8087047338485718, ""text"": ""Harga +1,8 SD dari rata-rata 30 hari terakhir""}, {""feature"": ""nbr_ret_7_max"", ""shap"": 0.06112933614612783, ""value"": 0.005208345130085945, ""text"": ""Salah satu provinsi tetangga berubah +0,5% dalam 7 hari""}, {""feature"": ""nbr_ret_14_mean"", ""shap"": 0.038590738576277976, ""value"": 0.005240363068878651, ""text"": ""Harga di provinsi tetangga berubah rata-rata +0,5% dalam 14 hari""}]"
2026-10-07,com_21,2,0.0012310593453836271,0,0.007853403,0.005208345,Gula Pasir Lokal,Gula Pasir,Sumatera Utara,3.5952,98.6722,Rendah,"Harga pedagang besar +1,1% dalam 14 hari terakhir | Harga +2,8 SD dari rata-rata 30 hari terakhir | Harga di provinsi tetangga berubah rata-rata +0,3% dalam 14 hari","[{""feature"": ""ret_14_whole"", ""shap"": 0.09311719304683275, ""value"": 0.011049835942685604, ""text"": ""Harga pedagang besar +1,1% dalam 14 hari terakhir""}, {""feature"": ""z_30"", ""shap"": 0.08497647126240178, ""value"": 2.802973985671997, ""text"": ""Harga +2,8 SD dari rata-rata 30 hari terakhir""}, {""feature"": ""nbr_ret_14_mean"", ""shap"": 0.025789212166931155, ""value"": 0.0034885865170508623, ""text"": ""Harga di provinsi tetangga berubah rata-rata +0,3% dalam 14 hari""}]"
2026-10-07,com_21,3,0.0013090951716848605,0,0.0026525198,0.0,Gula Pasir Lokal,Gula Pasir,Sumatera Barat,-0.9471,100.4172,Rendah,"Harga pedagang besar +0,6% dalam 14 hari terakhir | Harga +0,9 SD dari rata-rata 30 hari terakhir | H-79 menuju Natal","[{""feature"": ""ret_14_whole"", ""shap"": 0.043626269570838414, ""value"": 0.005555569659918547, ""text"": ""Harga pedagang besar +0,6% dalam 14 hari terakhir""}, {""feature"": ""z_30"", ""shap"": 0.03988439570992101, ""value"": 0.8597765564918518, ""text"": ""Harga +0,9 SD dari rata-rata 30 hari terakhir""}, {""feature"": ""days_to_natal"", ""shap"": 0.022697666016771936, ""value"": 79.0, ""text"": ""H-79 menuju Natal""}]"
2026-10-07,com_21,4,0.0011195323545500737,0,0.005263158,0.0,Gula Pasir Lokal,Gula Pasir,Riau,0.5071,101.4478,Rendah,"Harga +1,3 SD dari rata-rata 30 hari terakhir | Provinsi ""pemimpin"" (biasanya naik duluan) berubah rata-rata +0,4% dalam 14 hari | Sudah lebih dari 4 bulan setelah Iduladha (pola musiman)","[{""feature"": ""z_30"", ""shap"": 0.049211780752690816, ""value"": 1.333986759185791, ""text"": ""Harga +1,3 SD dari rata-rata 30 hari terakhir""}, {""feature"": ""lead_ret_14_mean"", ""shap"": 0.04679948853198367, ""value"": 0.003712412202730775, ""text"": ""Provinsi \""pemimpin\"" (biasanya naik duluan) berubah rata-rata +0,4% dalam 14 hari""}, {""feature"": ""days_since_iduladha"", ""shap"": 0.02434748716141546, ""value"": 120.0, ""text"": ""Sudah lebih dari 4 bulan setelah Iduladha (pola musiman)""}]"
2026-10-07,com_21,5,0.010015968053872268,0,-0.012345679,0.0,Gula Pasir Lokal,Gula Pasir,Kepulauan Riau,0.9186,104.4665,Rendah,"Harga 16,7% di bawah rata-rata nasional (berpotensi menyusul naik) | 2 kali lonjakan dalam setahun terakhir | Harga 14,6% lebih murah dari provinsi tetangga (berpotensi menyusul naik)","[{""feature"": ""rel_nat"", ""shap"": 0.375626833877117, ""value"": -0.18232156336307526, ""text"": ""Harga 16,7% di bawah rata-rata nasional (berpotensi menyusul naik)""}, {""feature"": ""n_onsets_365"", ""shap"": 0.31863028560712914, ""value"": 2.0, ""text"": ""2 kali lonjakan dalam setahun terakhir""}, {""feature"": ""nbr_rel_price"", ""shap"": 0.24599268302558844, ""value"": -0.15750189125537872, ""text"": ""Harga 14,6% lebih murah dari provinsi tetangga (berpotensi menyusul naik)""}]"
2026-10-07,com_21,6,0.00118985709544246,0,0.0,0.0,Gula Pasir Lokal,Gula Pasir,Jambi,-1.6101,103.6131,Rendah,"Harga pedagang besar +0,9% dalam 7 hari terakhir | Sudah lebih dari 4 bulan setelah Idulfitri (pola musiman) | Curah hujan 30 hari (30–60 hari lalu) -1,0 SD dari normal","[{""feature"": ""ret_7_whole"", ""shap"": 0.08716780872231285, ""value"": 0.008708328008651733, ""text"": ""Harga pedagang besar +0,9% dalam 7 hari terakhir""}, {""feature"": ""days_since_idulfitri"", ""shap"": 0.015957532167200156, ""value"": 120.0, ""text"": ""Sudah lebih dari 4 bulan setelah Idulfitri (pola musiman)""}, {""feature"": ""rain_30_anom_lag30"", ""shap"": 0.015387217386647995, ""value"": -0.9743903875350952, ""text"": ""Curah hujan 30 hari (30–60 hari lalu) -1,0 SD dari normal""}]"
2026-10-07,com_21,7,0.005471733112693076,0,0.0,0.0,Gula Pasir Lokal,Gula Pasir,Bengkulu,-3.7928,102.2608,Rendah,"Provinsi ""pemimpin"" (biasanya naik duluan) berubah rata-rata +0,7% dalam 14 hari | Harga konsumen 1,3% di atas harga pedagang besar | Harga pedagang besar +5,6% dalam 14 hari terakhir","[{""feature"": ""lead_ret_14_mean"", ""shap"": 0.4638232520010411, ""value"": 0.007389443926513195, ""text"": ""Provinsi \""pemimpin\"" (biasanya naik duluan) berubah rata-rata +0,7% dalam 14 hari""}, {""feature"": ""margin_cons_whole"", ""shap"": 0.13771241886255617, ""value"": 0.013245226815342903, ""text"": ""Harga konsumen 1,3% di atas harga pedagang besar""}, {""feature"": ""ret_14_whole"", ""shap"": 0.13051769176663588, ""value"": 0.05480823665857315, ""text"": ""Harga pedagang besar +5,6% dalam 14 hari terakhir""}]"
2026-10-07,com_21,8,0.003645094736909942,0,0.0,0.0,Gula Pasir Lokal,Gula Pasir,Sumatera Selatan,-2.9761,104.7754,Rendah,"Harga pedagang besar +3,6% dalam 7 hari terakhir | Provinsi ""pemimpin"" (biasanya naik duluan) berubah rata-rata +0,4% dalam 7 hari | Harga sedang bergejolak: rata-rata ±0,5% per hari (14 hari terakhir)","[{""feature"": ""ret_7_whole"", ""shap"": 0.11813971486769077, ""value"": 0.03571808338165283, ""text"": ""Harga pedagang besar +3,6% dalam 7 hari terakhir""}, {""feature"": ""lead_ret_7_mean"", ""shap"": 0.10782405589042608, ""value"": 0.003701716661453247, ""text"": ""Provinsi \""pemimpin\"" (biasanya naik duluan) berubah rata-rata +0,4% dalam 7 hari""}, {""feature"": ""vol_14"", ""shap"": 0.07558792915755573, ""value"": 0.005222877021878958, ""text"": ""Harga sedang bergejolak: rata-rata ±0,5% per hari (14 hari terakhir)""}]"
2026-10-07,com_21,9,0.002510139745985664,0,0.0,0.0,Gula Pasir Lokal,Gula Pasir,Kepulauan Bangka Belitung,-2.1316,106.1169,Rendah,"Harga 2,8% lebih murah dari provinsi tetangga (berpotensi menyusul naik) | Salah satu provinsi tetangga berubah +0,5% dalam 7 hari | Harga 5,2% di bawah rata-rata nasional (berpotensi menyusul naik)","[{""feature"": ""nbr_rel_price"", ""shap"": 0.08260779817843099, ""value"": -0.027968289330601692, ""text"": ""Harga 2,8% lebih murah dari provinsi tetangga (berpotensi menyusul naik)""}, {""feature"": ""nbr_ret_7_max"", ""shap"": 0.06572491916726134, ""value"": 0.005390848498791456, ""text"": ""Salah satu provinsi tetangga berubah +0,5% dalam 7 hari""}, {""feature"": ""rel_nat"", ""shap"": 0.06520959122376095, ""value"": -0.05348868668079376, ""text"": ""Harga 5,2% di bawah rata-rata nasional (berpotensi menyusul naik)""}]"
2026-10-07,com_21,10,0.0018468524411950757,0,0.0054054055,0.0053908485,Gula Pasir Lokal,Gula Pasir,Lampung,-5.3971,105.2668,Rendah,"Harga pedagang besar +2,9% dalam 14 hari terakhir | Salah satu provinsi tetangga berubah +1,8% dalam 7 hari | Harga 3,1% lebih murah dari provinsi tetangga (berpotensi menyusul naik)","[{""feature"": ""ret_14_whole"", ""shap"": 0.11140396929759182, ""value"": 0.028573373332619667, ""text"": ""Harga pedagang besar +2,9% dalam 14 hari terakhir""}, {""feature"": ""nbr_ret_7_max"", ""shap"": 0.10486141206613232, ""value"": 0.01820596493780613, ""text"": ""Salah satu provinsi tetangga berubah +1,8% dalam 7 hari""}, {""feature"": ""nbr_rel_price"", ""shap"": 0.10199253143132773, ""value"": -0.031536586582660675, ""text"": ""Harga 3,1% lebih murah dari provinsi tetangga (berpotensi menyusul naik)""}]"
2026-10-07,com_21,11,0.008270826849186178,0,0.04021448,0.018205965,Gula Pasir Lokal,Gula Pasir,Banten,-6.1104,106.164,Rendah,"Tinggal 3,5 poin persen lagi menuju ambang lonjakan | Harga +1,0% dalam 3 hari terakhir | Harga pedagang besar +2,9% dalam 7 hari terakhir","[{""feature"": ""gap_to_threshold"", ""shap"": 0.16836763045711203, ""value"": 0.034785524010658264, ""text"": ""Tinggal 3,5 poin persen lagi menuju ambang lonjakan""}, {""feature"": ""ret_3"", ""shap"": 0.1665079277943882, ""value"": 0.010362787172198296, ""text"": ""Harga +1,0% dalam 3 hari terakhir""}, {""feature"": ""ret_7_whole"", ""shap"": 0.1210322144134775, ""value"": 0.0281708762049675, ""text"": ""Harga pedagang besar +2,9% dalam 7 hari terakhir""}]"
2026-10-07,com_21,12,0.0016585768806796986,0,0.005376344,0.0026773778,Gula Pasir Lokal,Gula Pasir,Jawa Barat,-6.9175,107.6191,Rendah,"Salah satu provinsi tetangga berubah +1,8% dalam 7 hari | Harga +1,7 SD dari rata-rata 30 hari terakhir | Harga di provinsi tetangga berubah rata-rata +1,4% dalam 14 hari","[{""feature"": ""nbr_ret_7_max"", ""shap"": 0.11048753703693105, ""value"": 0.01820596493780613, ""text"": ""Salah satu provinsi tetangga berubah +1,8% dalam 7 hari""}, {""feature"": ""z_30"", ""shap"": 0.07627228523769587, ""value"": 1.7131818532943726, ""text"": ""Harga +1,7 SD dari rata-rata 30 hari terakhir""}, {""feature"": ""nbr_ret_14_mean"", ""shap"": 0.05567955248327225, ""value"": 0.014066948555409908, ""text"": ""Harga di provinsi tetangga berubah rata-rata +1,4% dalam 14 hari""}]"
2026-10-07,com_21,13,0.0030856990907851597,0,0.0,0.0,Gula Pasir Lokal,Gula Pasir,DKI Jakarta,-6.2088,106.8456,Rendah,"Provinsi ""pemimpin"" (biasanya naik duluan) berubah rata-rata +0,6% dalam 14 hari | Salah satu provinsi tetangga berubah +1,8% dalam 7 hari | Harga di provinsi tetangga berubah rata-rata +1,7% dalam 14 hari","[{""feature"": ""lead_ret_14_mean"", ""shap"": 0.30576440267014965, ""value"": 0.006154309958219528, ""text"": ""Provinsi \""pemimpin\"" (biasanya naik duluan) berubah rata-rata +0,6% dalam 14 hari""}, {""feature"": ""nbr_ret_7_max"", ""shap"": 0.09929652947952002, ""value"": 0.01820596493780613, ""text"": ""Salah satu provinsi tetangga berubah +1,8% dalam 7 hari""}, {""feature"": ""nbr_ret_14_mean"", ""shap"": 0.071281165340114, ""value"": 0.016726570203900337, ""text"": ""Harga di provinsi tetangga berubah rata-rata +1,7% dalam 14 hari""}]"
2026-10-07,com_21,14,0.0036978506788527205,0,0.0027777778,0.0,Gula Pasir Lokal,Gula Pasir,Jawa Tengah,-6.9667,110.4167,Rendah,"Provinsi ""pemimpin"" (biasanya naik duluan) berubah rata-rata +0,5% dalam 14 hari | Salah satu provinsi tetangga berubah +1,4% dalam 7 hari | Harga pedagang besar +0,6% dalam 14 hari terakhir","[{""feature"": ""lead_ret_14_mean"", ""shap"": 0.1824455211951129, ""value"": 0.0053953449241817, ""text"": ""Provinsi \""pemimpin\"" (biasanya naik duluan) berubah rata-rata +0,5% dalam 14 hari""}, {""feature"": ""nbr_ret_7_max"", ""shap"": 0.08696335740418305, ""value"": 0.013680104166269302, ""text"": ""Salah satu provinsi tetangga berubah +1,4% dalam 7 hari""}, {""feature"": ""ret_14_whole"", ""shap"": 0.06655979807791035, ""value"": 0.005917177069932222, ""text"": ""Harga pedagang besar +0,6% dalam 14 hari terakhir""}]"
2026-10-07,com_21,15,0.005031104224910939,0,0.013774104,0.013680104,Gula Pasir Lokal,Gula Pasir,DI Yogyakarta,-7.7956,110.3695,Rendah,"Harga +1,4% dalam 3 hari terakhir | Harga +3,7 SD dari rata-rata 30 hari terakhir | Salah satu provinsi tetangga berubah +0,6% dalam 7 hari","[{""feature"": ""ret_3"", ""shap"": 0.1698265800061265, ""value"": 0.013680104166269302, ""text"": ""Harga +1,4% dalam 3 hari terakhir""}, {""feature"": ""z_30"", ""shap"": 0.1074952378668398, ""value"": 3.6787679195404053, ""text"": ""Harga +3,7 SD dari rata-rata 30 hari terakhir""}, {""feature"": ""nbr_ret_7_max"", ""shap"": 0.06199714469320723, ""value"": 0.005714301485568285, ""text"": ""Salah satu provinsi tetangga berubah +0,6% dalam 7 hari""}]"
2026-10-07,com_21,16,0.003434045638705228,0,0.0057306592,0.0057143015,Gula Pasir Lokal,Gula Pasir,Jawa Timur,-7.2575,112.7521,Rendah,"Harga +0,3% dalam 1 hari terakhir | Harga 8,6% di bawah rata-rata nasional (berpotensi menyusul naik) | Harga pedagang besar +0,9% dalam 14 hari terakhir","[{""feature"": ""ret_1"", ""shap"": 0.15025003692492053, ""value"": 0.0028530689887702465, ""text"": ""Harga +0,3% dalam 1 hari terakhir""}, {""feature"": ""rel_nat"", ""shap"": 0.13597381837479755, ""value"": -0.08985632658004761, ""text"": ""Harga 8,6% di bawah rata-rata nasional (berpotensi menyusul naik)""}, {""feature"": ""ret_14_whole"", ""shap"": 0.09669943394929102, ""value"": 0.009077218361198902, ""text"": ""Harga pedagang besar +0,9% dalam 14 hari terakhir""}]"
2026-10-07,com_21,17,0.005879026157921732,0,-0.005540166,-0.002781643,Gula Pasir Lokal,Gula Pasir,Bali,-8.6705,115.2126,Rendah,"Provinsi ""pemimpin"" (biasanya naik duluan) berubah rata-rata +0,7% dalam 14 hari | Harga 6,5% di bawah rata-rata nasional (berpotensi menyusul naik) | Harga 1,9% lebih murah dari provinsi tetangga (berpotensi menyusul naik)","[{""feature"": ""lead_ret_14_mean"", ""shap"": 0.4846596075284481, ""value"": 0.007389443926513195, ""text"": ""Provinsi \""pemimpin\"" (biasanya naik duluan) berubah rata-rata +0,7% dalam 14 hari""}, {""feature"": ""rel_nat"", ""shap"": 0.15190835733918037, ""value"": -0.06732016056776047, ""text"": ""Harga 6,5% di bawah rata-rata nasional (berpotensi menyusul naik)""}, {""feature"": ""nbr_rel_price"", ""shap"": 0.1170654681085626, ""value"": -0.01969108358025551, ""text"": ""Harga 1,9% lebih murah dari provinsi tetangga (berpotensi menyusul naik)""}]"
2026-10-07,com_21,18,0.002981529004624843,0,0.005291005,0.005277057,Gula Pasir Lokal,Gula Pasir,Nusa Tenggara Barat,-8.5833,116.1167,Rendah,"Harga +0,5% dalam 1 hari terakhir | Harga pedagang besar +1,2% dalam 14 hari terakhir | Salah satu provinsi tetangga berubah +0,6% dalam 7 hari","[{""feature"": ""ret_1"", ""shap"": 0.1699382869514999, ""value"": 0.0052770571783185005, ""text"": ""Harga +0,5% dalam 1 hari terakhir""}, {""feature"": ""ret_14_whole"", ""shap"": 0.10369930485295624, ""value"": 0.011799546889960766, ""text"": ""Harga pedagang besar +1,2% dalam 14 hari terakhir""}, {""feature"": ""nbr_ret_7_max"", ""shap"": 0.05821544625096337, ""value"": 0.005714301485568285, ""text"": ""Salah satu provinsi tetangga berubah +0,6% dalam 7 hari""}]"
2026-10-07,com_21,19,0.0006545331207141207,0,0.0,0.0,Gula Pasir Lokal,Gula Pasir,Nusa Tenggara Timur,-10.1772,123.607,Rendah,"Salah satu provinsi tetangga berubah +0,5% dalam 7 hari | Harga di provinsi tetangga berubah rata-rata +0,6% dalam 14 hari | Sudah lebih dari 4 bulan setelah Idulfitri (pola musiman)","[{""feature"": ""nbr_ret_7_max"", ""shap"": 0.05354810930924308, ""value"": 0.0052770571783185005, ""text"": ""Salah satu provinsi tetangga berubah +0,5% dalam 7 hari""}, {""feature"": ""nbr_ret_14_mean"", ""shap"": 0.046433404138270566, ""value"": 0.0062575130723416805, ""text"": ""Harga di provinsi tetangga berubah rata-rata +0,6% dalam 14 hari""}, {""feature"": ""days_since_idulfitri"", ""shap"": 0.013383644566952284, ""value"": 120.0, ""text"": ""Sudah lebih dari 4 bulan setelah Idulfitri (pola musiman)""}]"
2026-10-07,com_21,20,0.0011893606997014634,0,0.0,-0.0102565,Gula Pasir Lokal,Gula Pasir,Kalimantan Barat,-0.0263,109.3425,Rendah,"Salah satu provinsi tetangga berubah +0,8% dalam 7 hari | Provinsi ""pemimpin"" (biasanya naik duluan) berubah rata-rata +0,5% dalam 14 hari | Curah hujan 30 hari (30–60 hari lalu) -1,3 SD dari normal","[{""feature"": ""nbr_ret_7_max"", ""shap"": 0.04006560373960385, ""value"": 0.007662872783839703, ""text"": ""Salah satu provinsi tetangga berubah +0,8% dalam 7 hari""}, {""feature"": ""lead_ret_14_mean"", ""shap"": 0.029625922655069758, ""value"": 0.004498493857681751, ""text"": ""Provinsi \""pemimpin\"" (biasanya naik duluan) berubah rata-rata +0,5% dalam 14 hari""}, {""feature"": ""rain_30_anom_lag30"", ""shap"": 0.02866356763480673, ""value"": -1.2946429252624512, ""text"": ""Curah hujan 30 hari (30–60 hari lalu) -1,3 SD dari normal""}]"
2026-10-07,com_21,21,0.0021459620474640396,0,-0.0026455026,-0.002649008,Gula Pasir Lokal,Gula Pasir,Kalimantan Selatan,-3.3186,114.5944,Rendah,"Salah satu provinsi tetangga berubah +1,0% dalam 7 hari | Harga 2,4% lebih murah dari provinsi tetangga (berpotensi menyusul naik) | Harga di provinsi tetangga berubah rata-rata +0,6% dalam 7 hari","[{""feature"": ""nbr_ret_7_max"", ""shap"": 0.11477795409062794, ""value"": 0.010204169899225235, ""text"": ""Salah satu provinsi tetangga berubah +1,0% dalam 7 hari""}, {""feature"": ""nbr_rel_price"", ""shap"": 0.08337958656110782, ""value"": -0.02410627156496048, ""text"": ""Harga 2,4% lebih murah dari provinsi tetangga (berpotensi menyusul naik)""}, {""feature"": ""nbr_ret_7_mean"", ""shap"": 0.029612738790499655, ""value"": 0.005955681204795837, ""text"": ""Harga di provinsi tetangga berubah rata-rata +0,6% dalam 7 hari""}]"
2026-10-07,com_21,22,0.0016806755853554824,0,0.0076923077,0.007662873,Gula Pasir Lokal,Gula Pasir,Kalimantan Tengah,-2.2161,113.9135,Rendah,"Harga pedagang besar +0,8% dalam 14 hari terakhir | Salah satu provinsi tetangga berubah +1,0% dalam 7 hari | Harga +1,4 SD dari rata-rata 30 hari terakhir","[{""feature"": ""ret_14_whole"", ""shap"": 0.09910753476666091, ""value"": 0.00839165784418583, ""text"": ""Harga pedagang besar +0,8% dalam 14 hari terakhir""}, {""feature"": ""nbr_ret_7_max"", ""shap"": 0.07390211234079072, ""value"": 0.010204169899225235, ""text"": ""Salah satu provinsi tetangga berubah +1,0% dalam 7 hari""}, {""feature"": ""z_30"", ""shap"": 0.06049893689897602, ""value"": 1.4469166994094849, ""text"": ""Harga +1,4 SD dari rata-rata 30 hari terakhir""}]"
2026-10-07,com_21,23,0.0017308035653396075,0,0.0,0.01020417,Gula Pasir Lokal,Gula Pasir,Kalimantan Timur,-0.5022,117.1536,Rendah,"Harga +1,0% dalam 7 hari terakhir | Curah hujan 30 hari (30–60 hari lalu) -1,6 SD dari normal | Harga +1,1 SD dari rata-rata 30 hari terakhir","[{""feature"": ""ret_7"", ""shap"": 0.0950385746113733, ""value"": 0.010204169899225235, ""text"": ""Harga +1,0% dalam 7 hari terakhir""}, {""feature"": ""rain_30_anom_lag30"", ""shap"": 0.04444611632450777, ""value"": -1.6460604667663574, ""text"": ""Curah hujan 30 hari (30–60 hari lalu) -1,6 SD dari normal""}, {""feature"": ""z_30"", ""shap"": 0.03063079830786, ""value"": 1.0510765314102173, ""text"": ""Harga +1,1 SD dari rata-rata 30 hari terakhir""}]"
2026-10-07,com_21,24,0.0013762236391486183,0,0.0,0.0,Gula Pasir Lokal,Gula Pasir,Kalimantan Utara,2.8375,117.3653,Rendah,"Salah satu provinsi tetangga berubah +1,0% dalam 7 hari | Curah hujan 30 hari (30–60 hari lalu) -1,8 SD dari normal | Harga di provinsi tetangga berubah rata-rata +0,5% dalam 7 hari","[{""feature"": ""nbr_ret_7_max"", ""shap"": 0.09782929939835157, ""value"": 0.010204169899225235, ""text"": ""Salah satu provinsi tetangga berubah +1,0% dalam 7 hari""}, {""feature"": ""rain_30_anom_lag30"", ""shap"": 0.051454602798168686, ""value"": -1.7519081830978394, ""text"": ""Curah hujan 30 hari (30–60 hari lalu) -1,8 SD dari normal""}, {""feature"": ""nbr_ret_7_mean"", ""shap"": 0.02168163705892645, ""value"": 0.005072237458080053, ""text"": ""Harga di provinsi tetangga berubah rata-rata +0,5% dalam 7 hari""}]"
2026-10-07,com_21,25,0.0016484722626056933,0,0.0,0.0,Gula Pasir Lokal,Gula Pasir,Gorontalo,0.5435,123.0568,Rendah,"Harga +0,9 SD dari rata-rata 30 hari terakhir | Salah satu provinsi tetangga berubah +0,5% dalam 7 hari | Harga pedagang besar +0,6% dalam 14 hari terakhir","[{""feature"": ""z_30"", ""shap"": 0.05100256001916407, ""value"": 0.8597765564918518, ""text"": ""Harga +0,9 SD dari rata-rata 30 hari terakhir""}, {""feature"": ""nbr_ret_7_max"", ""shap"": 0.04695408039340089, ""value"": 0.005012542009353638, ""text"": ""Salah satu provinsi tetangga berubah +0,5% dalam 7 hari""}, {""feature"": ""ret_14_whole"", ""shap"": 0.04165770090203787, ""value"": 0.005524876061826944, ""text"": ""Harga pedagang besar +0,6% dalam 14 hari terakhir""}]"
2026-10-07,com_21,26,0.003927249458870332,0,0.013586956,0.0,Gula Pasir Lokal,Gula Pasir,Sulawesi Selatan,-5.1477,119.4327,Rendah,"Provinsi ""pemimpin"" (biasanya naik duluan) berubah rata-rata +0,5% dalam 7 hari | Harga +1,1% dalam 3 hari terakhir | Harga sedang bergejolak: rata-rata ±0,5% per hari (14 hari terakhir)","[{""feature"": ""lead_ret_7_mean"", ""shap"": 0.16495666663016725, ""value"": 0.0045600347220897675, ""text"": ""Provinsi \""pemimpin\"" (biasanya naik duluan) berubah rata-rata +0,5% dalam 7 hari""}, {""feature"": ""ret_3"", ""shap"": 0.15561751263367274, ""value"": 0.01078177522867918, ""text"": ""Harga +1,1% dalam 3 hari terakhir""}, {""feature"": ""vol_14"", ""shap"": 0.11998212825352322, ""value"": 0.005137308035045862, ""text"": ""Harga sedang bergejolak: rata-rata ±0,5% per hari (14 hari terakhir)""}]"
2026-10-07,com_21,27,0.0008970864520133529,0,0.0,0.0,Gula Pasir Lokal,Gula Pasir,Sulawesi Tenggara,-3.9985,122.513,Rendah,"Salah satu provinsi tetangga berubah +0,5% dalam 7 hari | Harga di provinsi tetangga berubah rata-rata +0,6% dalam 14 hari | Sudah lebih dari 4 bulan setelah Idulfitri (pola musiman)","[{""feature"": ""nbr_ret_7_max"", ""shap"": 0.051787669422684875, ""value"": 0.005012542009353638, ""text"": ""Salah satu provinsi tetangga berubah +0,5% dalam 7 hari""}, {""feature"": ""nbr_ret_14_mean"", ""shap"": 0.03996371842529404, ""value"": 0.006169341038912535, ""text"": ""Harga di provinsi tetangga berubah rata-rata +0,6% dalam 14 hari""}, {""feature"": ""days_since_idulfitri"", ""shap"": 0.015889840736414026, ""value"": 120.0, ""text"": ""Sudah lebih dari 4 bulan setelah Idulfitri (pola musiman)""}]"
2026-10-07,com_21,28,0.0019899433915318595,0,0.0050251256,0.005012542,Gula Pasir Lokal,Gula Pasir,Sulawesi Tengah,-0.8917,119.8707,Rendah,"Harga +2,0 SD dari rata-rata 30 hari terakhir | Salah satu provinsi tetangga berubah +1,0% dalam 7 hari | Harga pedagang besar +0,6% dalam 14 hari terakhir","[{""feature"": ""z_30"", ""shap"": 0.09302975253390153, ""value"": 1.9663841724395752, ""text"": ""Harga +2,0 SD dari rata-rata 30 hari terakhir""}, {""feature"": ""nbr_ret_7_max"", ""shap"": 0.0699319070852285, ""value"": 0.010204169899225235, ""text"": ""Salah satu provinsi tetangga berubah +1,0% dalam 7 hari""}, {""feature"": ""ret_14_whole"", ""shap"": 0.04251209927311518, ""value"": 0.0054945191368460655, ""text"": ""Harga pedagang besar +0,6% dalam 14 hari terakhir""}]"
2026-10-07,com_21,29,0.004768928145897076,0,0.0050251256,0.0,Gula Pasir Lokal,Gula Pasir,Sulawesi Utara,1.4748,124.8421,Rendah,"Provinsi ""pemimpin"" (biasanya naik duluan) berubah rata-rata +0,6% dalam 14 hari | Harga 2,7% lebih murah dari provinsi tetangga (berpotensi menyusul naik) | Harga +1,6 SD dari rata-rata 30 hari terakhir","[{""feature"": ""lead_ret_14_mean"", ""shap"": 0.3683169506836926, ""value"": 0.006309291813522577, ""text"": ""Provinsi \""pemimpin\"" (biasanya naik duluan) berubah rata-rata +0,6% dalam 14 hari""}, {""feature"": ""nbr_rel_price"", ""shap"": 0.1310880935220307, ""value"": -0.02692440338432789, ""text"": ""Harga 2,7% lebih murah dari provinsi tetangga (berpotensi menyusul naik)""}, {""feature"": ""z_30"", ""shap"": 0.07605972737333756, ""value"": 1.6304396390914917, ""text"": ""Harga +1,6 SD dari rata-rata 30 hari terakhir""}]"
2026-10-07,com_21,30,0.002537753032413852,0,0.0,0.0,Gula Pasir Lokal,Gula Pasir,Sulawesi Barat,-2.6748,118.8885,Rendah,"Harga 4,3% lebih murah dari provinsi tetangga (berpotensi menyusul naik) | Salah satu provinsi tetangga berubah +1,0% dalam 7 hari | Harga di provinsi tetangga berubah rata-rata +0,6% dalam 14 hari","[{""feature"": ""nbr_rel_price"", ""shap"": 0.1453172282358643, ""value"": -0.04423743858933449, ""text"": ""Harga 4,3% lebih murah dari provinsi tetangga (berpotensi menyusul naik)""}, {""feature"": ""nbr_ret_7_max"", ""shap"": 0.09294470348612136, ""value"": 0.010204169899225235, ""text"": ""Salah satu provinsi tetangga berubah +1,0% dalam 7 hari""}, {""feature"": ""nbr_ret_14_mean"", ""shap"": 0.05023152479783378, ""value"": 0.006169341038912535, ""text"": ""Harga di provinsi tetangga berubah rata-rata +0,6% dalam 14 hari""}]"
2026-10-07,com_21,31,0.0009118749100138757,0,0.0,0.0,Gula Pasir Lokal,Gula Pasir,Maluku,-3.6954,128.1814,Rendah,"Harga +0,5 SD dari rata-rata 30 hari terakhir | Sudah lebih dari 4 bulan setelah Idulfitri (pola musiman) | Sudah lebih dari 4 bulan setelah Iduladha (pola musiman)","[{""feature"": ""z_30"", ""shap"": 0.04106282138630953, ""value"": 0.4915960431098938, ""text"": ""Harga +0,5 SD dari rata-rata 30 hari terakhir""}, {""feature"": ""days_since_idulfitri"", ""shap"": 0.013690666288818692, ""value"": 120.0, ""text"": ""Sudah lebih dari 4 bulan setelah Idulfitri (pola musiman)""}, {""feature"": ""days_since_iduladha"", ""shap"": 0.00792629323854899, ""value"": 120.0, ""text"": ""Sudah lebih dari 4 bulan setelah Iduladha (pola musiman)""}]"
2026-10-07,com_21,32,0.0012443938532132207,0,0.0,0.0,Gula Pasir Lokal,Gula Pasir,Maluku Utara,0.7893,127.3842,Rendah,"Sudah lebih dari 4 bulan setelah Iduladha (pola musiman) | Sudah lebih dari 4 bulan setelah Idulfitri (pola musiman) | Curah hujan 30 hari (30–60 hari lalu) -1,2 SD dari normal","[{""feature"": ""days_since_iduladha"", ""shap"": 0.014792557588159883, ""value"": 120.0, ""text"": ""Sudah lebih dari 4 bulan setelah Iduladha (pola musiman)""}, {""feature"": ""days_since_idulfitri"", ""shap"": 0.014239731253465747, ""value"": 120.0, ""text"": ""Sudah lebih dari 4 bulan setelah Idulfitri (pola musiman)""}, {""feature"": ""rain_30_anom_lag30"", ""shap"": 0.008963826928636972, ""value"": -1.2183282375335693, ""text"": ""Curah hujan 30 hari (30–60 hari lalu) -1,2 SD dari normal""}]"
2026-10-07,com_21,33,0.0011505965119048519,0,0.0,0.0,Gula Pasir Lokal,Gula Pasir,Papua,-2.5337,140.7181,Rendah,"Curah hujan 30 hari (30–60 hari lalu) -1,4 SD dari normal | Sudah lebih dari 4 bulan setelah Iduladha (pola musiman) | Sudah lebih dari 4 bulan setelah Idulfitri (pola musiman)","[{""feature"": ""rain_30_anom_lag30"", ""shap"": 0.03831128744862314, ""value"": -1.376806616783142, ""text"": ""Curah hujan 30 hari (30–60 hari lalu) -1,4 SD dari normal""}, {""feature"": ""days_since_iduladha"", ""shap"": 0.029475500215764287, ""value"": 120.0, ""text"": ""Sudah lebih dari 4 bulan setelah Iduladha (pola musiman)""}, {""feature"": ""days_since_idulfitri"", ""shap"": 0.012817181043304988, ""value"": 120.0, ""text"": ""Sudah lebih dari 4 bulan setelah Idulfitri (pola musiman)""}]"
2026-10-07,com_21,34,0.004125864523789204,0,-0.012345679,0.0,Gula Pasir Lokal,Gula Pasir,Papua Barat,-0.8615,134.062,Rendah,"Harga 4,7% lebih murah dari provinsi tetangga (berpotensi menyusul naik) | Provinsi ""pemimpin"" (biasanya naik duluan) berubah rata-rata +0,4% dalam 14 hari | Sudah lebih dari 4 bulan setelah Idulfitri (pola musiman)","[{""feature"": ""nbr_rel_price"", ""shap"": 0.21497119844584456, ""value"": -0.047874320298433304, ""text"": ""Harga 4,7% lebih murah dari provinsi tetangga (berpotensi menyusul naik)""}, {""feature"": ""lead_ret_14_mean"", ""shap"": 0.021672602545614136, ""value"": 0.0036545523907989264, ""text"": ""Provinsi \""pemimpin\"" (biasanya naik duluan) berubah rata-rata +0,4% dalam 14 hari""}, {""feature"": ""days_since_idulfitri"", ""shap"": 0.012449509727488779, ""value"": 120.0, ""text"": ""Sudah lebih dari 4 bulan setelah Idulfitri (pola musiman)""}]"
