date,precip_mm
1991-01-01,9.42
1991-01-02,6.75
1991-01-03,3.95
1991-01-04,20.35
1991-01-05,22.98
1991-01-06,10.72
1991-01-07,1.32
1991-01-08,0.23
1991-01-09,0.22
1991-01-10,0.88
1991-01-11,4.27
1991-01-12,5.62
1991-01-13,4.77
1991-01-14,11.58
1991-01-15,8.1
1991-01-16,4.22
1991-01-17,8.43
1991-01-18,16.79
1991-01-19,13.55
1991-01-20,6.12
1991-01-21,10.86
1991-01-22,8.92
1991-01-23,20.02
1991-01-24,2.8
1991-01-25,1.92
1991-01-26,4.91
1991-01-27,10.75
1991-01-28,7.93
1991-01-29,5.47
1991-01-30,3.55
1991-01-31,8.36
1991-02-01,5.25
1991-02-02,11.49
1991-02-03,15.92
1991-02-04,9.81
1991-02-05,10.35
1991-02-06,11.99
1991-02-07,7.88
1991-02-08,2.64
1991-02-09,5.0
1991-02-10,2.11
1991-02-11,4.01
1991-02-12,3.34
1991-02-13,1.91
1991-02-14,4.6
1991-02-15,4.55
1991-02-16,3.88
1991-02-17,18.07
1991-02-18,11.94
1991-02-19,2.48
1991-02-20,0.96
1991-02-21,0.22
1991-02-22,1.95
1991-02-23,1.78
1991-02-24,1.63
1991-02-25,2.12
1991-02-26,1.36
1991-02-27,3.85
1991-02-28,13.82
1991-03-01,3.58
1991-03-02,0.61
1991-03-03,0.46
1991-03-04,0.02
1991-03-05,0.0
1991-03-06,0.1
1991-03-07,0.83
1991-03-08,3.67
1991-03-09,4.01
1991-03-10,0.6
1991-03-11,1.91
1991-03-12,8.33
1991-03-13,35.65
1991-03-14,15.71
1991-03-15,10.68
1991-03-16,7.48
1991-03-17,3.1
1991-03-18,5.59
1991-03-19,16.14
1991-03-20,15.92
1991-03-21,5.66
1991-03-22,4.28
1991-03-23,9.12
1991-03-24,12.44
1991-03-25,2.67
1991-03-26,7.2
1991-03-27,1.44
1991-03-28,5.48
1991-03-29,8.65
1991-03-30,9.48
1991-03-31,11.61
1991-04-01,9.64
1991-04-02,13.6
1991-04-03,2.2
1991-04-04,1.91
1991-04-05,1.87
1991-04-06,2.9
1991-04-07,1.86
1991-04-08,3.72
1991-04-09,2.87
1991-04-10,1.34
1991-04-11,1.39
1991-04-12,17.29
1991-04-13,0.94
1991-04-14,5.42
1991-04-15,3.36
1991-04-16,5.91
1991-04-17,5.09
1991-04-18,6.44
1991-04-19,1.9
1991-04-20,8.83
1991-04-21,8.53
1991-04-22,9.36
1991-04-23,2.02
1991-04-24,3.64
1991-04-25,3.58
1991-04-26,4.48
1991-04-27,0.69
1991-04-28,0.68
1991-04-29,2.48
1991-04-30,1.54
1991-05-01,1.54
1991-05-02,2.2
1991-05-03,1.09
1991-05-04,2.92
1991-05-05,11.73
1991-05-06,2.57
1991-05-07,6.24
1991-05-08,3.38
1991-05-09,20.18
1991-05-10,11.93
1991-05-11,4.59
1991-05-12,1.7
1991-05-13,3.37
1991-05-14,2.95
1991-05-15,2.16
1991-05-16,5.16
1991-05-17,7.19
1991-05-18,9.2
1991-05-19,8.94
1991-05-20,13.27
1991-05-21,9.86
1991-05-22,3.35
1991-05-23,3.34
1991-05-24,3.72
1991-05-25,9.75
1991-05-26,1.62
1991-05-27,9.66
1991-05-28,5.19
1991-05-29,3.46
1991-05-30,17.29
1991-05-31,12.27
1991-06-01,6.3
1991-06-02,13.81
1991-06-03,18.78
1991-06-04,29.14
1991-06-05,7.6
1991-06-06,0.8
1991-06-07,1.92
1991-06-08,0.74
1991-06-09,0.44
1991-06-10,0.06
1991-06-11,0.02
1991-06-12,0.42
1991-06-13,0.25
1991-06-14,0.03
1991-06-15,0.42
1991-06-16,0.46
1991-06-17,1.49
1991-06-18,0.7
1991-06-19,0.24
1991-06-20,0.08
1991-06-21,0.14
1991-06-22,0.09
1991-06-23,0.08
1991-06-24,0.09
1991-06-25,0.36
1991-06-26,1.32
1991-06-27,0.86
1991-06-28,0.77
1991-06-29,0.35
1991-06-30,0.02
1991-07-01,0.22
1991-07-02,0.08
1991-07-03,0.32
1991-07-04,0.93
1991-07-05,0.06
1991-07-06,0.12
1991-07-07,3.21
1991-07-08,5.8
1991-07-09,0.0
1991-07-10,0.49
1991-07-11,0.04
1991-07-12,0.23
1991-07-13,0.22
1991-07-14,0.2
1991-07-15,1.24
1991-07-16,3.28
1991-07-17,1.01
1991-07-18,0.61
1991-07-19,1.71
1991-07-20,1.02
1991-07-21,0.17
1991-07-22,1.17
1991-07-23,2.03
1991-07-24,2.33
1991-07-25,0.57
1991-07-26,0.1
1991-07-27,1.58
1991-07-28,1.11
1991-07-29,0.13
1991-07-30,0.18
1991-07-31,0.14
1991-08-01,1.04
1991-08-02,2.49
1991-08-03,0.03
1991-08-04,0.0
1991-08-05,0.03
1991-08-06,0.22
1991-08-07,0.77
1991-08-08,1.99
1991-08-09,0.71
1991-08-10,0.0
1991-08-11,0.03
1991-08-12,0.06
1991-08-13,0.01
1991-08-14,0.01
1991-08-15,0.03
1991-08-16,0.0
1991-08-17,0.0
1991-08-18,0.01
1991-08-19,0.01
1991-08-20,0.01
1991-08-21,0.91
1991-08-22,0.08
1991-08-23,0.09
1991-08-24,0.46
1991-08-25,0.16
1991-08-26,0.0
1991-08-27,0.03
1991-08-28,0.22
1991-08-29,0.34
1991-08-30,0.09
1991-08-31,2.28
1991-09-01,7.88
1991-09-02,2.86
1991-09-03,2.97
1991-09-04,0.18
1991-09-05,0.0
1991-09-06,0.03
1991-09-07,0.0
1991-09-08,0.0
1991-09-09,0.0
1991-09-10,0.11
1991-09-11,0.05
1991-09-12,0.0
1991-09-13,0.0
1991-09-14,0.0
1991-09-15,0.03
1991-09-16,0.07
1991-09-17,0.67
1991-09-18,1.46
1991-09-19,0.0
1991-09-20,0.0
1991-09-21,1.54
1991-09-22,1.78
1991-09-23,2.15
1991-09-24,0.09
1991-09-25,0.01
1991-09-26,0.0
1991-09-27,0.15
1991-09-28,1.02
1991-09-29,0.06
1991-09-30,0.02
1991-10-01,0.04
1991-10-02,0.41
1991-10-03,1.33
1991-10-04,0.02
1991-10-05,0.0
1991-10-06,0.02
1991-10-07,0.0
1991-10-08,0.32
1991-10-09,0.0
1991-10-10,0.41
1991-10-11,17.48
1991-10-12,1.02
1991-10-13,7.6
1991-10-14,6.35
1991-10-15,0.85
1991-10-16,0.28
1991-10-17,0.22
1991-10-18,6.11
1991-10-19,1.86
1991-10-20,0.35
1991-10-21,0.24
1991-10-22,0.43
1991-10-23,0.72
1991-10-24,0.2
1991-10-25,0.06
1991-10-26,0.02
1991-10-27,0.0
1991-10-28,0.5
1991-10-29,1.05
1991-10-30,2.76
1991-10-31,0.49
1991-11-01,0.62
1991-11-02,0.64
1991-11-03,1.54
1991-11-04,2.97
1991-11-05,3.88
1991-11-06,9.99
1991-11-07,3.71
1991-11-08,9.08
1991-11-09,26.62
1991-11-10,6.12
1991-11-11,1.75
1991-11-12,3.78
1991-11-13,6.3
1991-11-14,11.11
1991-11-15,9.09
1991-11-16,17.11
1991-11-17,13.8
1991-11-18,2.13
1991-11-19,2.23
1991-11-20,2.46
1991-11-21,1.93
1991-11-22,2.93
1991-11-23,5.6
1991-11-24,7.83
1991-11-25,10.16
1991-11-26,10.06
1991-11-27,6.17
1991-11-28,5.42
1991-11-29,11.05
1991-11-30,29.91
1991-12-01,12.97
1991-12-02,22.68
1991-12-03,21.65
1991-12-04,8.58
1991-12-05,23.56
1991-12-06,29.29
1991-12-07,7.75
1991-12-08,12.69
1991-12-09,20.33
1991-12-10,13.29
1991-12-11,10.18
1991-12-12,5.04
1991-12-13,0.99
1991-12-14,0.98
1991-12-15,1.38
1991-12-16,10.18
1991-12-17,10.39
1991-12-18,5.21
1991-12-19,10.16
1991-12-20,6.09
1991-12-21,14.11
1991-12-22,17.07
1991-12-23,5.29
1991-12-24,2.33
1991-12-25,10.42
1991-12-26,6.06
1991-12-27,18.58
1991-12-28,6.5
1991-12-29,16.11
1991-12-30,5.25
1991-12-31,4.79
1992-01-01,4.02
1992-01-02,3.32
1992-01-03,8.83
1992-01-04,12.86
1992-01-05,4.67
1992-01-06,3.38
1992-01-07,7.67
1992-01-08,1.82
1992-01-09,0.39
1992-01-10,1.8
1992-01-11,0.53
1992-01-12,0.44
1992-01-13,0.54
1992-01-14,0.99
1992-01-15,4.15
1992-01-16,7.24
1992-01-17,3.18
1992-01-18,5.05
1992-01-19,3.35
1992-01-20,1.13
1992-01-21,0.01
1992-01-22,0.99
1992-01-23,6.99
1992-01-24,3.95
1992-01-25,1.67
1992-01-26,1.51
1992-01-27,1.13
1992-01-28,4.68
1992-01-29,6.88
1992-01-30,1.76
1992-01-31,3.51
1992-02-01,10.34
1992-02-02,24.77
1992-02-03,6.49
1992-02-04,1.89
1992-02-05,12.29
1992-02-06,5.59
1992-02-07,2.25
1992-02-08,3.52
1992-02-09,3.45
1992-02-10,7.55
1992-02-11,6.54
1992-02-12,3.01
1992-02-13,3.06
1992-02-14,11.06
1992-02-15,0.37
1992-02-16,1.4
1992-02-17,5.6
1992-02-18,13.52
1992-02-19,4.22
1992-02-20,11.19
1992-02-21,10.13
1992-02-22,2.12
1992-02-23,0.22
1992-02-24,0.82
1992-02-25,1.0
1992-02-26,2.62
1992-02-27,1.33
1992-02-28,0.81
1992-02-29,15.9
1992-03-01,6.8
1992-03-02,2.19
1992-03-03,1.02
1992-03-04,1.09
1992-03-05,1.99
1992-03-06,4.72
1992-03-07,1.66
1992-03-08,2.15
1992-03-09,5.59
1992-03-10,3.24
1992-03-11,0.73
1992-03-12,2.24
1992-03-13,4.86
1992-03-14,3.83
1992-03-15,5.31
1992-03-16,3.45
1992-03-17,0.92
1992-03-18,0.54
1992-03-19,5.14
1992-03-20,1.86
1992-03-21,1.0
1992-03-22,0.95
1992-03-23,5.49
1992-03-24,3.62
1992-03-25,0.97
1992-03-26,3.0
1992-03-27,1.74
1992-03-28,4.87
1992-03-29,3.91
1992-03-30,6.03
1992-03-31,4.78
1992-04-01,11.7
1992-04-02,2.84
1992-04-03,3.1
1992-04-04,27.23
1992-04-05,8.07
1992-04-06,4.06
1992-04-07,4.98
1992-04-08,3.77
1992-04-09,3.66
1992-04-10,3.37
1992-04-11,5.27
1992-04-12,3.42
1992-04-13,0.96
1992-04-14,3.96
1992-04-15,4.22
1992-04-16,1.41
1992-04-17,1.12
1992-04-18,1.39
1992-04-19,2.72
1992-04-20,1.33
1992-04-21,1.83
1992-04-22,1.17
1992-04-23,0.45
1992-04-24,0.9
1992-04-25,1.5
1992-04-26,4.59
1992-04-27,3.1
1992-04-28,3.23
1992-04-29,5.84
1992-04-30,3.16
1992-05-01,3.08
1992-05-02,7.49
1992-05-03,16.82
1992-05-04,8.58
1992-05-05,3.0
1992-05-06,2.24
1992-05-07,4.24
1992-05-08,9.84
1992-05-09,2.73
1992-05-10,6.17
1992-05-11,3.59
1992-05-12,4.82
1992-05-13,4.74
1992-05-14,2.52
1992-05-15,3.32
1992-05-16,2.36
1992-05-17,3.41
1992-05-18,1.5
1992-05-19,1.15
1992-05-20,1.63
1992-05-21,2.29
1992-05-22,1.59
1992-05-23,0.06
1992-05-24,0.37
1992-05-25,0.18
1992-05-26,2.14
1992-05-27,1.0
1992-05-28,2.28
1992-05-29,1.0
1992-05-30,3.44
1992-05-31,3.07
1992-06-01,4.85
1992-06-02,1.91
1992-06-03,3.43
1992-06-04,2.16
1992-06-05,2.64
1992-06-06,3.92
1992-06-07,2.77
1992-06-08,5.42
1992-06-09,6.52
1992-06-10,6.68
1992-06-11,2.08
1992-06-12,8.85
1992-06-13,4.54
1992-06-14,2.45
1992-06-15,1.77
1992-06-16,2.12
1992-06-17,0.85
1992-06-18,0.41
1992-06-19,1.01
1992-06-20,4.96
1992-06-21,2.4
1992-06-22,0.04
1992-06-23,0.01
1992-06-24,0.12
1992-06-25,0.44
1992-06-26,0.06
1992-06-27,0.14
1992-06-28,0.16
1992-06-29,0.88
1992-06-30,2.01
1992-07-01,2.24
1992-07-02,1.39
1992-07-03,1.41
1992-07-04,1.18
1992-07-05,1.05
1992-07-06,1.55
1992-07-07,2.62
1992-07-08,3.25
1992-07-09,2.41
1992-07-10,4.28
1992-07-11,5.55
1992-07-12,6.11
1992-07-13,5.83
1992-07-14,1.9
1992-07-15,21.9
1992-07-16,9.71
1992-07-17,22.61
1992-07-18,16.12
1992-07-19,10.22
1992-07-20,2.56
1992-07-21,1.47
1992-07-22,4.79
1992-07-23,0.75
1992-07-24,0.58
1992-07-25,0.26
1992-07-26,1.87
1992-07-27,2.3
1992-07-28,19.84
1992-07-29,9.48
1992-07-30,0.49
1992-07-31,0.35
1992-08-01,2.19
1992-08-02,0.93
1992-08-03,1.34
1992-08-04,3.2
1992-08-05,0.9
1992-08-06,0.13
1992-08-07,0.0
1992-08-08,0.05
1992-08-09,0.0
1992-08-10,0.04
1992-08-11,0.05
1992-08-12,0.05
1992-08-13,0.94
1992-08-14,2.17
1992-08-15,0.34
1992-08-16,3.17
1992-08-17,3.18
1992-08-18,0.28
1992-08-19,1.09
1992-08-20,0.42
1992-08-21,7.47
1992-08-22,13.59
1992-08-23,6.82
1992-08-24,3.5
1992-08-25,2.88
1992-08-26,26.77
1992-08-27,3.19
1992-08-28,1.95
1992-08-29,1.39
1992-08-30,1.14
1992-08-31,2.43
1992-09-01,4.11
1992-09-02,2.06
1992-09-03,3.23
1992-09-04,1.65
1992-09-05,3.87
1992-09-06,0.81
1992-09-07,1.22
1992-09-08,2.59
1992-09-09,0.78
1992-09-10,0.72
1992-09-11,1.76
1992-09-12,3.0
1992-09-13,6.51
1992-09-14,6.56
1992-09-15,3.2
1992-09-16,1.94
1992-09-17,0.41
1992-09-18,1.35
1992-09-19,2.84
1992-09-20,1.47
1992-09-21,0.68
1992-09-22,2.15
1992-09-23,5.44
1992-09-24,4.86
1992-09-25,14.2
1992-09-26,7.01
1992-09-27,2.76
1992-09-28,0.0
1992-09-29,0.0
1992-09-30,13.13
1992-10-01,23.17
1992-10-02,6.76
1992-10-03,2.91
1992-10-04,6.35
1992-10-05,3.92
1992-10-06,0.92
1992-10-07,4.91
1992-10-08,12.26
1992-10-09,8.51
1992-10-10,17.77
1992-10-11,5.0
1992-10-12,6.38
1992-10-13,1.28
1992-10-14,0.85
1992-10-15,1.61
1992-10-16,1.8
1992-10-17,1.79
1992-10-18,2.31
1992-10-19,3.15
1992-10-20,6.47
1992-10-21,3.34
1992-10-22,10.44
1992-10-23,6.37
1992-10-24,4.17
1992-10-25,4.26
1992-10-26,13.6
1992-10-27,8.98
1992-10-28,10.89
1992-10-29,7.45
1992-10-30,6.44
1992-10-31,6.97
1992-11-01,7.08
1992-11-02,10.22
1992-11-03,5.94
1992-11-04,3.68
1992-11-05,10.22
1992-11-06,12.52
1992-11-07,15.28
1992-11-08,8.97
1992-11-09,5.82
1992-11-10,31.91
1992-11-11,12.22
1992-11-12,2.53
1992-11-13,3.43
1992-11-14,0.3
1992-11-15,1.66
1992-11-16,3.78
1992-11-17,5.35
1992-11-18,11.11
1992-11-19,7.7
1992-11-20,10.26
1992-11-21,8.16
1992-11-22,4.63
1992-11-23,11.97
1992-11-24,12.75
1992-11-25,40.5
1992-11-26,30.99
1992-11-27,30.95
1992-11-28,7.0
1992-11-29,17.14
1992-11-30,10.63
1992-12-01,17.3
1992-12-02,9.53
1992-12-03,33.44
1992-12-04,16.35
1992-12-05,17.56
1992-12-06,12.9
1992-12-07,3.86
1992-12-08,4.56
1992-12-09,2.47
1992-12-10,6.03
1992-12-11,4.72
1992-12-12,13.24
1992-12-13,5.74
1992-12-14,19.43
1992-12-15,15.75
1992-12-16,12.5
1992-12-17,16.35
1992-12-18,18.54
1992-12-19,14.4
1992-12-20,15.82
1992-12-21,4.97
1992-12-22,7.15
1992-12-23,4.98
1992-12-24,2.85
1992-12-25,0.79
1992-12-26,0.82
1992-12-27,4.44
1992-12-28,22.67
1992-12-29,12.87
1992-12-30,9.24
1992-12-31,13.23
1993-01-01,12.25
1993-01-02,8.29
1993-01-03,12.26
1993-01-04,20.71
1993-01-05,15.83
1993-01-06,7.87
1993-01-07,6.56
1993-01-08,3.21
1993-01-09,5.62
1993-01-10,1.07
1993-01-11,7.68
1993-01-12,4.48
1993-01-13,1.58
1993-01-14,9.1
1993-01-15,12.35
1993-01-16,10.79
1993-01-17,18.66
1993-01-18,28.79
1993-01-19,4.95
1993-01-20,3.63
1993-01-21,26.19
1993-01-22,26.95
1993-01-23,4.15
1993-01-24,15.2
1993-01-25,5.5
1993-01-26,0.42
1993-01-27,0.11
1993-01-28,2.81
1993-01-29,5.88
1993-01-30,2.31
1993-01-31,0.62
1993-02-01,0.9
1993-02-02,6.46
1993-02-03,12.2
1993-02-04,9.04
1993-02-05,2.09
1993-02-06,0.49
1993-02-07,0.49
1993-02-08,0.23
1993-02-09,0.09
1993-02-10,0.03
1993-02-11,3.42
1993-02-12,5.43
1993-02-13,3.6
1993-02-14,14.73
1993-02-15,0.43
1993-02-16,4.12
1993-02-17,0.5
1993-02-18,0.33
1993-02-19,0.3
1993-02-20,0.11
1993-02-21,7.55
1993-02-22,1.71
1993-02-23,0.24
1993-02-24,0.21
1993-02-25,0.77
1993-02-26,1.8
1993-02-27,17.13
1993-02-28,10.62
1993-03-01,4.81
1993-03-02,11.37
1993-03-03,15.43
1993-03-04,9.78
1993-03-05,0.16
1993-03-06,2.0
1993-03-07,2.66
1993-03-08,18.34
1993-03-09,21.57
1993-03-10,11.91
1993-03-11,10.66
1993-03-12,5.65
1993-03-13,4.58
1993-03-14,15.59
1993-03-15,11.09
1993-03-16,2.6
1993-03-17,1.57
1993-03-18,0.5
1993-03-19,0.8
1993-03-20,0.45
1993-03-21,0.65
1993-03-22,0.52
1993-03-23,3.46
1993-03-24,2.94
1993-03-25,10.91
1993-03-26,19.21
1993-03-27,17.34
1993-03-28,3.8
1993-03-29,8.95
1993-03-30,11.34
1993-03-31,4.43
1993-04-01,3.27
1993-04-02,7.96
1993-04-03,5.23
1993-04-04,4.09
1993-04-05,2.87
1993-04-06,3.41
1993-04-07,5.05
1993-04-08,6.12
1993-04-09,2.74
1993-04-10,1.74
1993-04-11,11.24
1993-04-12,6.77
1993-04-13,8.01
1993-04-14,13.25
1993-04-15,7.77
1993-04-16,3.31
1993-04-17,3.29
1993-04-18,2.29
1993-04-19,0.7
1993-04-20,1.07
1993-04-21,5.03
1993-04-22,5.62
1993-04-23,10.53
1993-04-24,2.45
1993-04-25,2.3
1993-04-26,4.38
1993-04-27,3.22
1993-04-28,7.96
1993-04-29,11.52
1993-04-30,10.06
1993-05-01,3.46
1993-05-02,3.35
1993-05-03,9.23
1993-05-04,7.04
1993-05-05,5.18
1993-05-06,2.0
1993-05-07,1.95
1993-05-08,4.85
1993-05-09,6.7
1993-05-10,14.1
1993-05-11,2.88
1993-05-12,0.92
1993-05-13,0.56
1993-05-14,1.64
1993-05-15,4.28
1993-05-16,2.97
1993-05-17,11.02
1993-05-18,2.41
1993-05-19,1.99
1993-05-20,2.67
1993-05-21,3.54
1993-05-22,2.46
1993-05-23,2.58
1993-05-24,5.5
1993-05-25,4.32
1993-05-26,10.49
1993-05-27,6.38
1993-05-28,8.02
1993-05-29,15.2
1993-05-30,1.23
1993-05-31,4.96
1993-06-01,14.68
1993-06-02,7.97
1993-06-03,1.64
1993-06-04,3.69
1993-06-05,1.24
1993-06-06,16.55
1993-06-07,3.14
1993-06-08,2.11
1993-06-09,1.15
1993-06-10,0.41
1993-06-11,0.55
1993-06-12,16.82
1993-06-13,1.74
1993-06-14,0.33
1993-06-15,3.76
1993-06-16,3.23
1993-06-17,2.19
1993-06-18,4.57
1993-06-19,3.07
1993-06-20,6.96
1993-06-21,3.55
1993-06-22,3.9
1993-06-23,5.03
1993-06-24,5.09
1993-06-25,0.36
1993-06-26,0.58
1993-06-27,1.71
1993-06-28,18.7
1993-06-29,25.79
1993-06-30,29.27
1993-07-01,15.59
1993-07-02,4.53
1993-07-03,3.87
1993-07-04,7.46
1993-07-05,9.17
1993-07-06,3.81
1993-07-07,0.52
1993-07-08,4.84
1993-07-09,0.3
1993-07-10,0.18
1993-07-11,0.03
1993-07-12,0.04
1993-07-13,0.33
1993-07-14,0.8
1993-07-15,0.41
1993-07-16,0.44
1993-07-17,0.89
1993-07-18,0.24
1993-07-19,0.0
1993-07-20,0.6
1993-07-21,1.64
1993-07-22,12.22
1993-07-23,9.21
1993-07-24,2.51
1993-07-25,7.16
1993-07-26,2.44
1993-07-27,4.5
1993-07-28,4.11
1993-07-29,6.72
1993-07-30,3.44
1993-07-31,1.05
1993-08-01,0.6
1993-08-02,0.33
1993-08-03,0.38
1993-08-04,0.11
1993-08-05,1.05
1993-08-06,0.49
1993-08-07,0.64
1993-08-08,0.51
1993-08-09,0.08
1993-08-10,0.06
1993-08-11,0.16
1993-08-12,0.11
1993-08-13,0.62
1993-08-14,0.25
1993-08-15,0.26
1993-08-16,0.21
1993-08-17,0.06
1993-08-18,0.01
1993-08-19,0.17
1993-08-20,0.23
1993-08-21,0.18
1993-08-22,0.01
1993-08-23,0.0
1993-08-24,1.86
1993-08-25,0.74
1993-08-26,1.24
1993-08-27,4.89
1993-08-28,1.68
1993-08-29,1.21
1993-08-30,0.11
1993-08-31,1.08
1993-09-01,0.57
1993-09-02,0.34
1993-09-03,0.06
1993-09-04,0.11
1993-09-05,0.97
1993-09-06,1.27
1993-09-07,3.86
1993-09-08,0.47
1993-09-09,0.02
1993-09-10,0.06
1993-09-11,2.18
1993-09-12,3.71
1993-09-13,0.14
1993-09-14,0.1
1993-09-15,0.24
1993-09-16,0.12
1993-09-17,0.27
1993-09-18,5.03
1993-09-19,1.37
1993-09-20,5.72
1993-09-21,4.34
1993-09-22,1.39
1993-09-23,6.98
1993-09-24,0.4
1993-09-25,0.02
1993-09-26,3.95
1993-09-27,0.55
1993-09-28,1.35
1993-09-29,1.85
1993-09-30,0.35
1993-10-01,0.34
1993-10-02,1.56
1993-10-03,2.03
1993-10-04,1.21
1993-10-05,0.27
1993-10-06,0.34
1993-10-07,0.13
1993-10-08,2.03
1993-10-09,2.63
1993-10-10,5.62
1993-10-11,7.99
1993-10-12,1.17
1993-10-13,4.88
1993-10-14,1.17
1993-10-15,4.12
1993-10-16,4.18
1993-10-17,2.68
1993-10-18,10.38
1993-10-19,1.9
1993-10-20,1.38
1993-10-21,1.43
1993-10-22,1.74
1993-10-23,1.35
1993-10-24,1.0
1993-10-25,2.38
1993-10-26,0.63
1993-10-27,2.59
1993-10-28,5.44
1993-10-29,2.76
1993-10-30,9.23
1993-10-31,2.72
1993-11-01,9.7
1993-11-02,4.27
1993-11-03,10.28
1993-11-04,10.85
1993-11-05,30.26
1993-11-06,12.61
1993-11-07,20.93
1993-11-08,27.49
1993-11-09,9.8
1993-11-10,3.59
1993-11-11,4.05
1993-11-12,4.27
1993-11-13,3.23
1993-11-14,14.41
1993-11-15,6.04
1993-11-16,5.23
1993-11-17,9.31
1993-11-18,4.28
1993-11-19,1.92
1993-11-20,10.9
1993-11-21,4.5
1993-11-22,29.54
1993-11-23,14.06
1993-11-24,6.25
1993-11-25,8.92
1993-11-26,4.32
1993-11-27,8.3
1993-11-28,10.96
1993-11-29,11.66
1993-11-30,8.51
1993-12-01,6.88
1993-12-02,3.01
1993-12-03,2.54
1993-12-04,3.5
1993-12-05,4.75
1993-12-06,1.75
1993-12-07,3.62
1993-12-08,7.39
1993-12-09,12.36
1993-12-10,6.76
1993-12-11,10.75
1993-12-12,14.99
1993-12-13,13.91
1993-12-14,8.89
1993-12-15,6.52
1993-12-16,5.11
1993-12-17,5.31
1993-12-18,3.54
1993-12-19,11.44
1993-12-20,4.8
1993-12-21,5.48
1993-12-22,12.13
1993-12-23,13.56
1993-12-24,10.86
1993-12-25,24.16
1993-12-26,11.99
1993-12-27,11.71
1993-12-28,37.35
1993-12-29,17.35
1993-12-30,18.38
1993-12-31,15.52
1994-01-01,6.68
1994-01-02,14.64
1994-01-03,7.8
1994-01-04,7.87
1994-01-05,5.67
1994-01-06,7.57
1994-01-07,16.5
1994-01-08,6.14
1994-01-09,3.4
1994-01-10,2.82
1994-01-11,7.81
1994-01-12,5.15
1994-01-13,12.62
1994-01-14,12.91
1994-01-15,22.28
1994-01-16,27.58
1994-01-17,3.51
1994-01-18,0.69
1994-01-19,3.27
1994-01-20,0.65
1994-01-21,3.66
1994-01-22,3.86
1994-01-23,7.51
1994-01-24,4.19
1994-01-25,2.0
1994-01-26,3.3
1994-01-27,19.95
1994-01-28,13.67
1994-01-29,3.76
1994-01-30,10.8
1994-01-31,8.83
1994-02-01,9.58
1994-02-02,16.21
1994-02-03,7.21
1994-02-04,3.13
1994-02-05,4.51
1994-02-06,4.24
1994-02-07,2.45
1994-02-08,6.03
1994-02-09,5.92
1994-02-10,12.77
1994-02-11,6.81
1994-02-12,13.8
1994-02-13,3.74
1994-02-14,2.61
1994-02-15,2.3
1994-02-16,2.84
1994-02-17,1.5
1994-02-18,1.84
1994-02-19,1.24
1994-02-20,6.46
1994-02-21,3.69
1994-02-22,1.28
1994-02-23,1.26
1994-02-24,0.05
1994-02-25,0.1
1994-02-26,0.1
1994-02-27,0.11
1994-02-28,0.22
1994-03-01,3.21
1994-03-02,4.12
1994-03-03,24.47
1994-03-04,26.44
1994-03-05,7.67
1994-03-06,3.37
1994-03-07,4.63
1994-03-08,2.3
1994-03-09,16.24
1994-03-10,19.23
1994-03-11,10.83
1994-03-12,3.74
1994-03-13,12.04
1994-03-14,11.91
1994-03-15,7.58
1994-03-16,3.8
1994-03-17,11.45
1994-03-18,13.89
1994-03-19,2.48
1994-03-20,7.84
1994-03-21,8.47
1994-03-22,11.25
1994-03-23,5.32
1994-03-24,4.03
1994-03-25,7.82
1994-03-26,11.06
1994-03-27,12.94
1994-03-28,6.49
1994-03-29,5.64
1994-03-30,10.36
1994-03-31,5.99
1994-04-01,3.83
1994-04-02,0.86
1994-04-03,0.67
1994-04-04,8.25
1994-04-05,11.35
1994-04-06,4.02
1994-04-07,3.21
1994-04-08,12.97
1994-04-09,4.72
1994-04-10,5.34
1994-04-11,4.81
1994-04-12,17.83
1994-04-13,8.3
1994-04-14,3.5
1994-04-15,3.3
1994-04-16,4.67
1994-04-17,4.87
1994-04-18,5.07
1994-04-19,5.24
1994-04-20,4.85
1994-04-21,6.95
1994-04-22,5.73
1994-04-23,6.12
1994-04-24,7.12
1994-04-25,8.58
1994-04-26,4.23
1994-04-27,3.32
1994-04-28,4.53
1994-04-29,2.87
1994-04-30,9.05
1994-05-01,6.76
1994-05-02,7.83
1994-05-03,3.63
1994-05-04,3.09
1994-05-05,4.0
1994-05-06,5.62
1994-05-07,4.82
1994-05-08,9.2
1994-05-09,35.6
1994-05-10,13.96
1994-05-11,27.23
1994-05-12,5.72
1994-05-13,5.96
1994-05-14,2.84
1994-05-15,2.71
1994-05-16,1.0
1994-05-17,0.54
1994-05-18,0.03
1994-05-19,2.15
1994-05-20,1.86
1994-05-21,4.93
1994-05-22,11.36
1994-05-23,12.82
1994-05-24,7.1
1994-05-25,0.9
1994-05-26,1.06
1994-05-27,0.21
1994-05-28,1.09
1994-05-29,5.42
1994-05-30,3.36
1994-05-31,1.98
1994-06-01,8.42
1994-06-02,1.13
1994-06-03,1.44
1994-06-04,8.13
1994-06-05,2.89
1994-06-06,3.97
1994-06-07,15.67
1994-06-08,4.5
1994-06-09,2.11
1994-06-10,1.29
1994-06-11,0.34
1994-06-12,1.08
1994-06-13,0.36
1994-06-14,1.29
1994-06-15,0.47
1994-06-16,0.25
1994-06-17,0.45
1994-06-18,2.81
1994-06-19,7.38
1994-06-20,0.89
1994-06-21,3.15
1994-06-22,0.48
1994-06-23,0.49
1994-06-24,0.18
1994-06-25,0.69
1994-06-26,3.82
1994-06-27,3.22
1994-06-28,4.31
1994-06-29,1.98
1994-06-30,12.66
1994-07-01,4.83
1994-07-02,3.37
1994-07-03,4.36
1994-07-04,1.71
1994-07-05,0.4
1994-07-06,0.12
1994-07-07,0.02
1994-07-08,0.03
1994-07-09,0.03
1994-07-10,0.0
1994-07-11,0.21
1994-07-12,0.17
1994-07-13,0.38
1994-07-14,0.65
1994-07-15,0.13
1994-07-16,0.0
1994-07-17,0.0
1994-07-18,0.0
1994-07-19,0.0
1994-07-20,0.0
1994-07-21,0.02
1994-07-22,0.08
1994-07-23,0.07
1994-07-24,0.32
1994-07-25,0.0
1994-07-26,0.01
1994-07-27,0.04
1994-07-28,0.1
1994-07-29,0.0
1994-07-30,0.0
1994-07-31,0.02
1994-08-01,0.0
1994-08-02,0.06
1994-08-03,0.06
1994-08-04,0.01
1994-08-05,0.05
1994-08-06,0.12
1994-08-07,0.29
1994-08-08,0.75
1994-08-09,0.51
1994-08-10,0.7
1994-08-11,1.94
1994-08-12,0.77
1994-08-13,0.11
1994-08-14,0.69
1994-08-15,0.02
1994-08-16,0.08
1994-08-17,0.1
1994-08-18,0.09
1994-08-19,0.02
1994-08-20,0.12
1994-08-21,0.02
1994-08-22,0.01
1994-08-23,0.02
1994-08-24,0.12
1994-08-25,0.02
1994-08-26,0.0
1994-08-27,0.36
1994-08-28,1.81
1994-08-29,0.19
1994-08-30,0.05
1994-08-31,0.02
1994-09-01,0.0
1994-09-02,0.0
1994-09-03,0.0
1994-09-04,0.0
1994-09-05,0.0
1994-09-06,0.01
1994-09-07,0.0
1994-09-08,0.02
1994-09-09,0.25
1994-09-10,0.0
1994-09-11,0.31
1994-09-12,0.04
1994-09-13,0.09
1994-09-14,0.0
1994-09-15,0.01
1994-09-16,0.17
1994-09-17,0.12
1994-09-18,1.96
1994-09-19,3.41
1994-09-20,0.45
1994-09-21,0.05
1994-09-22,0.05
1994-09-23,0.22
1994-09-24,0.04
1994-09-25,0.0
1994-09-26,0.11
1994-09-27,0.15
1994-09-28,0.0
1994-09-29,0.0
1994-09-30,0.0
1994-10-01,0.05
1994-10-02,0.0
1994-10-03,0.09
1994-10-04,5.0
1994-10-05,1.12
1994-10-06,0.25
1994-10-07,0.57
1994-10-08,1.6
1994-10-09,2.27
1994-10-10,0.16
1994-10-11,5.76
1994-10-12,6.05
1994-10-13,1.52
1994-10-14,0.46
1994-10-15,0.25
1994-10-16,2.71
1994-10-17,0.07
1994-10-18,0.18
1994-10-19,0.46
1994-10-20,0.04
1994-10-21,0.0
1994-10-22,0.02
1994-10-23,0.05
1994-10-24,0.28
1994-10-25,0.0
1994-10-26,0.5
1994-10-27,0.93
1994-10-28,0.1
1994-10-29,0.42
1994-10-30,1.67
1994-10-31,3.3
1994-11-01,3.56
1994-11-02,15.0
1994-11-03,2.76
1994-11-04,1.99
1994-11-05,5.96
1994-11-06,3.2
1994-11-07,4.23
1994-11-08,3.44
1994-11-09,1.72
1994-11-10,3.71
1994-11-11,5.86
1994-11-12,1.39
1994-11-13,1.35
1994-11-14,1.12
1994-11-15,5.25
1994-11-16,10.04
1994-11-17,4.83
1994-11-18,17.82
1994-11-19,6.38
1994-11-20,1.79
1994-11-21,2.45
1994-11-22,2.2
1994-11-23,6.94
1994-11-24,1.37
1994-11-25,4.79
1994-11-26,1.11
1994-11-27,3.54
1994-11-28,2.67
1994-11-29,10.36
1994-11-30,13.88
1994-12-01,5.31
1994-12-02,9.78
1994-12-03,10.18
1994-12-04,9.67
1994-12-05,1.63
1994-12-06,7.45
1994-12-07,3.51
1994-12-08,4.24
1994-12-09,5.83
1994-12-10,6.34
1994-12-11,8.7
1994-12-12,16.74
1994-12-13,8.12
1994-12-14,4.97
1994-12-15,2.07
1994-12-16,8.56
1994-12-17,9.4
1994-12-18,9.35
1994-12-19,22.94
1994-12-20,18.81
1994-12-21,4.28
1994-12-22,2.58
1994-12-23,4.1
1994-12-24,1.53
1994-12-25,0.83
1994-12-26,2.45
1994-12-27,2.42
1994-12-28,2.41
1994-12-29,1.35
1994-12-30,3.36
1994-12-31,2.59
1995-01-01,2.34
1995-01-02,2.88
1995-01-03,3.49
1995-01-04,15.47
1995-01-05,21.55
1995-01-06,12.71
1995-01-07,22.17
1995-01-08,30.16
1995-01-09,22.1
1995-01-10,7.07
1995-01-11,14.39
1995-01-12,21.51
1995-01-13,8.85
1995-01-14,13.65
1995-01-15,3.39
1995-01-16,11.49
1995-01-17,3.61
1995-01-18,3.4
1995-01-19,6.17
1995-01-20,12.91
1995-01-21,13.45
1995-01-22,10.26
1995-01-23,5.9
1995-01-24,5.4
1995-01-25,4.96
1995-01-26,4.1
1995-01-27,6.89
1995-01-28,3.08
1995-01-29,8.09
1995-01-30,5.52
1995-01-31,22.62
1995-02-01,40.74
1995-02-02,36.36
1995-02-03,6.25
1995-02-04,11.06
1995-02-05,18.98
1995-02-06,20.19
1995-02-07,9.26
1995-02-08,3.95
1995-02-09,0.61
1995-02-10,0.29
1995-02-11,0.71
1995-02-12,5.52
1995-02-13,20.64
1995-02-14,10.65
1995-02-15,14.9
1995-02-16,12.38
1995-02-17,6.89
1995-02-18,12.65
1995-02-19,21.18
1995-02-20,13.37
1995-02-21,6.57
1995-02-22,6.91
1995-02-23,1.77
1995-02-24,3.81
1995-02-25,5.02
1995-02-26,16.46
1995-02-27,8.71
1995-02-28,1.62
1995-03-01,7.29
1995-03-02,23.5
1995-03-03,5.59
1995-03-04,2.29
1995-03-05,2.32
1995-03-06,3.95
1995-03-07,35.34
1995-03-08,18.09
1995-03-09,3.53
1995-03-10,0.42
1995-03-11,1.56
1995-03-12,2.55
1995-03-13,12.61
1995-03-14,10.35
1995-03-15,1.02
1995-03-16,1.92
1995-03-17,9.54
1995-03-18,7.13
1995-03-19,6.82
1995-03-20,3.87
1995-03-21,1.43
1995-03-22,7.45
1995-03-23,3.76
1995-03-24,4.79
1995-03-25,2.4
1995-03-26,14.1
1995-03-27,14.07
1995-03-28,20.59
1995-03-29,4.9
1995-03-30,4.75
1995-03-31,16.22
1995-04-01,5.27
1995-04-02,7.73
1995-04-03,5.49
1995-04-04,18.16
1995-04-05,15.4
1995-04-06,23.37
1995-04-07,11.41
1995-04-08,2.52
1995-04-09,1.4
1995-04-10,4.58
1995-04-11,2.43
1995-04-12,1.68
1995-04-13,2.9
1995-04-14,6.26
1995-04-15,1.36
1995-04-16,2.8
1995-04-17,2.11
1995-04-18,2.26
1995-04-19,7.22
1995-04-20,7.43
1995-04-21,8.13
1995-04-22,5.66
1995-04-23,6.27
1995-04-24,1.6
1995-04-25,3.18
1995-04-26,2.7
1995-04-27,1.82
1995-04-28,6.77
1995-04-29,13.78
1995-04-30,6.16
1995-05-01,6.36
1995-05-02,13.0
1995-05-03,15.64
1995-05-04,9.69
1995-05-05,10.65
1995-05-06,7.98
1995-05-07,8.37
1995-05-08,7.31
1995-05-09,4.78
1995-05-10,13.54
1995-05-11,8.04
1995-05-12,4.32
1995-05-13,11.37
1995-05-14,10.84
1995-05-15,1.07
1995-05-16,0.41
1995-05-17,0.53
1995-05-18,5.75
1995-05-19,3.71
1995-05-20,2.69
1995-05-21,2.8
1995-05-22,1.51
1995-05-23,4.24
1995-05-24,1.31
1995-05-25,0.36
1995-05-26,0.73
1995-05-27,0.8
1995-05-28,0.68
1995-05-29,2.12
1995-05-30,7.32
1995-05-31,4.48
1995-06-01,1.51
1995-06-02,1.17
1995-06-03,0.79
1995-06-04,4.91
1995-06-05,1.13
1995-06-06,1.95
1995-06-07,3.04
1995-06-08,6.37
1995-06-09,1.54
1995-06-10,2.03
1995-06-11,1.91
1995-06-12,1.21
1995-06-13,8.58
1995-06-14,3.07
1995-06-15,4.72
1995-06-16,4.46
1995-06-17,3.55
1995-06-18,6.01
1995-06-19,4.42
1995-06-20,2.88
1995-06-21,4.73
1995-06-22,1.77
1995-06-23,2.17
1995-06-24,1.3
1995-06-25,2.48
1995-06-26,2.98
1995-06-27,1.92
1995-06-28,12.16
1995-06-29,8.32
1995-06-30,15.45
1995-07-01,18.18
1995-07-02,18.22
1995-07-03,5.01
1995-07-04,4.85
1995-07-05,34.02
1995-07-06,1.32
1995-07-07,0.88
1995-07-08,0.57
1995-07-09,3.1
1995-07-10,2.12
1995-07-11,4.08
1995-07-12,2.85
1995-07-13,1.3
1995-07-14,1.02
1995-07-15,2.9
1995-07-16,2.3
1995-07-17,2.98
1995-07-18,4.37
1995-07-19,6.95
1995-07-20,1.15
1995-07-21,1.29
1995-07-22,2.56
1995-07-23,1.87
1995-07-24,5.87
1995-07-25,1.29
1995-07-26,14.05
1995-07-27,9.58
1995-07-28,0.68
1995-07-29,0.06
1995-07-30,0.09
1995-07-31,8.69
1995-08-01,17.13
1995-08-02,4.3
1995-08-03,2.3
1995-08-04,1.9
1995-08-05,2.22
1995-08-06,12.97
1995-08-07,30.32
1995-08-08,5.58
1995-08-09,6.0
1995-08-10,4.05
1995-08-11,1.48
1995-08-12,3.74
1995-08-13,9.86
1995-08-14,4.11
1995-08-15,6.27
1995-08-16,8.85
1995-08-17,0.75
1995-08-18,0.38
1995-08-19,0.89
1995-08-20,0.36
1995-08-21,0.75
1995-08-22,0.17
1995-08-23,0.01
1995-08-24,0.55
1995-08-25,4.13
1995-08-26,1.9
1995-08-27,0.03
1995-08-28,0.02
1995-08-29,0.15
1995-08-30,0.69
1995-08-31,1.0
1995-09-01,2.55
1995-09-02,1.04
1995-09-03,10.21
1995-09-04,2.69
1995-09-05,13.02
1995-09-06,11.86
1995-09-07,5.05
1995-09-08,7.6
1995-09-09,6.78
1995-09-10,1.63
1995-09-11,0.1
1995-09-12,0.09
1995-09-13,2.08
1995-09-14,3.31
1995-09-15,0.0
1995-09-16,0.0
1995-09-17,0.0
1995-09-18,0.25
1995-09-19,0.65
1995-09-20,0.09
1995-09-21,0.07
1995-09-22,1.33
1995-09-23,1.21
1995-09-24,5.79
1995-09-25,10.51
1995-09-26,14.68
1995-09-27,14.99
1995-09-28,0.6
1995-09-29,4.17
1995-09-30,2.89
1995-10-01,6.81
1995-10-02,5.03
1995-10-03,1.57
1995-10-04,1.1
1995-10-05,0.98
1995-10-06,2.01
1995-10-07,1.05
1995-10-08,5.46
1995-10-09,1.31
1995-10-10,1.7
1995-10-11,5.1
1995-10-12,2.94
1995-10-13,5.22
1995-10-14,0.96
1995-10-15,5.65
1995-10-16,3.15
1995-10-17,3.32
1995-10-18,1.3
1995-10-19,2.27
1995-10-20,37.23
1995-10-21,14.44
1995-10-22,8.65
1995-10-23,6.32
1995-10-24,10.99
1995-10-25,7.72
1995-10-26,2.48
1995-10-27,18.01
1995-10-28,12.45
1995-10-29,4.85
1995-10-30,21.46
1995-10-31,5.24
1995-11-01,11.26
1995-11-02,13.67
1995-11-03,3.37
1995-11-04,3.0
1995-11-05,3.34
1995-11-06,4.08
1995-11-07,5.2
1995-11-08,10.71
1995-11-09,5.73
1995-11-10,6.3
1995-11-11,11.43
1995-11-12,11.84
1995-11-13,8.42
1995-11-14,6.21
1995-11-15,8.38
1995-11-16,12.77
1995-11-17,10.77
1995-11-18,4.39
1995-11-19,6.92
1995-11-20,1.72
1995-11-21,10.19
1995-11-22,9.87
1995-11-23,13.5
1995-11-24,8.38
1995-11-25,3.61
1995-11-26,7.68
1995-11-27,3.51
1995-11-28,5.83
1995-11-29,5.85
1995-11-30,4.78
1995-12-01,3.1
1995-12-02,9.09
1995-12-03,12.71
1995-12-04,9.21
1995-12-05,10.65
1995-12-06,9.38
1995-12-07,26.81
1995-12-08,13.57
1995-12-09,6.97
1995-12-10,4.83
1995-12-11,2.77
1995-12-12,1.72
1995-12-13,4.16
1995-12-14,9.02
1995-12-15,14.02
1995-12-16,1.71
1995-12-17,1.37
1995-12-18,5.09
1995-12-19,1.92
1995-12-20,4.38
1995-12-21,3.99
1995-12-22,3.34
1995-12-23,7.48
1995-12-24,4.28
1995-12-25,6.46
1995-12-26,10.81
1995-12-27,5.83
1995-12-28,3.97
1995-12-29,5.13
1995-12-30,4.54
1995-12-31,4.96
1996-01-01,4.33
1996-01-02,6.11
1996-01-03,1.77
1996-01-04,2.15
1996-01-05,3.24
1996-01-06,2.66
1996-01-07,8.15
1996-01-08,4.91
1996-01-09,1.24
1996-01-10,3.43
1996-01-11,2.67
1996-01-12,11.45
1996-01-13,12.78
1996-01-14,1.21
1996-01-15,2.13
1996-01-16,0.97
1996-01-17,0.63
1996-01-18,0.47
1996-01-19,0.18
1996-01-20,1.0
1996-01-21,1.52
1996-01-22,2.09
1996-01-23,4.72
1996-01-24,14.15
1996-01-25,7.67
1996-01-26,6.38
1996-01-27,3.16
1996-01-28,2.51
1996-01-29,8.3
1996-01-30,8.64
1996-01-31,8.79
1996-02-01,6.03
1996-02-02,8.25
1996-02-03,9.85
1996-02-04,7.66
1996-02-05,3.25
1996-02-06,4.9
1996-02-07,6.51
1996-02-08,4.17
1996-02-09,6.65
1996-02-10,6.7
1996-02-11,2.36
1996-02-12,3.56
1996-02-13,3.06
1996-02-14,8.35
1996-02-15,3.17
1996-02-16,2.1
1996-02-17,0.85
1996-02-18,2.63
1996-02-19,1.4
1996-02-20,4.23
1996-02-21,4.68
1996-02-22,26.17
1996-02-23,10.69
1996-02-24,6.4
1996-02-25,7.26
1996-02-26,0.08
1996-02-27,0.72
1996-02-28,0.16
1996-02-29,0.09
1996-03-01,0.04
1996-03-02,4.88
1996-03-03,8.59
1996-03-04,0.2
1996-03-05,0.17
1996-03-06,0.29
1996-03-07,2.11
1996-03-08,0.24
1996-03-09,3.5
1996-03-10,0.76
1996-03-11,2.18
1996-03-12,0.6
1996-03-13,0.59
1996-03-14,0.87
1996-03-15,0.45
1996-03-16,1.52
1996-03-17,5.77
1996-03-18,6.71
1996-03-19,21.07
1996-03-20,5.7
1996-03-21,4.2
1996-03-22,7.65
1996-03-23,2.39
1996-03-24,2.84
1996-03-25,1.68
1996-03-26,11.16
1996-03-27,7.3
1996-03-28,6.59
1996-03-29,3.38
1996-03-30,1.6
1996-03-31,3.38
1996-04-01,3.73
1996-04-02,9.97
1996-04-03,3.41
1996-04-04,30.98
1996-04-05,7.12
1996-04-06,3.68
1996-04-07,10.2
1996-04-08,8.8
1996-04-09,1.81
1996-04-10,3.13
1996-04-11,2.06
1996-04-12,15.5
1996-04-13,6.59
1996-04-14,3.3
1996-04-15,5.32
1996-04-16,21.05
1996-04-17,7.38
1996-04-18,3.47
1996-04-19,2.65
1996-04-20,2.02
1996-04-21,2.1
1996-04-22,3.01
1996-04-23,7.15
1996-04-24,5.03
1996-04-25,4.53
1996-04-26,9.48
1996-04-27,3.42
1996-04-28,6.61
1996-04-29,6.14
1996-04-30,6.07
1996-05-01,3.58
1996-05-02,4.47
1996-05-03,1.76
1996-05-04,2.35
1996-05-05,1.22
1996-05-06,3.12
1996-05-07,6.97
1996-05-08,0.39
1996-05-09,0.17
1996-05-10,0.16
1996-05-11,1.47
1996-05-12,5.74
1996-05-13,1.69
1996-05-14,2.31
1996-05-15,0.55
1996-05-16,0.29
1996-05-17,0.87
1996-05-18,1.58
1996-05-19,0.36
1996-05-20,1.36
1996-05-21,4.27
1996-05-22,9.13
1996-05-23,5.08
1996-05-24,2.47
1996-05-25,2.51
1996-05-26,8.27
1996-05-27,6.59
1996-05-28,7.48
1996-05-29,2.56
1996-05-30,11.52
1996-05-31,4.7
1996-06-01,3.4
1996-06-02,7.78
1996-06-03,8.72
1996-06-04,5.41
1996-06-05,12.37
1996-06-06,3.68
1996-06-07,9.95
1996-06-08,11.09
1996-06-09,16.09
1996-06-10,4.72
1996-06-11,4.71
1996-06-12,0.76
1996-06-13,1.25
1996-06-14,2.37
1996-06-15,1.09
1996-06-16,6.35
1996-06-17,16.3
1996-06-18,3.87
1996-06-19,2.19
1996-06-20,2.19
1996-06-21,0.18
1996-06-22,0.22
1996-06-23,0.33
1996-06-24,0.75
1996-06-25,2.19
1996-06-26,1.73
1996-06-27,1.75
1996-06-28,3.71
1996-06-29,8.15
1996-06-30,4.15
1996-07-01,3.45
1996-07-02,15.28
1996-07-03,10.61
1996-07-04,6.28
1996-07-05,8.86
1996-07-06,9.92
1996-07-07,11.61
1996-07-08,4.85
1996-07-09,3.62
1996-07-10,1.37
1996-07-11,2.98
1996-07-12,6.79
1996-07-13,3.66
1996-07-14,2.18
1996-07-15,2.73
1996-07-16,2.6
1996-07-17,0.42
1996-07-18,0.2
1996-07-19,0.07
1996-07-20,0.04
1996-07-21,0.01
1996-07-22,0.07
1996-07-23,0.07
1996-07-24,0.3
1996-07-25,0.35
1996-07-26,0.42
1996-07-27,0.41
1996-07-28,0.27
1996-07-29,0.19
1996-07-30,0.23
1996-07-31,0.41
1996-08-01,0.24
1996-08-02,0.01
1996-08-03,2.04
1996-08-04,0.24
1996-08-05,0.01
1996-08-06,0.01
1996-08-07,1.41
1996-08-08,3.59
1996-08-09,2.37
1996-08-10,3.64
1996-08-11,1.73
1996-08-12,0.99
1996-08-13,1.68
1996-08-14,5.25
1996-08-15,9.17
1996-08-16,20.04
1996-08-17,2.56
1996-08-18,9.01
1996-08-19,5.69
1996-08-20,8.0
1996-08-21,1.28
1996-08-22,0.78
1996-08-23,1.8
1996-08-24,3.73
1996-08-25,4.09
1996-08-26,5.85
1996-08-27,8.43
1996-08-28,15.13
1996-08-29,3.44
1996-08-30,4.15
1996-08-31,3.46
1996-09-01,12.1
1996-09-02,13.67
1996-09-03,9.49
1996-09-04,2.39
1996-09-05,4.39
1996-09-06,0.93
1996-09-07,2.23
1996-09-08,7.35
1996-09-09,3.54
1996-09-10,2.53
1996-09-11,5.94
1996-09-12,1.6
1996-09-13,3.4
1996-09-14,1.23
1996-09-15,3.24
1996-09-16,5.04
1996-09-17,6.11
1996-09-18,1.2
1996-09-19,0.31
1996-09-20,0.62
1996-09-21,0.18
1996-09-22,2.32
1996-09-23,1.09
1996-09-24,1.53
1996-09-25,2.1
1996-09-26,12.47
1996-09-27,3.85
1996-09-28,0.36
1996-09-29,1.47
1996-09-30,3.63
1996-10-01,5.39
1996-10-02,21.49
1996-10-03,4.22
1996-10-04,2.27
1996-10-05,4.37
1996-10-06,22.37
1996-10-07,8.22
1996-10-08,7.21
1996-10-09,3.34
1996-10-10,5.16
1996-10-11,3.07
1996-10-12,3.11
1996-10-13,1.41
1996-10-14,12.1
1996-10-15,5.42
1996-10-16,8.16
1996-10-17,2.41
1996-10-18,2.76
1996-10-19,7.25
1996-10-20,10.75
1996-10-21,4.91
1996-10-22,16.05
1996-10-23,3.05
1996-10-24,4.26
1996-10-25,7.37
1996-10-26,4.95
1996-10-27,12.56
1996-10-28,9.91
1996-10-29,4.02
1996-10-30,15.65
1996-10-31,7.82
1996-11-01,4.17
1996-11-02,8.71
1996-11-03,5.22
1996-11-04,1.85
1996-11-05,4.66
1996-11-06,3.52
1996-11-07,16.1
1996-11-08,12.01
1996-11-09,7.25
1996-11-10,5.41
1996-11-11,5.36
1996-11-12,2.84
1996-11-13,1.02
1996-11-14,4.62
1996-11-15,13.3
1996-11-16,2.07
1996-11-17,4.18
1996-11-18,10.27
1996-11-19,11.04
1996-11-20,11.44
1996-11-21,11.38
1996-11-22,11.48
1996-11-23,5.05
1996-11-24,5.26
1996-11-25,10.17
1996-11-26,13.68
1996-11-27,2.5
1996-11-28,1.69
1996-11-29,2.38
1996-11-30,3.99
1996-12-01,5.39
1996-12-02,3.05
1996-12-03,1.36
1996-12-04,1.75
1996-12-05,9.53
1996-12-06,9.97
1996-12-07,14.17
1996-12-08,8.14
1996-12-09,5.49
1996-12-10,4.92
1996-12-11,8.33
1996-12-12,4.71
1996-12-13,1.84
1996-12-14,0.71
1996-12-15,1.14
1996-12-16,3.24
1996-12-17,12.3
1996-12-18,3.51
1996-12-19,2.81
1996-12-20,1.34
1996-12-21,4.79
1996-12-22,6.56
1996-12-23,10.19
1996-12-24,3.83
1996-12-25,4.69
1996-12-26,22.91
1996-12-27,21.41
1996-12-28,2.11
1996-12-29,2.41
1996-12-30,1.57
1996-12-31,0.3
1997-01-01,0.36
1997-01-02,1.26
1997-01-03,0.55
1997-01-04,0.58
1997-01-05,0.5
1997-01-06,7.0
1997-01-07,0.83
1997-01-08,0.93
1997-01-09,10.09
1997-01-10,8.94
1997-01-11,7.77
1997-01-12,11.48
1997-01-13,3.02
1997-01-14,3.85
1997-01-15,4.15
1997-01-16,18.65
1997-01-17,9.89
1997-01-18,4.48
1997-01-19,6.22
1997-01-20,2.84
1997-01-21,0.59
1997-01-22,4.27
1997-01-23,6.2
1997-01-24,2.55
1997-01-25,0.91
1997-01-26,0.67
1997-01-27,0.94
1997-01-28,0.64
1997-01-29,0.66
1997-01-30,0.36
1997-01-31,2.36
1997-02-01,1.54
1997-02-02,0.75
1997-02-03,6.61
1997-02-04,13.59
1997-02-05,16.67
1997-02-06,0.64
1997-02-07,4.4
1997-02-08,1.62
1997-02-09,11.8
1997-02-10,11.91
1997-02-11,23.04
1997-02-12,9.73
1997-02-13,15.88
1997-02-14,15.01
1997-02-15,5.65
1997-02-16,5.18
1997-02-17,2.1
1997-02-18,1.03
1997-02-19,2.02
1997-02-20,1.71
1997-02-21,4.53
1997-02-22,3.04
1997-02-23,5.8
1997-02-24,4.62
1997-02-25,3.05
1997-02-26,3.75
1997-02-27,1.2
1997-02-28,1.95
1997-03-01,1.11
1997-03-02,1.22
1997-03-03,2.53
1997-03-04,11.0
1997-03-05,0.03
1997-03-06,0.52
1997-03-07,14.35
1997-03-08,6.87
1997-03-09,4.76
1997-03-10,10.5
1997-03-11,23.64
1997-03-12,8.47
1997-03-13,18.64
1997-03-14,15.17
1997-03-15,8.3
1997-03-16,15.3
1997-03-17,12.17
1997-03-18,3.11
1997-03-19,7.09
1997-03-20,2.85
1997-03-21,3.26
1997-03-22,2.16
1997-03-23,0.6
1997-03-24,11.55
1997-03-25,17.68
1997-03-26,1.92
1997-03-27,4.35
1997-03-28,12.14
1997-03-29,11.57
1997-03-30,4.71
1997-03-31,5.21
1997-04-01,20.15
1997-04-02,2.67
1997-04-03,0.22
1997-04-04,7.29
1997-04-05,2.15
1997-04-06,1.96
1997-04-07,9.67
1997-04-08,34.46
1997-04-09,4.89
1997-04-10,3.69
1997-04-11,2.87
1997-04-12,6.41
1997-04-13,15.66
1997-04-14,2.7
1997-04-15,14.2
1997-04-16,8.76
1997-04-17,2.77
1997-04-18,4.0
1997-04-19,3.52
1997-04-20,8.47
1997-04-21,4.46
1997-04-22,12.91
1997-04-23,6.15
1997-04-24,3.09
1997-04-25,2.94
1997-04-26,12.89
1997-04-27,16.07
1997-04-28,12.37
1997-04-29,3.12
1997-04-30,1.61
1997-05-01,1.99
1997-05-02,3.38
1997-05-03,5.37
1997-05-04,2.55
1997-05-05,10.04
1997-05-06,30.96
1997-05-07,6.53
1997-05-08,1.86
1997-05-09,1.17
1997-05-10,7.61
1997-05-11,10.37
1997-05-12,2.96
1997-05-13,9.45
1997-05-14,3.66
1997-05-15,2.18
1997-05-16,6.3
1997-05-17,7.67
1997-05-18,10.72
1997-05-19,2.3
1997-05-20,3.68
1997-05-21,8.77
1997-05-22,1.87
1997-05-23,0.79
1997-05-24,0.97
1997-05-25,2.84
1997-05-26,2.49
1997-05-27,4.67
1997-05-28,25.12
1997-05-29,1.72
1997-05-30,0.6
1997-05-31,0.36
1997-06-01,0.03
1997-06-02,0.3
1997-06-03,1.52
1997-06-04,2.11
1997-06-05,0.65
1997-06-06,10.46
1997-06-07,15.72
1997-06-08,1.15
1997-06-09,0.35
1997-06-10,2.26
1997-06-11,7.48
1997-06-12,0.25
1997-06-13,0.32
1997-06-14,0.34
1997-06-15,0.76
1997-06-16,0.21
1997-06-17,0.05
1997-06-18,0.25
1997-06-19,0.29
1997-06-20,0.13
1997-06-21,0.43
1997-06-22,0.14
1997-06-23,0.52
1997-06-24,0.16
1997-06-25,0.35
1997-06-26,0.26
1997-06-27,0.82
1997-06-28,1.17
1997-06-29,0.38
1997-06-30,0.73
1997-07-01,6.9
1997-07-02,10.01
1997-07-03,4.53
1997-07-04,10.82
1997-07-05,4.22
1997-07-06,1.59
1997-07-07,0.04
1997-07-08,0.0
1997-07-09,0.0
1997-07-10,0.05
1997-07-11,0.25
1997-07-12,3.13
1997-07-13,0.94
1997-07-14,0.07
1997-07-15,0.02
1997-07-16,0.12
1997-07-17,0.99
1997-07-18,2.25
1997-07-19,0.96
1997-07-20,0.18
1997-07-21,0.02
1997-07-22,0.0
1997-07-23,0.0
1997-07-24,0.0
1997-07-25,0.04
1997-07-26,0.48
1997-07-27,0.06
1997-07-28,0.23
1997-07-29,0.59
1997-07-30,0.05
1997-07-31,0.04
1997-08-01,0.0
1997-08-02,3.1
1997-08-03,0.63
1997-08-04,0.03
1997-08-05,0.91
1997-08-06,1.07
1997-08-07,0.72
1997-08-08,0.19
1997-08-09,0.3
1997-08-10,0.13
1997-08-11,0.26
1997-08-12,0.28
1997-08-13,0.01
1997-08-14,0.05
1997-08-15,0.25
1997-08-16,0.25
1997-08-17,0.2
1997-08-18,0.14
1997-08-19,0.04
1997-08-20,0.11
1997-08-21,0.05
1997-08-22,0.11
1997-08-23,0.3
1997-08-24,0.46
1997-08-25,0.05
1997-08-26,0.0
1997-08-27,0.01
1997-08-28,0.52
1997-08-29,0.25
1997-08-30,0.01
1997-08-31,0.02
1997-09-01,0.02
1997-09-02,0.01
1997-09-03,0.01
1997-09-04,0.13
1997-09-05,0.08
1997-09-06,0.0
1997-09-07,0.3
1997-09-08,0.86
1997-09-09,0.01
1997-09-10,0.0
1997-09-11,0.0
1997-09-12,0.0
1997-09-13,0.02
1997-09-14,0.29
1997-09-15,0.0
1997-09-16,0.01
1997-09-17,0.0
1997-09-18,0.0
1997-09-19,0.0
1997-09-20,0.07
1997-09-21,0.0
1997-09-22,0.0
1997-09-23,0.0
1997-09-24,0.0
1997-09-25,0.07
1997-09-26,0.0
1997-09-27,0.0
1997-09-28,0.58
1997-09-29,1.64
1997-09-30,1.94
1997-10-01,0.0
1997-10-02,0.07
1997-10-03,0.18
1997-10-04,0.07
1997-10-05,0.15
1997-10-06,1.18
1997-10-07,0.91
1997-10-08,1.69
1997-10-09,0.74
1997-10-10,0.43
1997-10-11,0.0
1997-10-12,1.42
1997-10-13,0.39
1997-10-14,0.76
1997-10-15,0.04
1997-10-16,0.9
1997-10-17,0.82
1997-10-18,0.05
1997-10-19,0.0
1997-10-20,0.0
1997-10-21,0.37
1997-10-22,0.0
1997-10-23,0.07
1997-10-24,2.01
1997-10-25,0.41
1997-10-26,0.27
1997-10-27,0.48
1997-10-28,0.34
1997-10-29,2.06
1997-10-30,0.39
1997-10-31,0.05
1997-11-01,0.5
1997-11-02,0.35
1997-11-03,0.01
1997-11-04,0.91
1997-11-05,1.16
1997-11-06,1.24
1997-11-07,0.1
1997-11-08,0.34
1997-11-09,2.35
1997-11-10,0.67
1997-11-11,0.82
1997-11-12,13.33
1997-11-13,7.98
1997-11-14,3.86
1997-11-15,1.34
1997-11-16,2.63
1997-11-17,7.25
1997-11-18,3.42
1997-11-19,4.9
1997-11-20,6.81
1997-11-21,8.4
1997-11-22,5.66
1997-11-23,2.84
1997-11-24,1.24
1997-11-25,4.63
1997-11-26,4.18
1997-11-27,6.2
1997-11-28,2.36
1997-11-29,1.38
1997-11-30,2.07
1997-12-01,1.37
1997-12-02,8.53
1997-12-03,8.85
1997-12-04,3.74
1997-12-05,3.76
1997-12-06,2.94
1997-12-07,11.67
1997-12-08,10.39
1997-12-09,6.61
1997-12-10,12.35
1997-12-11,12.28
1997-12-12,7.28
1997-12-13,1.09
1997-12-14,1.92
1997-12-15,2.4
1997-12-16,5.92
1997-12-17,3.69
1997-12-18,13.36
1997-12-19,8.37
1997-12-20,11.02
1997-12-21,9.03
1997-12-22,19.53
1997-12-23,7.2
1997-12-24,7.37
1997-12-25,9.98
1997-12-26,13.73
1997-12-27,1.5
1997-12-28,0.78
1997-12-29,29.75
1997-12-30,8.27
1997-12-31,0.71
1998-01-01,1.45
1998-01-02,1.1
1998-01-03,1.66
1998-01-04,6.25
1998-01-05,6.84
1998-01-06,5.03
1998-01-07,4.06
1998-01-08,3.25
1998-01-09,10.12
1998-01-10,6.65
1998-01-11,3.24
1998-01-12,3.78
1998-01-13,15.79
1998-01-14,27.69
1998-01-15,8.74
1998-01-16,2.47
1998-01-17,2.46
1998-01-18,0.65
1998-01-19,0.32
1998-01-20,0.47
1998-01-21,1.66
1998-01-22,2.01
1998-01-23,1.85
1998-01-24,14.66
1998-01-25,12.31
1998-01-26,4.99
1998-01-27,3.11
1998-01-28,10.01
1998-01-29,38.42
1998-01-30,21.26
1998-01-31,8.63
1998-02-01,1.7
1998-02-02,3.44
1998-02-03,5.35
1998-02-04,21.53
1998-02-05,15.91
1998-02-06,6.14
1998-02-07,2.5
1998-02-08,3.24
1998-02-09,17.34
1998-02-10,1.69
1998-02-11,0.45
1998-02-12,1.0
1998-02-13,1.42
1998-02-14,2.97
1998-02-15,2.98
1998-02-16,10.37
1998-02-17,4.69
1998-02-18,1.51
1998-02-19,11.31
1998-02-20,8.88
1998-02-21,1.57
1998-02-22,4.47
1998-02-23,2.22
1998-02-24,0.85
1998-02-25,1.24
1998-02-26,9.37
1998-02-27,26.54
1998-02-28,13.54
1998-03-01,5.6
1998-03-02,4.96
1998-03-03,10.49
1998-03-04,13.46
1998-03-05,2.75
1998-03-06,0.54
1998-03-07,4.76
1998-03-08,6.1
1998-03-09,5.28
1998-03-10,2.82
1998-03-11,2.36
1998-03-12,1.87
1998-03-13,1.35
1998-03-14,11.5
1998-03-15,2.26
1998-03-16,1.17
1998-03-17,4.3
1998-03-18,3.09
1998-03-19,1.47
1998-03-20,11.55
1998-03-21,6.55
1998-03-22,2.26
1998-03-23,1.87
1998-03-24,1.48
1998-03-25,2.3
1998-03-26,2.5
1998-03-27,4.15
1998-03-28,7.77
1998-03-29,5.37
1998-03-30,7.68
1998-03-31,15.73
1998-04-01,7.94
1998-04-02,8.53
1998-04-03,4.91
1998-04-04,6.38
1998-04-05,6.41
1998-04-06,4.87
1998-04-07,6.43
1998-04-08,2.08
1998-04-09,4.23
1998-04-10,4.29
1998-04-11,4.64
1998-04-12,3.4
1998-04-13,3.23
1998-04-14,8.31
1998-04-15,12.66
1998-04-16,5.38
1998-04-17,30.6
1998-04-18,12.17
1998-04-19,4.17
1998-04-20,1.41
1998-04-21,0.29
1998-04-22,0.66
1998-04-23,3.18
1998-04-24,1.38
1998-04-25,1.01
1998-04-26,17.97
1998-04-27,6.48
1998-04-28,6.19
1998-04-29,4.06
1998-04-30,4.28
1998-05-01,4.86
1998-05-02,3.93
1998-05-03,2.32
1998-05-04,10.33
1998-05-05,11.32
1998-05-06,7.05
1998-05-07,3.93
1998-05-08,4.4
1998-05-09,15.81
1998-05-10,5.07
1998-05-11,6.8
1998-05-12,6.9
1998-05-13,8.03
1998-05-14,35.66
1998-05-15,4.4
1998-05-16,6.25
1998-05-17,4.16
1998-05-18,10.52
1998-05-19,7.64
1998-05-20,14.38
1998-05-21,5.43
1998-05-22,0.59
1998-05-23,5.18
1998-05-24,0.42
1998-05-25,0.76
1998-05-26,4.18
1998-05-27,1.89
1998-05-28,1.27
1998-05-29,0.34
1998-05-30,1.24
1998-05-31,2.62
1998-06-01,4.02
1998-06-02,2.05
1998-06-03,3.16
1998-06-04,10.96
1998-06-05,8.57
1998-06-06,4.47
1998-06-07,5.73
1998-06-08,1.13
1998-06-09,16.69
1998-06-10,7.36
1998-06-11,1.12
1998-06-12,3.18
1998-06-13,2.13
1998-06-14,2.74
1998-06-15,7.79
1998-06-16,2.5
1998-06-17,2.8
1998-06-18,6.49
1998-06-19,4.25
1998-06-20,6.3
1998-06-21,5.46
1998-06-22,3.47
1998-06-23,6.34
1998-06-24,9.65
1998-06-25,18.22
1998-06-26,17.07
1998-06-27,1.38
1998-06-28,0.52
1998-06-29,9.65
1998-06-30,7.55
1998-07-01,2.61
1998-07-02,3.1
1998-07-03,22.11
1998-07-04,3.55
1998-07-05,8.37
1998-07-06,3.86
1998-07-07,2.6
1998-07-08,10.77
1998-07-09,4.82
1998-07-10,17.6
1998-07-11,5.49
1998-07-12,3.75
1998-07-13,3.89
1998-07-14,7.47
1998-07-15,3.65
1998-07-16,2.46
1998-07-17,2.77
1998-07-18,4.06
1998-07-19,5.95
1998-07-20,5.3
1998-07-21,21.18
1998-07-22,6.22
1998-07-23,7.51
1998-07-24,2.81
1998-07-25,3.51
1998-07-26,4.09
1998-07-27,8.22
1998-07-28,4.41
1998-07-29,0.81
1998-07-30,0.79
1998-07-31,4.62
1998-08-01,5.84
1998-08-02,6.48
1998-08-03,2.27
1998-08-04,1.69
1998-08-05,0.69
1998-08-06,5.58
1998-08-07,13.26
1998-08-08,9.93
1998-08-09,3.55
1998-08-10,0.94
1998-08-11,6.4
1998-08-12,7.18
1998-08-13,14.03
1998-08-14,3.92
1998-08-15,14.68
1998-08-16,1.99
1998-08-17,7.67
1998-08-18,2.78
1998-08-19,6.5
1998-08-20,18.64
1998-08-21,4.94
1998-08-22,2.88
1998-08-23,8.56
1998-08-24,8.76
1998-08-25,6.86
1998-08-26,6.65
1998-08-27,5.15
1998-08-28,9.79
1998-08-29,5.68
1998-08-30,4.08
1998-08-31,20.4
1998-09-01,12.93
1998-09-02,3.84
1998-09-03,10.08
1998-09-04,6.15
1998-09-05,0.39
1998-09-06,0.99
1998-09-07,5.79
1998-09-08,5.8
1998-09-09,10.91
1998-09-10,3.74
1998-09-11,0.38
1998-09-12,0.06
1998-09-13,0.35
1998-09-14,0.47
1998-09-15,0.1
1998-09-16,1.07
1998-09-17,8.61
1998-09-18,1.1
1998-09-19,18.19
1998-09-20,9.98
1998-09-21,2.34
1998-09-22,1.4
1998-09-23,3.61
1998-09-24,8.58
1998-09-25,14.56
1998-09-26,19.56
1998-09-27,11.19
1998-09-28,4.85
1998-09-29,18.86
1998-09-30,12.34
1998-10-01,9.72
1998-10-02,14.34
1998-10-03,9.06
1998-10-04,8.78
1998-10-05,9.86
1998-10-06,14.56
1998-10-07,2.48
1998-10-08,2.07
1998-10-09,1.14
1998-10-10,11.16
1998-10-11,8.06
1998-10-12,1.43
1998-10-13,1.49
1998-10-14,12.63
1998-10-15,16.03
1998-10-16,11.61
1998-10-17,7.35
1998-10-18,5.18
1998-10-19,3.57
1998-10-20,7.14
1998-10-21,4.31
1998-10-22,3.42
1998-10-23,6.2
1998-10-24,16.36
1998-10-25,12.38
1998-10-26,5.76
1998-10-27,14.55
1998-10-28,8.55
1998-10-29,23.22
1998-10-30,13.97
1998-10-31,17.36
1998-11-01,18.44
1998-11-02,10.39
1998-11-03,14.05
1998-11-04,18.22
1998-11-05,27.7
1998-11-06,5.39
1998-11-07,5.31
1998-11-08,8.92
1998-11-09,0.55
1998-11-10,11.22
1998-11-11,5.05
1998-11-12,17.9
1998-11-13,2.9
1998-11-14,1.45
1998-11-15,4.1
1998-11-16,4.32
1998-11-17,1.85
1998-11-18,0.7
1998-11-19,1.66
1998-11-20,5.88
1998-11-21,2.46
1998-11-22,3.8
1998-11-23,5.1
1998-11-24,9.44
1998-11-25,4.53
1998-11-26,2.22
1998-11-27,9.64
1998-11-28,5.1
1998-11-29,6.12
1998-11-30,41.95
1998-12-01,11.11
1998-12-02,12.55
1998-12-03,4.79
1998-12-04,3.38
1998-12-05,4.47
1998-12-06,8.86
1998-12-07,6.48
1998-12-08,13.59
1998-12-09,4.91
1998-12-10,2.17
1998-12-11,4.39
1998-12-12,5.75
1998-12-13,14.09
1998-12-14,17.48
1998-12-15,6.06
1998-12-16,9.22
1998-12-17,7.79
1998-12-18,7.37
1998-12-19,10.96
1998-12-20,18.99
1998-12-21,9.29
1998-12-22,7.36
1998-12-23,6.4
1998-12-24,14.61
1998-12-25,15.24
1998-12-26,12.29
1998-12-27,5.09
1998-12-28,12.36
1998-12-29,13.88
1998-12-30,8.02
1998-12-31,17.22
1999-01-01,15.21
1999-01-02,6.94
1999-01-03,11.73
1999-01-04,10.7
1999-01-05,13.25
1999-01-06,11.61
1999-01-07,7.49
1999-01-08,2.25
1999-01-09,9.04
1999-01-10,9.56
1999-01-11,4.52
1999-01-12,1.4
1999-01-13,1.91
1999-01-14,14.51
1999-01-15,9.7
1999-01-16,3.5
1999-01-17,11.65
1999-01-18,5.16
1999-01-19,9.55
1999-01-20,9.36
1999-01-21,7.77
1999-01-22,8.06
1999-01-23,3.43
1999-01-24,14.27
1999-01-25,16.02
1999-01-26,12.1
1999-01-27,6.79
1999-01-28,13.47
1999-01-29,7.17
1999-01-30,7.79
1999-01-31,15.01
1999-02-01,2.29
1999-02-02,2.13
1999-02-03,6.25
1999-02-04,10.63
1999-02-05,6.52
1999-02-06,2.02
1999-02-07,1.59
1999-02-08,1.22
1999-02-09,1.17
1999-02-10,4.3
1999-02-11,5.41
1999-02-12,3.75
1999-02-13,9.17
1999-02-14,13.05
1999-02-15,2.72
1999-02-16,2.0
1999-02-17,4.7
1999-02-18,2.01
1999-02-19,1.0
1999-02-20,2.15
1999-02-21,4.9
1999-02-22,4.71
1999-02-23,4.66
1999-02-24,5.31
1999-02-25,11.41
1999-02-26,8.56
1999-02-27,6.49
1999-02-28,17.06
1999-03-01,3.3
1999-03-02,9.44
1999-03-03,14.87
1999-03-04,8.03
1999-03-05,13.38
1999-03-06,8.56
1999-03-07,0.62
1999-03-08,0.01
1999-03-09,10.94
1999-03-10,6.78
1999-03-11,4.76
1999-03-12,12.17
1999-03-13,21.02
1999-03-14,2.09
1999-03-15,5.85
1999-03-16,2.71
1999-03-17,2.11
1999-03-18,4.53
1999-03-19,6.15
1999-03-20,4.34
1999-03-21,2.7
1999-03-22,13.71
1999-03-23,12.77
1999-03-24,8.69
1999-03-25,12.12
1999-03-26,7.23
1999-03-27,21.41
1999-03-28,3.81
1999-03-29,17.66
1999-03-30,8.75
1999-03-31,15.6
1999-04-01,8.2
1999-04-02,1.24
1999-04-03,9.01
1999-04-04,7.21
1999-04-05,5.44
1999-04-06,5.55
1999-04-07,2.14
1999-04-08,3.7
1999-04-09,13.7
1999-04-10,10.88
1999-04-11,1.06
1999-04-12,1.94
1999-04-13,1.65
1999-04-14,1.78
1999-04-15,2.16
1999-04-16,12.28
1999-04-17,5.91
1999-04-18,12.01
1999-04-19,4.63
1999-04-20,3.83
1999-04-21,3.35
1999-04-22,1.99
1999-04-23,11.02
1999-04-24,2.63
1999-04-25,11.81
1999-04-26,6.96
1999-04-27,1.68
1999-04-28,8.36
1999-04-29,2.59
1999-04-30,4.54
1999-05-01,5.02
1999-05-02,2.13
1999-05-03,6.64
1999-05-04,15.45
1999-05-05,5.59
1999-05-06,5.24
1999-05-07,6.74
1999-05-08,4.08
1999-05-09,10.09
1999-05-10,11.85
1999-05-11,9.53
1999-05-12,11.31
1999-05-13,5.18
1999-05-14,4.17
1999-05-15,6.28
1999-05-16,5.19
1999-05-17,2.21
1999-05-18,3.04
1999-05-19,13.04
1999-05-20,1.55
1999-05-21,2.64
1999-05-22,2.68
1999-05-23,4.75
1999-05-24,9.75
1999-05-25,8.68
1999-05-26,8.71
1999-05-27,0.86
1999-05-28,1.6
1999-05-29,0.49
1999-05-30,0.43
1999-05-31,10.43
1999-06-01,20.39
1999-06-02,0.19
1999-06-03,1.65
1999-06-04,3.7
1999-06-05,3.08
1999-06-06,5.9
1999-06-07,7.05
1999-06-08,3.9
1999-06-09,6.71
1999-06-10,2.9
1999-06-11,1.91
1999-06-12,2.3
1999-06-13,1.01
1999-06-14,1.93
1999-06-15,6.0
1999-06-16,1.95
1999-06-17,1.12
1999-06-18,0.5
1999-06-19,0.18
1999-06-20,0.15
1999-06-21,0.51
1999-06-22,2.53
1999-06-23,3.17
1999-06-24,4.69
1999-06-25,6.29
1999-06-26,5.1
1999-06-27,1.01
1999-06-28,0.61
1999-06-29,11.33
1999-06-30,9.08
1999-07-01,8.24
1999-07-02,4.41
1999-07-03,11.53
1999-07-04,42.66
1999-07-05,14.23
1999-07-06,5.66
1999-07-07,4.38
1999-07-08,1.2
1999-07-09,0.3
1999-07-10,0.45
1999-07-11,6.76
1999-07-12,4.17
1999-07-13,3.4
1999-07-14,7.06
1999-07-15,7.33
1999-07-16,9.12
1999-07-17,1.56
1999-07-18,3.32
1999-07-19,1.13
1999-07-20,1.48
1999-07-21,0.35
1999-07-22,0.75
1999-07-23,1.28
1999-07-24,0.74
1999-07-25,0.06
1999-07-26,0.03
1999-07-27,0.05
1999-07-28,0.05
1999-07-29,0.65
1999-07-30,0.09
1999-07-31,0.02
1999-08-01,0.04
1999-08-02,0.19
1999-08-03,0.18
1999-08-04,0.62
1999-08-05,0.34
1999-08-06,0.71
1999-08-07,1.44
1999-08-08,1.69
1999-08-09,18.19
1999-08-10,5.59
1999-08-11,3.94
1999-08-12,2.28
1999-08-13,1.49
1999-08-14,3.25
1999-08-15,15.01
1999-08-16,3.53
1999-08-17,1.72
1999-08-18,22.09
1999-08-19,2.41
1999-08-20,0.06
1999-08-21,0.05
1999-08-22,0.17
1999-08-23,1.48
1999-08-24,2.71
1999-08-25,3.97
1999-08-26,0.62
1999-08-27,0.02
1999-08-28,0.36
1999-08-29,2.58
1999-08-30,2.56
1999-08-31,0.61
1999-09-01,0.0
1999-09-02,0.0
1999-09-03,0.29
1999-09-04,0.48
1999-09-05,0.32
1999-09-06,0.36
1999-09-07,0.03
1999-09-08,2.16
1999-09-09,36.23
1999-09-10,6.95
1999-09-11,0.06
1999-09-12,0.15
1999-09-13,0.89
1999-09-14,0.43
1999-09-15,0.21
1999-09-16,0.29
1999-09-17,0.33
1999-09-18,4.64
1999-09-19,3.0
1999-09-20,0.63
1999-09-21,1.31
1999-09-22,0.84
1999-09-23,1.76
1999-09-24,11.26
1999-09-25,4.97
1999-09-26,3.06
1999-09-27,15.08
1999-09-28,3.75
1999-09-29,26.17
1999-09-30,9.12
1999-10-01,2.73
1999-10-02,10.1
1999-10-03,12.35
1999-10-04,6.64
1999-10-05,4.32
1999-10-06,2.75
1999-10-07,2.22
1999-10-08,4.35
1999-10-09,17.58
1999-10-10,14.28
1999-10-11,9.92
1999-10-12,11.29
1999-10-13,21.75
1999-10-14,10.75
1999-10-15,6.13
1999-10-16,5.96
1999-10-17,1.63
1999-10-18,0.3
1999-10-19,4.74
1999-10-20,6.83
1999-10-21,22.31
1999-10-22,18.68
1999-10-23,20.61
1999-10-24,14.97
1999-10-25,5.63
1999-10-26,3.88
1999-10-27,7.25
1999-10-28,10.02
1999-10-29,2.22
1999-10-30,12.01
1999-10-31,6.34
1999-11-01,14.23
1999-11-02,15.65
1999-11-03,3.19
1999-11-04,1.76
1999-11-05,3.29
1999-11-06,16.33
1999-11-07,17.34
1999-11-08,4.65
1999-11-09,3.62
1999-11-10,13.29
1999-11-11,5.87
1999-11-12,2.36
1999-11-13,4.87
1999-11-14,8.28
1999-11-15,6.85
1999-11-16,15.12
1999-11-17,19.51
1999-11-18,9.56
1999-11-19,7.45
1999-11-20,11.54
1999-11-21,9.89
1999-11-22,8.59
1999-11-23,6.12
1999-11-24,15.87
1999-11-25,3.85
1999-11-26,5.14
1999-11-27,5.09
1999-11-28,2.87
1999-11-29,6.47
1999-11-30,4.05
1999-12-01,33.96
1999-12-02,5.51
1999-12-03,7.9
1999-12-04,5.08
1999-12-05,24.27
1999-12-06,19.62
1999-12-07,8.36
1999-12-08,12.59
1999-12-09,12.82
1999-12-10,5.7
1999-12-11,7.31
1999-12-12,1.11
1999-12-13,0.63
1999-12-14,0.26
1999-12-15,0.55
1999-12-16,2.74
1999-12-17,16.9
1999-12-18,17.2
1999-12-19,10.0
1999-12-20,12.87
1999-12-21,20.62
1999-12-22,19.11
1999-12-23,20.18
1999-12-24,47.37
1999-12-25,11.61
1999-12-26,4.48
1999-12-27,3.42
1999-12-28,3.83
1999-12-29,5.1
1999-12-30,11.69
1999-12-31,5.36
2000-01-01,5.21
2000-01-02,7.48
2000-01-03,5.24
2000-01-04,5.81
2000-01-05,11.97
2000-01-06,12.05
2000-01-07,12.24
2000-01-08,3.1
2000-01-09,2.36
2000-01-10,8.65
2000-01-11,3.31
2000-01-12,18.33
2000-01-13,9.09
2000-01-14,3.23
2000-01-15,1.02
2000-01-16,6.68
2000-01-17,6.82
2000-01-18,2.21
2000-01-19,4.03
2000-01-20,5.07
2000-01-21,8.27
2000-01-22,7.62
2000-01-23,2.28
2000-01-24,2.72
2000-01-25,2.56
2000-01-26,13.22
2000-01-27,9.63
2000-01-28,30.23
2000-01-29,18.77
2000-01-30,6.48
2000-01-31,12.53
2000-02-01,22.03
2000-02-02,11.64
2000-02-03,24.5
2000-02-04,4.5
2000-02-05,0.31
2000-02-06,1.04
2000-02-07,6.78
2000-02-08,20.89
2000-02-09,3.28
2000-02-10,2.88
2000-02-11,0.07
2000-02-12,0.41
2000-02-13,2.33
2000-02-14,21.05
2000-02-15,10.26
2000-02-16,2.98
2000-02-17,0.98
2000-02-18,11.01
2000-02-19,9.74
2000-02-20,2.18
2000-02-21,0.32
2000-02-22,2.53
2000-02-23,7.79
2000-02-24,35.75
2000-02-25,4.64
2000-02-26,1.93
2000-02-27,1.91
2000-02-28,0.32
2000-02-29,0.11
2000-03-01,0.32
2000-03-02,0.27
2000-03-03,0.2
2000-03-04,0.43
2000-03-05,0.31
2000-03-06,0.16
2000-03-07,0.34
2000-03-08,1.06
2000-03-09,7.8
2000-03-10,2.83
2000-03-11,12.28
2000-03-12,13.09
2000-03-13,3.7
2000-03-14,1.66
2000-03-15,4.67
2000-03-16,2.69
2000-03-17,6.48
2000-03-18,4.54
2000-03-19,3.51
2000-03-20,5.28
2000-03-21,6.6
2000-03-22,3.73
2000-03-23,1.88
2000-03-24,2.54
2000-03-25,2.76
2000-03-26,13.62
2000-03-27,10.95
2000-03-28,6.06
2000-03-29,2.52
2000-03-30,3.94
2000-03-31,3.0
2000-04-01,4.3
2000-04-02,28.79
2000-04-03,7.45
2000-04-04,1.01
2000-04-05,20.2
2000-04-06,9.27
2000-04-07,16.31
2000-04-08,20.92
2000-04-09,4.61
2000-04-10,10.87
2000-04-11,5.81
2000-04-12,4.57
2000-04-13,1.45
2000-04-14,3.73
2000-04-15,5.82
2000-04-16,9.38
2000-04-17,8.33
2000-04-18,4.06
2000-04-19,4.1
2000-04-20,9.04
2000-04-21,4.01
2000-04-22,2.68
2000-04-23,5.01
2000-04-24,10.92
2000-04-25,2.09
2000-04-26,9.76
2000-04-27,8.32
2000-04-28,6.06
2000-04-29,2.97
2000-04-30,9.42
2000-05-01,5.26
2000-05-02,5.53
2000-05-03,6.6
2000-05-04,4.33
2000-05-05,3.68
2000-05-06,3.02
2000-05-07,3.58
2000-05-08,7.77
2000-05-09,2.9
2000-05-10,2.48
2000-05-11,2.04
2000-05-12,10.96
2000-05-13,3.42
2000-05-14,0.8
2000-05-15,0.47
2000-05-16,1.13
2000-05-17,17.51
2000-05-18,3.87
2000-05-19,3.11
2000-05-20,1.94
2000-05-21,0.52
2000-05-22,0.66
2000-05-23,1.04
2000-05-24,1.25
2000-05-25,0.87
2000-05-26,0.92
2000-05-27,13.56
2000-05-28,6.14
2000-05-29,3.48
2000-05-30,2.54
2000-05-31,4.16
2000-06-01,4.02
2000-06-02,8.33
2000-06-03,3.49
2000-06-04,7.65
2000-06-05,11.91
2000-06-06,5.12
2000-06-07,11.28
2000-06-08,9.78
2000-06-09,4.81
2000-06-10,0.92
2000-06-11,1.39
2000-06-12,2.23
2000-06-13,0.86
2000-06-14,4.54
2000-06-15,6.91
2000-06-16,5.0
2000-06-17,4.59
2000-06-18,4.6
2000-06-19,10.16
2000-06-20,9.21
2000-06-21,6.38
2000-06-22,1.59
2000-06-23,3.23
2000-06-24,3.66
2000-06-25,2.3
2000-06-26,1.98
2000-06-27,3.98
2000-06-28,3.56
2000-06-29,3.51
2000-06-30,3.23
2000-07-01,0.81
2000-07-02,8.02
2000-07-03,6.33
2000-07-04,5.92
2000-07-05,5.71
2000-07-06,1.45
2000-07-07,2.03
2000-07-08,1.43
2000-07-09,1.14
2000-07-10,2.01
2000-07-11,0.09
2000-07-12,0.32
2000-07-13,1.0
2000-07-14,3.37
2000-07-15,1.04
2000-07-16,0.57
2000-07-17,6.87
2000-07-18,4.82
2000-07-19,2.1
2000-07-20,1.1
2000-07-21,1.62
2000-07-22,1.67
2000-07-23,0.3
2000-07-24,0.06
2000-07-25,0.37
2000-07-26,2.57
2000-07-27,2.28
2000-07-28,5.68
2000-07-29,4.46
2000-07-30,14.62
2000-07-31,12.99
2000-08-01,19.85
2000-08-02,18.34
2000-08-03,5.7
2000-08-04,4.74
2000-08-05,5.3
2000-08-06,3.88
2000-08-07,3.96
2000-08-08,4.25
2000-08-09,7.11
2000-08-10,10.07
2000-08-11,9.2
2000-08-12,4.29
2000-08-13,0.05
2000-08-14,0.32
2000-08-15,1.35
2000-08-16,3.35
2000-08-17,0.09
2000-08-18,0.42
2000-08-19,0.03
2000-08-20,0.57
2000-08-21,0.3
2000-08-22,0.3
2000-08-23,0.05
2000-08-24,0.06
2000-08-25,0.03
2000-08-26,0.22
2000-08-27,1.45
2000-08-28,6.95
2000-08-29,2.9
2000-08-30,5.85
2000-08-31,1.51
2000-09-01,0.91
2000-09-02,1.4
2000-09-03,1.98
2000-09-04,1.32
2000-09-05,0.55
2000-09-06,0.05
2000-09-07,1.23
2000-09-08,1.18
2000-09-09,2.31
2000-09-10,0.62
2000-09-11,0.24
2000-09-12,0.24
2000-09-13,3.28
2000-09-14,7.0
2000-09-15,0.51
2000-09-16,3.01
2000-09-17,9.83
2000-09-18,14.77
2000-09-19,5.06
2000-09-20,0.91
2000-09-21,3.67
2000-09-22,2.94
2000-09-23,4.85
2000-09-24,8.58
2000-09-25,2.83
2000-09-26,7.8
2000-09-27,4.8
2000-09-28,3.95
2000-09-29,2.12
2000-09-30,6.24
2000-10-01,3.87
2000-10-02,1.64
2000-10-03,0.28
2000-10-04,12.87
2000-10-05,10.09
2000-10-06,5.7
2000-10-07,0.64
2000-10-08,0.64
2000-10-09,3.11
2000-10-10,1.18
2000-10-11,2.53
2000-10-12,21.09
2000-10-13,1.49
2000-10-14,1.23
2000-10-15,1.63
2000-10-16,4.06
2000-10-17,2.5
2000-10-18,11.73
2000-10-19,3.61
2000-10-20,4.04
2000-10-21,3.02
2000-10-22,1.16
2000-10-23,7.26
2000-10-24,6.68
2000-10-25,8.53
2000-10-26,7.95
2000-10-27,9.27
2000-10-28,9.22
2000-10-29,5.99
2000-10-30,4.61
2000-10-31,2.05
2000-11-01,2.24
2000-11-02,33.11
2000-11-03,10.99
2000-11-04,2.57
2000-11-05,10.64
2000-11-06,6.73
2000-11-07,2.5
2000-11-08,3.87
2000-11-09,2.62
2000-11-10,16.68
2000-11-11,5.77
2000-11-12,3.96
2000-11-13,4.86
2000-11-14,16.54
2000-11-15,14.37
2000-11-16,6.9
2000-11-17,3.05
2000-11-18,2.48
2000-11-19,5.97
2000-11-20,6.38
2000-11-21,13.09
2000-11-22,4.44
2000-11-23,3.16
2000-11-24,5.68
2000-11-25,6.75
2000-11-26,2.6
2000-11-27,7.81
2000-11-28,8.42
2000-11-29,13.35
2000-11-30,5.15
2000-12-01,3.35
2000-12-02,6.94
2000-12-03,8.89
2000-12-04,20.84
2000-12-05,12.43
2000-12-06,13.61
2000-12-07,12.48
2000-12-08,9.09
2000-12-09,4.1
2000-12-10,7.73
2000-12-11,4.83
2000-12-12,14.28
2000-12-13,12.58
2000-12-14,7.35
2000-12-15,6.94
2000-12-16,5.22
2000-12-17,19.62
2000-12-18,5.07
2000-12-19,8.75
2000-12-20,6.47
2000-12-21,10.53
2000-12-22,3.78
2000-12-23,4.42
2000-12-24,9.64
2000-12-25,10.27
2000-12-26,12.89
2000-12-27,10.65
2000-12-28,12.92
2000-12-29,4.16
2000-12-30,10.01
2000-12-31,7.83
2001-01-01,4.44
2001-01-02,3.96
2001-01-03,32.26
2001-01-04,25.23
2001-01-05,6.66
2001-01-06,4.79
2001-01-07,4.28
2001-01-08,21.87
2001-01-09,20.4
2001-01-10,4.4
2001-01-11,1.32
2001-01-12,1.03
2001-01-13,2.74
2001-01-14,10.8
2001-01-15,38.85
2001-01-16,9.47
2001-01-17,2.54
2001-01-18,6.07
2001-01-19,8.4
2001-01-20,8.07
2001-01-21,22.97
2001-01-22,9.84
2001-01-23,9.31
2001-01-24,20.67
2001-01-25,15.93
2001-01-26,9.7
2001-01-27,4.91
2001-01-28,4.58
2001-01-29,9.09
2001-01-30,25.01
2001-01-31,16.55
2001-02-01,1.85
2001-02-02,1.93
2001-02-03,3.63
2001-02-04,13.02
2001-02-05,6.44
2001-02-06,7.1
2001-02-07,13.56
2001-02-08,9.09
2001-02-09,3.17
2001-02-10,1.7
2001-02-11,1.66
2001-02-12,1.6
2001-02-13,1.52
2001-02-14,1.87
2001-02-15,2.88
2001-02-16,3.18
2001-02-17,2.3
2001-02-18,1.94
2001-02-19,5.99
2001-02-20,1.73
2001-02-21,7.47
2001-02-22,8.16
2001-02-23,1.65
2001-02-24,1.72
2001-02-25,3.62
2001-02-26,1.36
2001-02-27,4.24
2001-02-28,5.66
2001-03-01,5.41
2001-03-02,0.43
2001-03-03,0.42
2001-03-04,0.86
2001-03-05,1.5
2001-03-06,1.63
2001-03-07,2.53
2001-03-08,6.28
2001-03-09,14.88
2001-03-10,7.8
2001-03-11,5.44
2001-03-12,2.36
2001-03-13,1.43
2001-03-14,2.49
2001-03-15,1.35
2001-03-16,5.22
2001-03-17,2.39
2001-03-18,1.65
2001-03-19,0.3
2001-03-20,1.66
2001-03-21,2.79
2001-03-22,3.73
2001-03-23,2.59
2001-03-24,16.15
2001-03-25,5.99
2001-03-26,6.26
2001-03-27,6.15
2001-03-28,4.04
2001-03-29,5.27
2001-03-30,3.89
2001-03-31,10.43
2001-04-01,3.31
2001-04-02,22.38
2001-04-03,8.25
2001-04-04,6.75
2001-04-05,15.17
2001-04-06,26.88
2001-04-07,16.93
2001-04-08,16.69
2001-04-09,9.25
2001-04-10,4.47
2001-04-11,5.22
2001-04-12,4.47
2001-04-13,6.39
2001-04-14,6.9
2001-04-15,19.71
2001-04-16,13.63
2001-04-17,13.11
2001-04-18,3.1
2001-04-19,9.27
2001-04-20,23.16
2001-04-21,5.65
2001-04-22,0.26
2001-04-23,0.73
2001-04-24,2.52
2001-04-25,2.22
2001-04-26,1.81
2001-04-27,9.91
2001-04-28,3.26
2001-04-29,3.86
2001-04-30,1.37
2001-05-01,0.34
2001-05-02,1.43
2001-05-03,0.85
2001-05-04,1.21
2001-05-05,1.38
2001-05-06,1.56
2001-05-07,2.22
2001-05-08,1.36
2001-05-09,11.57
2001-05-10,7.42
2001-05-11,6.57
2001-05-12,8.13
2001-05-13,1.4
2001-05-14,1.64
2001-05-15,4.01
2001-05-16,4.74
2001-05-17,12.02
2001-05-18,6.59
2001-05-19,2.12
2001-05-20,1.68
2001-05-21,0.57
2001-05-22,1.03
2001-05-23,0.72
2001-05-24,1.78
2001-05-25,1.46
2001-05-26,4.09
2001-05-27,6.97
2001-05-28,6.29
2001-05-29,6.41
2001-05-30,0.79
2001-05-31,0.46
2001-06-01,7.25
2001-06-02,8.27
2001-06-03,6.08
2001-06-04,5.34
2001-06-05,4.86
2001-06-06,7.38
2001-06-07,5.54
2001-06-08,12.34
2001-06-09,0.74
2001-06-10,0.55
2001-06-11,1.72
2001-06-12,1.07
2001-06-13,1.66
2001-06-14,1.43
2001-06-15,10.03
2001-06-16,20.09
2001-06-17,1.46
2001-06-18,1.72
2001-06-19,0.59
2001-06-20,0.65
2001-06-21,0.6
2001-06-22,0.8
2001-06-23,0.88
2001-06-24,1.1
2001-06-25,1.46
2001-06-26,8.84
2001-06-27,3.53
2001-06-28,1.21
2001-06-29,0.95
2001-06-30,0.41
2001-07-01,0.32
2001-07-02,0.11
2001-07-03,0.03
2001-07-04,0.04
2001-07-05,0.13
2001-07-06,0.02
2001-07-07,0.01
2001-07-08,0.06
2001-07-09,0.08
2001-07-10,1.27
2001-07-11,0.84
2001-07-12,0.81
2001-07-13,3.27
2001-07-14,3.11
2001-07-15,2.4
2001-07-16,7.88
2001-07-17,7.67
2001-07-18,1.13
2001-07-19,0.98
2001-07-20,2.08
2001-07-21,6.7
2001-07-22,1.86
2001-07-23,1.98
2001-07-24,2.24
2001-07-25,5.34
2001-07-26,1.74
2001-07-27,1.38
2001-07-28,4.94
2001-07-29,4.29
2001-07-30,4.27
2001-07-31,3.08
2001-08-01,4.78
2001-08-02,6.92
2001-08-03,7.73
2001-08-04,2.21
2001-08-05,6.66
2001-08-06,1.7
2001-08-07,0.6
2001-08-08,2.54
2001-08-09,2.59
2001-08-10,0.98
2001-08-11,0.79
2001-08-12,0.16
2001-08-13,0.03
2001-08-14,0.09
2001-08-15,0.06
2001-08-16,0.44
2001-08-17,0.16
2001-08-18,0.53
2001-08-19,0.13
2001-08-20,1.01
2001-08-21,2.72
2001-08-22,6.53
2001-08-23,4.67
2001-08-24,2.74
2001-08-25,2.03
2001-08-26,1.48
2001-08-27,21.61
2001-08-28,2.97
2001-08-29,5.47
2001-08-30,18.36
2001-08-31,10.76
2001-09-01,0.57
2001-09-02,1.84
2001-09-03,1.75
2001-09-04,10.31
2001-09-05,6.23
2001-09-06,4.47
2001-09-07,4.69
2001-09-08,1.48
2001-09-09,0.39
2001-09-10,0.27
2001-09-11,1.43
2001-09-12,1.94
2001-09-13,6.3
2001-09-14,5.63
2001-09-15,4.27
2001-09-16,6.86
2001-09-17,6.17
2001-09-18,1.42
2001-09-19,0.47
2001-09-20,0.81
2001-09-21,0.86
2001-09-22,0.68
2001-09-23,0.68
2001-09-24,1.62
2001-09-25,14.74
2001-09-26,6.07
2001-09-27,2.47
2001-09-28,2.97
2001-09-29,4.01
2001-09-30,1.11
2001-10-01,13.11
2001-10-02,7.84
2001-10-03,12.96
2001-10-04,2.53
2001-10-05,7.48
2001-10-06,24.9
2001-10-07,21.15
2001-10-08,10.14
2001-10-09,10.03
2001-10-10,6.07
2001-10-11,4.06
2001-10-12,3.94
2001-10-13,0.94
2001-10-14,6.97
2001-10-15,3.83
2001-10-16,19.62
2001-10-17,10.95
2001-10-18,10.58
2001-10-19,2.78
2001-10-20,20.07
2001-10-21,15.4
2001-10-22,5.29
2001-10-23,13.98
2001-10-24,5.61
2001-10-25,14.45
2001-10-26,4.92
2001-10-27,18.15
2001-10-28,6.45
2001-10-29,12.95
2001-10-30,8.09
2001-10-31,5.64
2001-11-01,11.38
2001-11-02,10.61
2001-11-03,3.57
2001-11-04,3.97
2001-11-05,4.03
2001-11-06,3.43
2001-11-07,5.94
2001-11-08,3.79
2001-11-09,6.24
2001-11-10,2.22
2001-11-11,2.2
2001-11-12,2.52
2001-11-13,2.92
2001-11-14,9.62
2001-11-15,27.29
2001-11-16,7.46
2001-11-17,9.24
2001-11-18,6.37
2001-11-19,6.94
2001-11-20,9.97
2001-11-21,9.97
2001-11-22,16.93
2001-11-23,4.26
2001-11-24,9.72
2001-11-25,16.19
2001-11-26,3.86
2001-11-27,4.84
2001-11-28,10.78
2001-11-29,14.85
2001-11-30,20.75
2001-12-01,7.78
2001-12-02,7.19
2001-12-03,4.46
2001-12-04,12.71
2001-12-05,5.53
2001-12-06,12.18
2001-12-07,6.91
2001-12-08,14.49
2001-12-09,15.15
2001-12-10,10.33
2001-12-11,5.86
2001-12-12,14.91
2001-12-13,1.53
2001-12-14,3.73
2001-12-15,10.63
2001-12-16,8.6
2001-12-17,4.19
2001-12-18,9.11
2001-12-19,9.86
2001-12-20,22.77
2001-12-21,18.96
2001-12-22,6.43
2001-12-23,5.13
2001-12-24,13.13
2001-12-25,11.77
2001-12-26,20.43
2001-12-27,2.92
2001-12-28,2.69
2001-12-29,3.51
2001-12-30,5.63
2001-12-31,3.16
2002-01-01,0.49
2002-01-02,0.13
2002-01-03,0.78
2002-01-04,0.59
2002-01-05,2.31
2002-01-06,4.68
2002-01-07,19.24
2002-01-08,25.92
2002-01-09,9.09
2002-01-10,10.3
2002-01-11,4.98
2002-01-12,3.57
2002-01-13,11.55
2002-01-14,3.98
2002-01-15,0.74
2002-01-16,10.71
2002-01-17,6.83
2002-01-18,4.14
2002-01-19,3.77
2002-01-20,10.54
2002-01-21,7.19
2002-01-22,12.11
2002-01-23,16.86
2002-01-24,12.49
2002-01-25,17.22
2002-01-26,11.29
2002-01-27,9.29
2002-01-28,8.29
2002-01-29,5.43
2002-01-30,11.78
2002-01-31,12.23
2002-02-01,5.66
2002-02-02,1.03
2002-02-03,0.34
2002-02-04,0.24
2002-02-05,0.35
2002-02-06,0.55
2002-02-07,0.37
2002-02-08,0.49
2002-02-09,0.21
2002-02-10,0.03
2002-02-11,0.29
2002-02-12,0.17
2002-02-13,1.66
2002-02-14,3.12
2002-02-15,3.13
2002-02-16,1.65
2002-02-17,0.16
2002-02-18,0.21
2002-02-19,1.21
2002-02-20,3.24
2002-02-21,5.04
2002-02-22,3.78
2002-02-23,2.23
2002-02-24,3.08
2002-02-25,4.68
2002-02-26,9.69
2002-02-27,13.02
2002-02-28,19.69
2002-03-01,10.25
2002-03-02,3.31
2002-03-03,15.03
2002-03-04,12.22
2002-03-05,11.09
2002-03-06,6.66
2002-03-07,11.81
2002-03-08,6.9
2002-03-09,1.46
2002-03-10,0.65
2002-03-11,0.48
2002-03-12,0.81
2002-03-13,5.68
2002-03-14,8.22
2002-03-15,6.78
2002-03-16,3.19
2002-03-17,18.34
2002-03-18,1.29
2002-03-19,6.36
2002-03-20,21.2
2002-03-21,7.24
2002-03-22,1.42
2002-03-23,1.21
2002-03-24,2.4
2002-03-25,0.36
2002-03-26,6.4
2002-03-27,24.34
2002-03-28,17.3
2002-03-29,3.08
2002-03-30,4.64
2002-03-31,5.73
2002-04-01,34.69
2002-04-02,0.63
2002-04-03,2.0
2002-04-04,6.04
2002-04-05,7.99
2002-04-06,10.11
2002-04-07,6.27
2002-04-08,2.68
2002-04-09,4.45
2002-04-10,2.68
2002-04-11,0.16
2002-04-12,0.41
2002-04-13,2.68
2002-04-14,5.66
2002-04-15,3.29
2002-04-16,3.12
2002-04-17,0.93
2002-04-18,4.67
2002-04-19,1.69
2002-04-20,1.38
2002-04-21,2.09
2002-04-22,1.7
2002-04-23,4.05
2002-04-24,3.65
2002-04-25,5.86
2002-04-26,1.13
2002-04-27,3.8
2002-04-28,3.5
2002-04-29,4.22
2002-04-30,6.18
2002-05-01,10.38
2002-05-02,2.09
2002-05-03,3.38
2002-05-04,5.4
2002-05-05,6.31
2002-05-06,6.57
2002-05-07,13.87
2002-05-08,8.57
2002-05-09,11.51
2002-05-10,2.04
2002-05-11,0.92
2002-05-12,1.1
2002-05-13,0.28
2002-05-14,0.86
2002-05-15,0.71
2002-05-16,1.05
2002-05-17,0.71
2002-05-18,0.12
2002-05-19,0.01
2002-05-20,0.0
2002-05-21,0.0
2002-05-22,0.07
2002-05-23,0.57
2002-05-24,5.26
2002-05-25,2.62
2002-05-26,1.17
2002-05-27,1.39
2002-05-28,0.41
2002-05-29,1.97
2002-05-30,1.16
2002-05-31,1.36
2002-06-01,0.68
2002-06-02,0.3
2002-06-03,0.42
2002-06-04,1.71
2002-06-05,0.65
2002-06-06,0.6
2002-06-07,2.07
2002-06-08,6.12
2002-06-09,0.85
2002-06-10,4.46
2002-06-11,20.3
2002-06-12,8.44
2002-06-13,5.73
2002-06-14,1.61
2002-06-15,5.09
2002-06-16,2.72
2002-06-17,21.66
2002-06-18,2.37
2002-06-19,0.98
2002-06-20,4.09
2002-06-21,2.49
2002-06-22,4.18
2002-06-23,3.56
2002-06-24,0.39
2002-06-25,0.43
2002-06-26,0.68
2002-06-27,0.45
2002-06-28,0.97
2002-06-29,0.04
2002-06-30,0.26
2002-07-01,1.08
2002-07-02,9.18
2002-07-03,1.43
2002-07-04,1.64
2002-07-05,0.52
2002-07-06,0.13
2002-07-07,0.47
2002-07-08,1.02
2002-07-09,2.09
2002-07-10,0.13
2002-07-11,17.68
2002-07-12,4.51
2002-07-13,5.19
2002-07-14,3.18
2002-07-15,7.9
2002-07-16,5.85
2002-07-17,1.68
2002-07-18,1.58
2002-07-19,2.59
2002-07-20,11.82
2002-07-21,12.09
2002-07-22,4.95
2002-07-23,0.58
2002-07-24,0.72
2002-07-25,0.6
2002-07-26,0.23
2002-07-27,0.2
2002-07-28,0.07
2002-07-29,0.48
2002-07-30,1.05
2002-07-31,0.75
2002-08-01,0.35
2002-08-02,0.56
2002-08-03,0.86
2002-08-04,2.09
2002-08-05,0.07
2002-08-06,0.03
2002-08-07,1.23
2002-08-08,0.63
2002-08-09,1.67
2002-08-10,1.93
2002-08-11,31.83
2002-08-12,4.23
2002-08-13,0.19
2002-08-14,0.18
2002-08-15,0.08
2002-08-16,0.0
2002-08-17,0.0
2002-08-18,0.0
2002-08-19,0.04
2002-08-20,0.01
2002-08-21,0.01
2002-08-22,0.01
2002-08-23,0.17
2002-08-24,0.55
2002-08-25,0.67
2002-08-26,0.5
2002-08-27,8.53
2002-08-28,0.03
2002-08-29,0.61
2002-08-30,0.22
2002-08-31,3.74
2002-09-01,1.12
2002-09-02,0.06
2002-09-03,0.12
2002-09-04,1.9
2002-09-05,1.21
2002-09-06,0.31
2002-09-07,0.2
2002-09-08,0.48
2002-09-09,0.57
2002-09-10,7.29
2002-09-11,2.11
2002-09-12,0.79
2002-09-13,1.07
2002-09-14,0.77
2002-09-15,0.33
2002-09-16,0.0
2002-09-17,0.0
2002-09-18,0.0
2002-09-19,0.02
2002-09-20,0.02
2002-09-21,0.24
2002-09-22,0.0
2002-09-23,0.14
2002-09-24,0.62
2002-09-25,2.12
2002-09-26,3.75
2002-09-27,9.09
2002-09-28,2.8
2002-09-29,0.63
2002-09-30,0.03
2002-10-01,0.03
2002-10-02,0.02
2002-10-03,1.74
2002-10-04,7.76
2002-10-05,4.3
2002-10-06,1.3
2002-10-07,0.69
2002-10-08,0.07
2002-10-09,0.02
2002-10-10,0.0
2002-10-11,0.02
2002-10-12,0.12
2002-10-13,0.17
2002-10-14,0.49
2002-10-15,1.9
2002-10-16,4.02
2002-10-17,3.53
2002-10-18,0.35
2002-10-19,1.05
2002-10-20,4.9
2002-10-21,0.09
2002-10-22,0.02
2002-10-23,0.0
2002-10-24,0.42
2002-10-25,1.04
2002-10-26,1.79
2002-10-27,2.02
2002-10-28,2.8
2002-10-29,0.55
2002-10-30,0.03
2002-10-31,0.96
2002-11-01,3.23
2002-11-02,3.68
2002-11-03,2.92
2002-11-04,1.21
2002-11-05,2.69
2002-11-06,5.31
2002-11-07,1.88
2002-11-08,3.04
2002-11-09,2.2
2002-11-10,6.03
2002-11-11,1.2
2002-11-12,6.74
2002-11-13,15.13
2002-11-14,1.38
2002-11-15,6.81
2002-11-16,4.96
2002-11-17,6.65
2002-11-18,25.74
2002-11-19,7.51
2002-11-20,6.43
2002-11-21,14.04
2002-11-22,15.93
2002-11-23,4.16
2002-11-24,3.79
2002-11-25,6.27
2002-11-26,14.05
2002-11-27,12.92
2002-11-28,19.55
2002-11-29,4.97
2002-11-30,13.95
2002-12-01,7.36
2002-12-02,6.37
2002-12-03,0.99
2002-12-04,9.21
2002-12-05,4.89
2002-12-06,5.37
2002-12-07,2.69
2002-12-08,0.51
2002-12-09,2.06
2002-12-10,1.91
2002-12-11,2.25
2002-12-12,2.95
2002-12-13,4.41
2002-12-14,2.76
2002-12-15,1.88
2002-12-16,9.96
2002-12-17,5.56
2002-12-18,1.99
2002-12-19,1.48
2002-12-20,1.09
2002-12-21,2.66
2002-12-22,7.72
2002-12-23,15.54
2002-12-24,10.45
2002-12-25,4.9
2002-12-26,7.12
2002-12-27,9.06
2002-12-28,4.85
2002-12-29,4.93
2002-12-30,4.48
2002-12-31,4.84
2003-01-01,1.32
2003-01-02,1.12
2003-01-03,5.77
2003-01-04,9.18
2003-01-05,8.9
2003-01-06,7.01
2003-01-07,5.74
2003-01-08,8.06
2003-01-09,12.3
2003-01-10,3.97
2003-01-11,5.39
2003-01-12,6.09
2003-01-13,5.87
2003-01-14,2.44
2003-01-15,9.18
2003-01-16,18.05
2003-01-17,8.91
2003-01-18,7.34
2003-01-19,7.75
2003-01-20,6.46
2003-01-21,6.75
2003-01-22,3.38
2003-01-23,1.53
2003-01-24,4.04
2003-01-25,3.01
2003-01-26,1.32
2003-01-27,0.88
2003-01-28,3.3
2003-01-29,14.08
2003-01-30,8.49
2003-01-31,15.53
2003-02-01,21.67
2003-02-02,3.88
2003-02-03,10.08
2003-02-04,20.79
2003-02-05,36.07
2003-02-06,18.73
2003-02-07,7.03
2003-02-08,4.26
2003-02-09,6.88
2003-02-10,1.95
2003-02-11,2.78
2003-02-12,3.12
2003-02-13,5.41
2003-02-14,14.07
2003-02-15,5.99
2003-02-16,3.3
2003-02-17,6.27
2003-02-18,8.22
2003-02-19,15.27
2003-02-20,3.87
2003-02-21,4.54
2003-02-22,0.63
2003-02-23,0.24
2003-02-24,1.28
2003-02-25,1.03
2003-02-26,4.37
2003-02-27,5.17
2003-02-28,2.61
2003-03-01,0.68
2003-03-02,4.74
2003-03-03,0.75
2003-03-04,0.11
2003-03-05,0.27
2003-03-06,19.33
2003-03-07,1.72
2003-03-08,18.63
2003-03-09,12.91
2003-03-10,7.33
2003-03-11,2.21
2003-03-12,0.75
2003-03-13,1.18
2003-03-14,1.23
2003-03-15,13.66
2003-03-16,2.58
2003-03-17,0.37
2003-03-18,17.61
2003-03-19,8.26
2003-03-20,5.6
2003-03-21,2.33
2003-03-22,4.0
2003-03-23,1.59
2003-03-24,2.02
2003-03-25,1.71
2003-03-26,6.14
2003-03-27,12.05
2003-03-28,4.98
2003-03-29,7.14
2003-03-30,2.54
2003-03-31,3.44
2003-04-01,1.57
2003-04-02,4.99
2003-04-03,5.42
2003-04-04,9.03
2003-04-05,5.02
2003-04-06,12.51
2003-04-07,7.76
2003-04-08,4.16
2003-04-09,23.72
2003-04-10,9.37
2003-04-11,2.97
2003-04-12,5.25
2003-04-13,2.05
2003-04-14,2.22
2003-04-15,7.3
2003-04-16,4.05
2003-04-17,6.46
2003-04-18,3.63
2003-04-19,6.13
2003-04-20,1.48
2003-04-21,9.65
2003-04-22,12.61
2003-04-23,9.47
2003-04-24,5.0
2003-04-25,4.5
2003-04-26,5.28
2003-04-27,20.71
2003-04-28,1.21
2003-04-29,2.98
2003-04-30,13.88
2003-05-01,11.26
2003-05-02,3.93
2003-05-03,6.74
2003-05-04,2.25
2003-05-05,10.09
2003-05-06,12.56
2003-05-07,3.95
2003-05-08,5.8
2003-05-09,7.37
2003-05-10,1.85
2003-05-11,6.03
2003-05-12,6.73
2003-05-13,3.02
2003-05-14,5.38
2003-05-15,0.66
2003-05-16,0.98
2003-05-17,0.29
2003-05-18,0.39
2003-05-19,0.43
2003-05-20,0.29
2003-05-21,0.22
2003-05-22,0.13
2003-05-23,0.35
2003-05-24,0.08
2003-05-25,0.15
2003-05-26,0.32
2003-05-27,0.07
2003-05-28,0.04
2003-05-29,0.46
2003-05-30,1.77
2003-05-31,3.59
2003-06-01,1.75
2003-06-02,0.63
2003-06-03,0.05
2003-06-04,0.39
2003-06-05,1.56
2003-06-06,0.23
2003-06-07,0.37
2003-06-08,0.03
2003-06-09,0.38
2003-06-10,0.55
2003-06-11,0.42
2003-06-12,0.01
2003-06-13,0.13
2003-06-14,0.14
2003-06-15,0.19
2003-06-16,0.24
2003-06-17,0.06
2003-06-18,0.41
2003-06-19,1.43
2003-06-20,11.74
2003-06-21,6.38
2003-06-22,1.57
2003-06-23,8.7
2003-06-24,3.43
2003-06-25,6.61
2003-06-26,4.02
2003-06-27,9.36
2003-06-28,1.98
2003-06-29,0.37
2003-06-30,0.06
2003-07-01,0.02
2003-07-02,11.32
2003-07-03,4.8
2003-07-04,36.69
2003-07-05,4.11
2003-07-06,0.65
2003-07-07,0.42
2003-07-08,0.5
2003-07-09,1.12
2003-07-10,3.11
2003-07-11,4.33
2003-07-12,7.19
2003-07-13,5.68
2003-07-14,1.51
2003-07-15,1.04
2003-07-16,1.43
2003-07-17,0.67
2003-07-18,0.11
2003-07-19,0.07
2003-07-20,0.2
2003-07-21,0.11
2003-07-22,0.37
2003-07-23,0.2
2003-07-24,0.59
2003-07-25,2.51
2003-07-26,1.57
2003-07-27,0.63
2003-07-28,0.45
2003-07-29,0.03
2003-07-30,0.17
2003-07-31,8.07
2003-08-01,1.1
2003-08-02,0.57
2003-08-03,13.5
2003-08-04,0.65
2003-08-05,0.07
2003-08-06,0.0
2003-08-07,0.0
2003-08-08,0.21
2003-08-09,2.33
2003-08-10,0.28
2003-08-11,0.45
2003-08-12,0.74
2003-08-13,0.15
2003-08-14,0.6
2003-08-15,11.42
2003-08-16,5.8
2003-08-17,1.39
2003-08-18,0.94
2003-08-19,0.35
2003-08-20,0.01
2003-08-21,0.51
2003-08-22,1.47
2003-08-23,1.61
2003-08-24,1.33
2003-08-25,1.04
2003-08-26,0.69
2003-08-27,1.23
2003-08-28,8.57
2003-08-29,2.96
2003-08-30,3.93
2003-08-31,2.45
2003-09-01,2.87
2003-09-02,5.8
2003-09-03,4.8
2003-09-04,1.69
2003-09-05,1.6
2003-09-06,0.33
2003-09-07,0.15
2003-09-08,0.01
2003-09-09,4.14
2003-09-10,0.09
2003-09-11,5.06
2003-09-12,12.85
2003-09-13,3.66
2003-09-14,3.33
2003-09-15,3.62
2003-09-16,2.06
2003-09-17,1.91
2003-09-18,8.23
2003-09-19,6.11
2003-09-20,5.38
2003-09-21,2.0
2003-09-22,3.75
2003-09-23,10.63
2003-09-24,7.61
2003-09-25,2.01
2003-09-26,0.02
2003-09-27,0.02
2003-09-28,1.07
2003-09-29,2.11
2003-09-30,0.0
2003-10-01,0.0
2003-10-02,0.17
2003-10-03,3.92
2003-10-04,3.59
2003-10-05,42.93
2003-10-06,22.15
2003-10-07,5.34
2003-10-08,4.93
2003-10-09,3.54
2003-10-10,15.19
2003-10-11,20.53
2003-10-12,15.11
2003-10-13,1.46
2003-10-14,2.67
2003-10-15,3.24
2003-10-16,5.25
2003-10-17,32.0
2003-10-18,3.08
2003-10-19,1.5
2003-10-20,3.34
2003-10-21,0.44
2003-10-22,0.44
2003-10-23,0.98
2003-10-24,2.5
2003-10-25,2.79
2003-10-26,2.87
2003-10-27,0.94
2003-10-28,2.24
2003-10-29,18.64
2003-10-30,13.12
2003-10-31,20.04
2003-11-01,5.63
2003-11-02,3.19
2003-11-03,2.94
2003-11-04,4.21
2003-11-05,7.36
2003-11-06,4.65
2003-11-07,1.13
2003-11-08,2.14
2003-11-09,2.34
2003-11-10,1.14
2003-11-11,1.42
2003-11-12,4.7
2003-11-13,2.37
2003-11-14,7.83
2003-11-15,15.38
2003-11-16,16.23
2003-11-17,11.55
2003-11-18,14.92
2003-11-19,9.57
2003-11-20,4.37
2003-11-21,8.7
2003-11-22,13.96
2003-11-23,4.28
2003-11-24,3.16
2003-11-25,10.01
2003-11-26,9.72
2003-11-27,11.99
2003-11-28,6.52
2003-11-29,14.86
2003-11-30,19.39
2003-12-01,4.94
2003-12-02,8.77
2003-12-03,15.23
2003-12-04,8.68
2003-12-05,15.25
2003-12-06,15.38
2003-12-07,30.75
2003-12-08,16.1
2003-12-09,43.23
2003-12-10,13.19
2003-12-11,6.75
2003-12-12,15.5
2003-12-13,6.77
2003-12-14,8.96
2003-12-15,3.69
2003-12-16,11.88
2003-12-17,18.38
2003-12-18,16.59
2003-12-19,13.47
2003-12-20,7.16
2003-12-21,5.61
2003-12-22,5.7
2003-12-23,3.3
2003-12-24,1.45
2003-12-25,1.08
2003-12-26,1.14
2003-12-27,3.67
2003-12-28,2.91
2003-12-29,0.82
2003-12-30,1.35
2003-12-31,1.0
2004-01-01,0.97
2004-01-02,0.94
2004-01-03,3.31
2004-01-04,3.86
2004-01-05,9.43
2004-01-06,11.29
2004-01-07,4.02
2004-01-08,1.62
2004-01-09,4.63
2004-01-10,6.32
2004-01-11,15.69
2004-01-12,5.61
2004-01-13,18.26
2004-01-14,5.37
2004-01-15,0.3
2004-01-16,1.23
2004-01-17,1.6
2004-01-18,11.23
2004-01-19,11.67
2004-01-20,3.6
2004-01-21,3.04
2004-01-22,1.62
2004-01-23,7.47
2004-01-24,11.89
2004-01-25,6.04
2004-01-26,8.24
2004-01-27,11.21
2004-01-28,7.22
2004-01-29,8.39
2004-01-30,1.22
2004-01-31,5.12
2004-02-01,10.53
2004-02-02,5.87
2004-02-03,9.33
2004-02-04,3.9
2004-02-05,4.91
2004-02-06,9.17
2004-02-07,7.93
2004-02-08,4.17
2004-02-09,1.97
2004-02-10,3.11
2004-02-11,5.93
2004-02-12,2.69
2004-02-13,1.19
2004-02-14,0.51
2004-02-15,4.6
2004-02-16,1.23
2004-02-17,0.46
2004-02-18,3.03
2004-02-19,1.18
2004-02-20,1.9
2004-02-21,2.99
2004-02-22,8.98
2004-02-23,29.5
2004-02-24,6.94
2004-02-25,4.56
2004-02-26,2.12
2004-02-27,0.6
2004-02-28,0.03
2004-02-29,17.76
2004-03-01,3.7
2004-03-02,3.79
2004-03-03,6.94
2004-03-04,14.24
2004-03-05,21.15
2004-03-06,3.72
2004-03-07,15.25
2004-03-08,14.09
2004-03-09,6.04
2004-03-10,5.21
2004-03-11,3.47
2004-03-12,8.37
2004-03-13,4.35
2004-03-14,3.69
2004-03-15,5.22
2004-03-16,7.25
2004-03-17,8.65
2004-03-18,3.38
2004-03-19,2.25
2004-03-20,1.48
2004-03-21,0.34
2004-03-22,0.96
2004-03-23,0.85
2004-03-24,14.29
2004-03-25,2.59
2004-03-26,7.97
2004-03-27,3.59
2004-03-28,4.96
2004-03-29,16.62
2004-03-30,14.08
2004-03-31,5.99
2004-04-01,2.96
2004-04-02,1.59
2004-04-03,8.37
2004-04-04,8.0
2004-04-05,3.49
2004-04-06,7.97
2004-04-07,0.96
2004-04-08,11.84
2004-04-09,8.12
2004-04-10,2.37
2004-04-11,1.6
2004-04-12,1.87
2004-04-13,0.62
2004-04-14,0.81
2004-04-15,1.56
2004-04-16,0.63
2004-04-17,0.8
2004-04-18,2.31
2004-04-19,2.9
2004-04-20,2.0
2004-04-21,5.21
2004-04-22,2.88
2004-04-23,10.48
2004-04-24,22.5
2004-04-25,1.43
2004-04-26,4.22
2004-04-27,3.29
2004-04-28,3.33
2004-04-29,6.16
2004-04-30,3.55
2004-05-01,7.59
2004-05-02,6.26
2004-05-03,3.83
2004-05-04,3.55
2004-05-05,7.38
2004-05-06,16.78
2004-05-07,8.78
2004-05-08,28.83
2004-05-09,16.69
2004-05-10,3.68
2004-05-11,1.39
2004-05-12,5.89
2004-05-13,1.3
2004-05-14,1.06
2004-05-15,0.74
2004-05-16,8.01
2004-05-17,20.61
2004-05-18,6.05
2004-05-19,1.97
2004-05-20,2.49
2004-05-21,3.18
2004-05-22,2.19
2004-05-23,4.39
2004-05-24,6.95
2004-05-25,5.28
2004-05-26,13.48
2004-05-27,7.85
2004-05-28,4.45
2004-05-29,6.14
2004-05-30,7.23
2004-05-31,7.17
2004-06-01,5.14
2004-06-02,2.39
2004-06-03,1.34
2004-06-04,2.33
2004-06-05,0.42
2004-06-06,0.95
2004-06-07,2.82
2004-06-08,4.05
2004-06-09,13.94
2004-06-10,2.2
2004-06-11,1.04
2004-06-12,1.26
2004-06-13,0.82
2004-06-14,1.33
2004-06-15,0.68
2004-06-16,0.02
2004-06-17,0.03
2004-06-18,0.13
2004-06-19,0.02
2004-06-20,3.29
2004-06-21,6.81
2004-06-22,3.46
2004-06-23,1.48
2004-06-24,0.28
2004-06-25,1.86
2004-06-26,8.4
2004-06-27,5.18
2004-06-28,1.16
2004-06-29,3.05
2004-06-30,4.88
2004-07-01,9.19
2004-07-02,1.71
2004-07-03,8.82
2004-07-04,8.48
2004-07-05,3.9
2004-07-06,3.56
2004-07-07,5.16
2004-07-08,13.42
2004-07-09,3.83
2004-07-10,5.73
2004-07-11,1.57
2004-07-12,1.45
2004-07-13,10.12
2004-07-14,6.12
2004-07-15,6.79
2004-07-16,4.37
2004-07-17,4.14
2004-07-18,5.29
2004-07-19,0.98
2004-07-20,14.24
2004-07-21,7.33
2004-07-22,2.53
2004-07-23,1.72
2004-07-24,6.14
2004-07-25,4.8
2004-07-26,1.21
2004-07-27,0.24
2004-07-28,0.16
2004-07-29,1.26
2004-07-30,4.2
2004-07-31,5.4
2004-08-01,0.6
2004-08-02,0.12
2004-08-03,0.01
2004-08-04,0.0
2004-08-05,0.01
2004-08-06,0.01
2004-08-07,0.01
2004-08-08,0.02
2004-08-09,0.0
2004-08-10,0.0
2004-08-11,0.01
2004-08-12,0.0
2004-08-13,0.0
2004-08-14,0.0
2004-08-15,0.0
2004-08-16,0.08
2004-08-17,0.85
2004-08-18,0.05
2004-08-19,1.4
2004-08-20,0.53
2004-08-21,0.05
2004-08-22,0.07
2004-08-23,0.16
2004-08-24,0.06
2004-08-25,0.36
2004-08-26,0.56
2004-08-27,0.15
2004-08-28,0.0
2004-08-29,0.0
2004-08-30,0.0
2004-08-31,0.18
2004-09-01,0.43
2004-09-02,1.28
2004-09-03,0.75
2004-09-04,0.26
2004-09-05,0.44
2004-09-06,0.93
2004-09-07,0.32
2004-09-08,0.03
2004-09-09,0.13
2004-09-10,2.27
2004-09-11,2.19
2004-09-12,1.43
2004-09-13,0.58
2004-09-14,1.95
2004-09-15,3.84
2004-09-16,2.51
2004-09-17,1.01
2004-09-18,1.14
2004-09-19,1.06
2004-09-20,2.48
2004-09-21,1.68
2004-09-22,0.19
2004-09-23,0.02
2004-09-24,0.01
2004-09-25,0.45
2004-09-26,0.22
2004-09-27,0.23
2004-09-28,2.75
2004-09-29,2.68
2004-09-30,5.88
2004-10-01,1.0
2004-10-02,0.73
2004-10-03,3.04
2004-10-04,1.6
2004-10-05,0.56
2004-10-06,0.12
2004-10-07,0.02
2004-10-08,0.2
2004-10-09,1.13
2004-10-10,1.19
2004-10-11,0.22
2004-10-12,0.72
2004-10-13,2.52
2004-10-14,0.01
2004-10-15,0.0
2004-10-16,0.15
2004-10-17,1.1
2004-10-18,34.0
2004-10-19,5.7
2004-10-20,2.39
2004-10-21,4.48
2004-10-22,9.03
2004-10-23,5.95
2004-10-24,1.34
2004-10-25,6.18
2004-10-26,10.84
2004-10-27,9.71
2004-10-28,8.64
2004-10-29,6.57
2004-10-30,2.91
2004-10-31,4.3
2004-11-01,7.64
2004-11-02,3.54
2004-11-03,10.71
2004-11-04,3.15
2004-11-05,0.8
2004-11-06,0.29
2004-11-07,0.86
2004-11-08,2.6
2004-11-09,0.8
2004-11-10,0.62
2004-11-11,0.79
2004-11-12,2.59
2004-11-13,2.64
2004-11-14,3.1
2004-11-15,4.14
2004-11-16,2.64
2004-11-17,1.41
2004-11-18,6.23
2004-11-19,15.7
2004-11-20,10.7
2004-11-21,9.05
2004-11-22,9.48
2004-11-23,4.14
2004-11-24,8.13
2004-11-25,17.06
2004-11-26,12.53
2004-11-27,7.1
2004-11-28,7.53
2004-11-29,4.86
2004-11-30,14.62
2004-12-01,12.85
2004-12-02,7.67
2004-12-03,3.52
2004-12-04,4.75
2004-12-05,11.09
2004-12-06,15.49
2004-12-07,14.85
2004-12-08,4.95
2004-12-09,5.17
2004-12-10,2.01
2004-12-11,4.2
2004-12-12,10.7
2004-12-13,17.07
2004-12-14,22.03
2004-12-15,12.26
2004-12-16,14.71
2004-12-17,18.18
2004-12-18,17.6
2004-12-19,8.43
2004-12-20,23.19
2004-12-21,13.11
2004-12-22,19.5
2004-12-23,3.76
2004-12-24,9.81
2004-12-25,8.45
2004-12-26,11.57
2004-12-27,12.03
2004-12-28,22.43
2004-12-29,10.5
2004-12-30,8.25
2004-12-31,21.53
2005-01-01,23.1
2005-01-02,5.62
2005-01-03,20.38
2005-01-04,22.93
2005-01-05,28.3
2005-01-06,15.24
2005-01-07,10.87
2005-01-08,11.4
2005-01-09,13.11
2005-01-10,19.03
2005-01-11,7.25
2005-01-12,3.6
2005-01-13,4.95
2005-01-14,2.14
2005-01-15,6.5
2005-01-16,3.64
2005-01-17,0.86
2005-01-18,0.42
2005-01-19,0.02
2005-01-20,0.04
2005-01-21,0.02
2005-01-22,0.0
2005-01-23,0.08
2005-01-24,0.06
2005-01-25,0.04
2005-01-26,0.0
2005-01-27,0.0
2005-01-28,5.01
2005-01-29,0.14
2005-01-30,1.21
2005-01-31,0.3
2005-02-01,4.04
2005-02-02,15.81
2005-02-03,6.84
2005-02-04,1.22
2005-02-05,4.18
2005-02-06,2.59
2005-02-07,0.25
2005-02-08,0.19
2005-02-09,0.04
2005-02-10,0.34
2005-02-11,1.64
2005-02-12,3.58
2005-02-13,1.01
2005-02-14,0.48
2005-02-15,0.51
2005-02-16,1.9
2005-02-17,2.58
2005-02-18,6.42
2005-02-19,4.41
2005-02-20,0.25
2005-02-21,1.91
2005-02-22,1.76
2005-02-23,1.33
2005-02-24,0.34
2005-02-25,6.12
2005-02-26,5.96
2005-02-27,5.03
2005-02-28,6.33
2005-03-01,0.88
2005-03-02,1.08
2005-03-03,8.63
2005-03-04,7.97
2005-03-05,3.52
2005-03-06,0.24
2005-03-07,1.49
2005-03-08,0.36
2005-03-09,0.07
2005-03-10,1.84
2005-03-11,2.59
2005-03-12,3.73
2005-03-13,4.1
2005-03-14,0.56
2005-03-15,1.05
2005-03-16,0.9
2005-03-17,29.82
2005-03-18,16.46
2005-03-19,22.54
2005-03-20,6.46
2005-03-21,3.14
2005-03-22,10.52
2005-03-23,16.7
2005-03-24,4.61
2005-03-25,8.32
2005-03-26,6.62
2005-03-27,14.77
2005-03-28,5.8
2005-03-29,5.25
2005-03-30,6.86
2005-03-31,10.48
2005-04-01,2.46
2005-04-02,2.43
2005-04-03,20.59
2005-04-04,12.15
2005-04-05,2.94
2005-04-06,14.73
2005-04-07,2.71
2005-04-08,1.53
2005-04-09,5.39
2005-04-10,5.43
2005-04-11,4.84
2005-04-12,16.61
2005-04-13,7.86
2005-04-14,7.84
2005-04-15,0.3
2005-04-16,8.84
2005-04-17,2.67
2005-04-18,1.88
2005-04-19,3.85
2005-04-20,10.6
2005-04-21,4.03
2005-04-22,1.89
2005-04-23,1.66
2005-04-24,0.86
2005-04-25,4.68
2005-04-26,0.47
2005-04-27,2.73
2005-04-28,7.59
2005-04-29,1.16
2005-04-30,2.7
2005-05-01,10.81
2005-05-02,2.97
2005-05-03,1.01
2005-05-04,12.99
2005-05-05,5.47
2005-05-06,5.52
2005-05-07,10.95
2005-05-08,13.15
2005-05-09,6.51
2005-05-10,3.92
2005-05-11,4.77
2005-05-12,3.06
2005-05-13,8.44
2005-05-14,13.26
2005-05-15,5.75
2005-05-16,15.2
2005-05-17,10.96
2005-05-18,0.46
2005-05-19,0.04
2005-05-20,0.03
2005-05-21,6.81
2005-05-22,8.15
2005-05-23,4.84
2005-05-24,11.67
2005-05-25,23.74
2005-05-26,5.2
2005-05-27,4.24
2005-05-28,1.07
2005-05-29,0.41
2005-05-30,0.13
2005-05-31,5.21
2005-06-01,0.97
2005-06-02,0.84
2005-06-03,0.43
2005-06-04,0.49
2005-06-05,0.8
2005-06-06,4.88
2005-06-07,3.06
2005-06-08,1.3
2005-06-09,0.13
2005-06-10,1.79
2005-06-11,19.8
2005-06-12,14.45
2005-06-13,4.32
2005-06-14,7.68
2005-06-15,6.66
2005-06-16,10.85
2005-06-17,12.17
2005-06-18,6.53
2005-06-19,9.17
2005-06-20,8.51
2005-06-21,14.15
2005-06-22,1.37
2005-06-23,1.19
2005-06-24,3.93
2005-06-25,6.95
2005-06-26,5.29
2005-06-27,1.92
2005-06-28,1.31
2005-06-29,1.48
2005-06-30,0.23
2005-07-01,0.39
2005-07-02,0.34
2005-07-03,0.71
2005-07-04,0.03
2005-07-05,0.06
2005-07-06,0.18
2005-07-07,0.82
2005-07-08,0.47
2005-07-09,0.36
2005-07-10,1.91
2005-07-11,8.43
2005-07-12,6.85
2005-07-13,2.94
2005-07-14,2.91
2005-07-15,8.86
2005-07-16,6.23
2005-07-17,5.19
2005-07-18,11.78
2005-07-19,1.65
2005-07-20,0.72
2005-07-21,4.9
2005-07-22,1.86
2005-07-23,1.97
2005-07-24,0.22
2005-07-25,0.8
2005-07-26,18.86
2005-07-27,1.36
2005-07-28,0.94
2005-07-29,1.24
2005-07-30,19.76
2005-07-31,11.87
2005-08-01,0.86
2005-08-02,2.48
2005-08-03,4.72
2005-08-04,2.57
2005-08-05,3.6
2005-08-06,1.49
2005-08-07,0.42
2005-08-08,0.19
2005-08-09,0.28
2005-08-10,0.11
2005-08-11,7.4
2005-08-12,19.31
2005-08-13,4.76
2005-08-14,0.66
2005-08-15,0.93
2005-08-16,2.08
2005-08-17,2.83
2005-08-18,8.54
2005-08-19,4.25
2005-08-20,2.41
2005-08-21,8.17
2005-08-22,3.04
2005-08-23,3.32
2005-08-24,2.26
2005-08-25,18.93
2005-08-26,10.5
2005-08-27,2.69
2005-08-28,1.43
2005-08-29,0.13
2005-08-30,0.94
2005-08-31,2.17
2005-09-01,1.39
2005-09-02,2.57
2005-09-03,3.36
2005-09-04,0.31
2005-09-05,0.01
2005-09-06,0.03
2005-09-07,1.42
2005-09-08,12.85
2005-09-09,3.35
2005-09-10,0.97
2005-09-11,2.44
2005-09-12,44.22
2005-09-13,16.19
2005-09-14,2.29
2005-09-15,3.97
2005-09-16,2.91
2005-09-17,0.37
2005-09-18,1.53
2005-09-19,9.07
2005-09-20,4.33
2005-09-21,1.66
2005-09-22,0.83
2005-09-23,1.04
2005-09-24,3.6
2005-09-25,5.04
2005-09-26,2.81
2005-09-27,1.6
2005-09-28,4.36
2005-09-29,4.21
2005-09-30,2.14
2005-10-01,2.36
2005-10-02,1.96
2005-10-03,1.03
2005-10-04,1.78
2005-10-05,1.78
2005-10-06,1.62
2005-10-07,0.82
2005-10-08,0.97
2005-10-09,0.53
2005-10-10,1.67
2005-10-11,6.36
2005-10-12,5.35
2005-10-13,16.05
2005-10-14,9.42
2005-10-15,11.93
2005-10-16,18.02
2005-10-17,22.07
2005-10-18,3.88
2005-10-19,5.46
2005-10-20,6.08
2005-10-21,3.87
2005-10-22,7.31
2005-10-23,17.09
2005-10-24,10.46
2005-10-25,7.88
2005-10-26,8.27
2005-10-27,4.5
2005-10-28,2.16
2005-10-29,13.08
2005-10-30,1.76
2005-10-31,3.37
2005-11-01,12.33
2005-11-02,5.88
2005-11-03,19.98
2005-11-04,7.59
2005-11-05,22.11
2005-11-06,2.98
2005-11-07,2.13
2005-11-08,5.14
2005-11-09,3.25
2005-11-10,2.01
2005-11-11,5.01
2005-11-12,8.67
2005-11-13,21.14
2005-11-14,5.27
2005-11-15,7.39
2005-11-16,4.0
2005-11-17,4.93
2005-11-18,8.98
2005-11-19,4.05
2005-11-20,16.8
2005-11-21,11.53
2005-11-22,9.77
2005-11-23,16.71
2005-11-24,8.18
2005-11-25,14.95
2005-11-26,10.23
2005-11-27,6.3
2005-11-28,4.14
2005-11-29,16.68
2005-11-30,7.09
2005-12-01,13.72
2005-12-02,5.31
2005-12-03,1.29
2005-12-04,3.92
2005-12-05,2.33
2005-12-06,1.87
2005-12-07,14.6
2005-12-08,6.65
2005-12-09,15.31
2005-12-10,16.08
2005-12-11,18.77
2005-12-12,16.87
2005-12-13,20.97
2005-12-14,12.51
2005-12-15,7.77
2005-12-16,6.5
2005-12-17,5.99
2005-12-18,8.76
2005-12-19,12.74
2005-12-20,6.11
2005-12-21,6.35
2005-12-22,13.61
2005-12-23,3.05
2005-12-24,4.67
2005-12-25,15.75
2005-12-26,9.81
2005-12-27,14.81
2005-12-28,22.06
2005-12-29,15.18
2005-12-30,8.55
2005-12-31,27.75
2006-01-01,14.13
2006-01-02,2.91
2006-01-03,5.38
2006-01-04,9.15
2006-01-05,4.91
2006-01-06,8.92
2006-01-07,4.05
2006-01-08,13.9
2006-01-09,10.85
2006-01-10,4.68
2006-01-11,27.01
2006-01-12,6.2
2006-01-13,8.57
2006-01-14,4.65
2006-01-15,15.62
2006-01-16,10.72
2006-01-17,6.0
2006-01-18,9.31
2006-01-19,5.48
2006-01-20,4.08
2006-01-21,4.44
2006-01-22,4.38
2006-01-23,1.97
2006-01-24,5.76
2006-01-25,1.55
2006-01-26,0.39
2006-01-27,1.4
2006-01-28,0.66
2006-01-29,0.03
2006-01-30,0.46
2006-01-31,0.39
2006-02-01,0.08
2006-02-02,21.06
2006-02-03,14.09
2006-02-04,3.0
2006-02-05,5.18
2006-02-06,3.8
2006-02-07,16.01
2006-02-08,9.66
2006-02-09,4.05
2006-02-10,14.29
2006-02-11,6.96
2006-02-12,3.42
2006-02-13,2.31
2006-02-14,0.93
2006-02-15,1.94
2006-02-16,1.95
2006-02-17,0.29
2006-02-18,18.6
2006-02-19,8.48
2006-02-20,6.48
2006-02-21,4.87
2006-02-22,8.61
2006-02-23,3.67
2006-02-24,10.53
2006-02-25,16.03
2006-02-26,15.18
2006-02-27,12.27
2006-02-28,3.74
2006-03-01,1.87
2006-03-02,2.68
2006-03-03,0.55
2006-03-04,1.18
2006-03-05,7.7
2006-03-06,3.75
2006-03-07,0.64
2006-03-08,8.32
2006-03-09,4.94
2006-03-10,1.78
2006-03-11,7.82
2006-03-12,6.43
2006-03-13,15.46
2006-03-14,8.71
2006-03-15,1.86
2006-03-16,1.57
2006-03-17,1.76
2006-03-18,19.28
2006-03-19,10.55
2006-03-20,7.43
2006-03-21,3.81
2006-03-22,12.96
2006-03-23,10.5
2006-03-24,5.96
2006-03-25,3.76
2006-03-26,11.55
2006-03-27,9.66
2006-03-28,3.05
2006-03-29,14.22
2006-03-30,9.8
2006-03-31,3.96
2006-04-01,4.25
2006-04-02,3.02
2006-04-03,1.72
2006-04-04,3.41
2006-04-05,4.53
2006-04-06,6.74
2006-04-07,20.09
2006-04-08,15.91
2006-04-09,5.37
2006-04-10,5.0
2006-04-11,12.03
2006-04-12,15.32
2006-04-13,33.87
2006-04-14,16.17
2006-04-15,6.68
2006-04-16,4.12
2006-04-17,13.01
2006-04-18,9.16
2006-04-19,9.51
2006-04-20,6.69
2006-04-21,3.83
2006-04-22,5.19
2006-04-23,8.23
2006-04-24,15.36
2006-04-25,26.85
2006-04-26,3.19
2006-04-27,7.06
2006-04-28,0.72
2006-04-29,10.36
2006-04-30,9.15
2006-05-01,4.78
2006-05-02,20.24
2006-05-03,9.07
2006-05-04,14.33
2006-05-05,13.57
2006-05-06,9.03
2006-05-07,6.71
2006-05-08,3.64
2006-05-09,1.37
2006-05-10,18.05
2006-05-11,3.48
2006-05-12,3.98
2006-05-13,5.81
2006-05-14,3.79
2006-05-15,1.08
2006-05-16,0.2
2006-05-17,1.41
2006-05-18,4.04
2006-05-19,3.47
2006-05-20,5.37
2006-05-21,10.71
2006-05-22,2.0
2006-05-23,3.38
2006-05-24,2.22
2006-05-25,3.06
2006-05-26,2.51
2006-05-27,3.79
2006-05-28,16.36
2006-05-29,7.8
2006-05-30,2.5
2006-05-31,3.39
2006-06-01,3.11
2006-06-02,7.58
2006-06-03,2.03
2006-06-04,7.72
2006-06-05,4.25
2006-06-06,5.29
2006-06-07,10.28
2006-06-08,6.84
2006-06-09,5.77
2006-06-10,0.45
2006-06-11,1.15
2006-06-12,0.75
2006-06-13,0.6
2006-06-14,1.83
2006-06-15,5.67
2006-06-16,3.1
2006-06-17,3.18
2006-06-18,3.37
2006-06-19,6.64
2006-06-20,8.7
2006-06-21,3.35
2006-06-22,10.42
2006-06-23,6.99
2006-06-24,14.98
2006-06-25,14.19
2006-06-26,0.43
2006-06-27,0.05
2006-06-28,0.06
2006-06-29,0.56
2006-06-30,0.47
2006-07-01,0.36
2006-07-02,0.06
2006-07-03,0.05
2006-07-04,0.04
2006-07-05,0.15
2006-07-06,0.23
2006-07-07,1.18
2006-07-08,0.26
2006-07-09,0.07
2006-07-10,0.96
2006-07-11,0.91
2006-07-12,0.68
2006-07-13,0.75
2006-07-14,2.06
2006-07-15,0.39
2006-07-16,1.11
2006-07-17,5.5
2006-07-18,6.41
2006-07-19,4.12
2006-07-20,17.67
2006-07-21,4.53
2006-07-22,2.75
2006-07-23,1.04
2006-07-24,0.06
2006-07-25,0.03
2006-07-26,0.36
2006-07-27,4.84
2006-07-28,1.9
2006-07-29,0.92
2006-07-30,1.72
2006-07-31,1.54
2006-08-01,0.2
2006-08-02,0.05
2006-08-03,0.53
2006-08-04,0.41
2006-08-05,0.05
2006-08-06,0.09
2006-08-07,0.46
2006-08-08,0.89
2006-08-09,0.21
2006-08-10,0.15
2006-08-11,0.01
2006-08-12,1.03
2006-08-13,0.01
2006-08-14,0.01
2006-08-15,0.01
2006-08-16,0.0
2006-08-17,0.02
2006-08-18,0.5
2006-08-19,0.99
2006-08-20,0.09
2006-08-21,0.0
2006-08-22,0.04
2006-08-23,0.01
2006-08-24,0.17
2006-08-25,0.06
2006-08-26,7.74
2006-08-27,1.25
2006-08-28,5.72
2006-08-29,1.85
2006-08-30,1.01
2006-08-31,1.36
2006-09-01,0.85
2006-09-02,0.0
2006-09-03,0.0
2006-09-04,0.68
2006-09-05,0.07
2006-09-06,0.34
2006-09-07,0.11
2006-09-08,0.19
2006-09-09,0.34
2006-09-10,0.35
2006-09-11,0.04
2006-09-12,0.05
2006-09-13,1.63
2006-09-14,13.74
2006-09-15,13.73
2006-09-16,4.84
2006-09-17,1.22
2006-09-18,0.03
2006-09-19,0.0
2006-09-20,0.03
2006-09-21,0.25
2006-09-22,0.3
2006-09-23,0.13
2006-09-24,0.08
2006-09-25,0.0
2006-09-26,0.0
2006-09-27,0.17
2006-09-28,0.0
2006-09-29,0.0
2006-09-30,0.13
2006-10-01,0.28
2006-10-02,0.08
2006-10-03,0.02
2006-10-04,0.0
2006-10-05,0.07
2006-10-06,0.0
2006-10-07,0.1
2006-10-08,0.0
2006-10-09,0.02
2006-10-10,0.53
2006-10-11,0.25
2006-10-12,0.12
2006-10-13,0.4
2006-10-14,0.15
2006-10-15,0.08
2006-10-16,0.02
2006-10-17,0.21
2006-10-18,0.19
2006-10-19,1.93
2006-10-20,0.1
2006-10-21,0.01
2006-10-22,0.6
2006-10-23,2.97
2006-10-24,8.63
2006-10-25,0.57
2006-10-26,0.53
2006-10-27,0.65
2006-10-28,2.36
2006-10-29,2.48
2006-10-30,0.26
2006-10-31,1.8
2006-11-01,1.08
2006-11-02,1.69
2006-11-03,1.19
2006-11-04,0.1
2006-11-05,0.9
2006-11-06,2.4
2006-11-07,1.53
2006-11-08,1.63
2006-11-09,1.95
2006-11-10,3.0
2006-11-11,7.31
2006-11-12,1.73
2006-11-13,1.13
2006-11-14,3.23
2006-11-15,1.73
2006-11-16,1.3
2006-11-17,0.6
2006-11-18,1.46
2006-11-19,12.21
2006-11-20,5.36
2006-11-21,4.09
2006-11-22,5.3
2006-11-23,2.64
2006-11-24,7.47
2006-11-25,1.1
2006-11-26,1.96
2006-11-27,8.05
2006-11-28,1.21
2006-11-29,5.47
2006-11-30,5.91
2006-12-01,2.44
2006-12-02,4.13
2006-12-03,4.21
2006-12-04,13.77
2006-12-05,4.26
2006-12-06,2.14
2006-12-07,1.87
2006-12-08,2.74
2006-12-09,2.66
2006-12-10,4.37
2006-12-11,4.51
2006-12-12,3.91
2006-12-13,39.34
2006-12-14,3.09
2006-12-15,2.93
2006-12-16,3.06
2006-12-17,5.56
2006-12-18,8.27
2006-12-19,10.4
2006-12-20,7.17
2006-12-21,10.99
2006-12-22,12.99
2006-12-23,15.75
2006-12-24,19.54
2006-12-25,21.03
2006-12-26,26.4
2006-12-27,11.36
2006-12-28,32.24
2006-12-29,30.1
2006-12-30,3.51
2006-12-31,6.12
2007-01-01,7.14
2007-01-02,4.47
2007-01-03,8.52
2007-01-04,9.46
2007-01-05,18.51
2007-01-06,8.34
2007-01-07,5.37
2007-01-08,6.61
2007-01-09,3.72
2007-01-10,10.12
2007-01-11,17.29
2007-01-12,10.4
2007-01-13,7.67
2007-01-14,7.38
2007-01-15,9.18
2007-01-16,9.09
2007-01-17,6.79
2007-01-18,11.68
2007-01-19,3.76
2007-01-20,7.56
2007-01-21,2.83
2007-01-22,3.92
2007-01-23,8.24
2007-01-24,8.22
2007-01-25,8.23
2007-01-26,34.52
2007-01-27,39.47
2007-01-28,65.46
2007-01-29,20.76
2007-01-30,1.67
2007-01-31,0.15
2007-02-01,1.36
2007-02-02,5.22
2007-02-03,3.64
2007-02-04,1.36
2007-02-05,0.53
2007-02-06,0.08
2007-02-07,0.08
2007-02-08,0.17
2007-02-09,0.09
2007-02-10,0.04
2007-02-11,0.12
2007-02-12,0.48
2007-02-13,1.72
2007-02-14,0.81
2007-02-15,1.91
2007-02-16,14.95
2007-02-17,8.32
2007-02-18,4.98
2007-02-19,8.61
2007-02-20,9.1
2007-02-21,2.01
2007-02-22,11.91
2007-02-23,24.34
2007-02-24,6.37
2007-02-25,8.88
2007-02-26,6.57
2007-02-27,4.29
2007-02-28,2.87
2007-03-01,4.07
2007-03-02,1.57
2007-03-03,6.08
2007-03-04,4.51
2007-03-05,17.15
2007-03-06,7.83
2007-03-07,8.24
2007-03-08,1.79
2007-03-09,0.05
2007-03-10,0.03
2007-03-11,0.43
2007-03-12,3.51
2007-03-13,3.47
2007-03-14,0.78
2007-03-15,2.92
2007-03-16,15.14
2007-03-17,35.37
2007-03-18,2.07
2007-03-19,14.31
2007-03-20,3.7
2007-03-21,14.35
2007-03-22,5.54
2007-03-23,3.8
2007-03-24,0.75
2007-03-25,2.95
2007-03-26,7.95
2007-03-27,6.17
2007-03-28,5.15
2007-03-29,7.98
2007-03-30,4.51
2007-03-31,3.72
2007-04-01,5.76
2007-04-02,1.8
2007-04-03,2.89
2007-04-04,5.87
2007-04-05,3.58
2007-04-06,0.81
2007-04-07,2.65
2007-04-08,19.78
2007-04-09,12.33
2007-04-10,29.41
2007-04-11,7.49
2007-04-12,4.81
2007-04-13,9.99
2007-04-14,7.07
2007-04-15,3.96
2007-04-16,8.77
2007-04-17,9.07
2007-04-18,4.53
2007-04-19,5.92
2007-04-20,2.95
2007-04-21,9.07
2007-04-22,6.35
2007-04-23,31.6
2007-04-24,12.1
2007-04-25,6.08
2007-04-26,7.76
2007-04-27,3.61
2007-04-28,2.68
2007-04-29,8.25
2007-04-30,10.46
2007-05-01,29.62
2007-05-02,12.12
2007-05-03,2.72
2007-05-04,29.07
2007-05-05,9.49
2007-05-06,1.86
2007-05-07,2.36
2007-05-08,3.49
2007-05-09,2.97
2007-05-10,4.27
2007-05-11,5.39
2007-05-12,9.46
2007-05-13,22.57
2007-05-14,11.75
2007-05-15,3.12
2007-05-16,2.61
2007-05-17,25.23
2007-05-18,9.44
2007-05-19,2.81
2007-05-20,3.21
2007-05-21,4.0
2007-05-22,4.71
2007-05-23,1.06
2007-05-24,6.23
2007-05-25,4.72
2007-05-26,2.15
2007-05-27,0.78
2007-05-28,0.51
2007-05-29,1.76
2007-05-30,2.25
2007-05-31,4.05
2007-06-01,8.65
2007-06-02,5.14
2007-06-03,2.89
2007-06-04,7.22
2007-06-05,3.93
2007-06-06,3.34
2007-06-07,2.52
2007-06-08,11.71
2007-06-09,6.97
2007-06-10,5.03
2007-06-11,6.42
2007-06-12,0.37
2007-06-13,1.64
2007-06-14,10.09
2007-06-15,18.81
2007-06-16,21.69
2007-06-17,44.86
2007-06-18,4.5
2007-06-19,9.13
2007-06-20,8.28
2007-06-21,2.48
2007-06-22,1.66
2007-06-23,5.78
2007-06-24,3.0
2007-06-25,0.95
2007-06-26,0.25
2007-06-27,1.48
2007-06-28,2.74
2007-06-29,2.37
2007-06-30,1.2
2007-07-01,1.48
2007-07-02,0.83
2007-07-03,1.19
2007-07-04,0.33
2007-07-05,2.06
2007-07-06,2.98
2007-07-07,2.72
2007-07-08,6.96
2007-07-09,13.49
2007-07-10,0.57
2007-07-11,0.01
2007-07-12,0.0
2007-07-13,0.11
2007-07-14,0.15
2007-07-15,0.87
2007-07-16,3.44
2007-07-17,10.98
2007-07-18,19.85
2007-07-19,19.31
2007-07-20,10.21
2007-07-21,30.07
2007-07-22,15.37
2007-07-23,31.31
2007-07-24,20.51
2007-07-25,3.61
2007-07-26,1.3
2007-07-27,2.87
2007-07-28,1.77
2007-07-29,2.08
2007-07-30,5.37
2007-07-31,0.3
2007-08-01,0.48
2007-08-02,0.0
2007-08-03,0.0
2007-08-04,0.03
2007-08-05,0.0
2007-08-06,0.0
2007-08-07,0.11
2007-08-08,0.4
2007-08-09,1.9
2007-08-10,0.82
2007-08-11,0.85
2007-08-12,3.08
2007-08-13,1.85
2007-08-14,4.76
2007-08-15,1.84
2007-08-16,0.13
2007-08-17,0.01
2007-08-18,0.12
2007-08-19,4.1
2007-08-20,13.13
2007-08-21,2.98
2007-08-22,5.76
2007-08-23,6.33
2007-08-24,11.64
2007-08-25,3.95
2007-08-26,1.21
2007-08-27,0.72
2007-08-28,1.26
2007-08-29,1.36
2007-08-30,2.09
2007-08-31,0.87
2007-09-01,3.48
2007-09-02,2.1
2007-09-03,17.82
2007-09-04,11.98
2007-09-05,1.31
2007-09-06,3.54
2007-09-07,3.79
2007-09-08,5.04
2007-09-09,3.07
2007-09-10,4.26
2007-09-11,6.57
2007-09-12,2.47
2007-09-13,0.45
2007-09-14,1.06
2007-09-15,1.06
2007-09-16,3.9
2007-09-17,2.93
2007-09-18,0.55
2007-09-19,0.3
2007-09-20,0.07
2007-09-21,0.02
2007-09-22,0.0
2007-09-23,0.04
2007-09-24,8.69
2007-09-25,2.94
2007-09-26,1.52
2007-09-27,0.91
2007-09-28,0.03
2007-09-29,0.04
2007-09-30,0.15
2007-10-01,0.05
2007-10-02,0.0
2007-10-03,0.0
2007-10-04,0.0
2007-10-05,0.37
2007-10-06,1.52
2007-10-07,3.16
2007-10-08,4.69
2007-10-09,7.17
2007-10-10,14.78
2007-10-11,19.79
2007-10-12,6.2
2007-10-13,4.65
2007-10-14,5.76
2007-10-15,12.13
2007-10-16,8.95
2007-10-17,2.74
2007-10-18,1.53
2007-10-19,3.16
2007-10-20,4.38
2007-10-21,5.28
2007-10-22,25.5
2007-10-23,19.42
2007-10-24,9.53
2007-10-25,1.78
2007-10-26,0.44
2007-10-27,0.08
2007-10-28,9.4
2007-10-29,9.28
2007-10-30,5.7
2007-10-31,3.72
2007-11-01,11.52
2007-11-02,12.07
2007-11-03,20.65
2007-11-04,19.84
2007-11-05,20.68
2007-11-06,14.57
2007-11-07,8.21
2007-11-08,21.9
2007-11-09,5.1
2007-11-10,7.98
2007-11-11,4.46
2007-11-12,2.76
2007-11-13,2.36
2007-11-14,3.36
2007-11-15,2.22
2007-11-16,3.46
2007-11-17,7.93
2007-11-18,9.69
2007-11-19,4.17
2007-11-20,4.93
2007-11-21,2.91
2007-11-22,7.93
2007-11-23,2.61
2007-11-24,7.12
2007-11-25,3.11
2007-11-26,2.67
2007-11-27,9.71
2007-11-28,4.95
2007-11-29,9.53
2007-11-30,9.9
2007-12-01,14.82
2007-12-02,10.47
2007-12-03,8.77
2007-12-04,13.49
2007-12-05,7.13
2007-12-06,6.18
2007-12-07,10.19
2007-12-08,4.43
2007-12-09,2.29
2007-12-10,3.94
2007-12-11,5.96
2007-12-12,28.95
2007-12-13,20.28
2007-12-14,5.99
2007-12-15,16.35
2007-12-16,8.37
2007-12-17,20.38
2007-12-18,3.76
2007-12-19,17.45
2007-12-20,25.56
2007-12-21,21.04
2007-12-22,7.1
2007-12-23,10.81
2007-12-24,5.59
2007-12-25,2.72
2007-12-26,7.96
2007-12-27,5.97
2007-12-28,11.54
2007-12-29,15.67
2007-12-30,2.66
2007-12-31,1.36
2008-01-01,3.88
2008-01-02,3.75
2008-01-03,3.18
2008-01-04,4.16
2008-01-05,3.02
2008-01-06,1.78
2008-01-07,9.4
2008-01-08,13.16
2008-01-09,44.83
2008-01-10,14.19
2008-01-11,16.07
2008-01-12,14.09
2008-01-13,5.5
2008-01-14,3.28
2008-01-15,1.95
2008-01-16,0.68
2008-01-17,3.85
2008-01-18,4.24
2008-01-19,6.95
2008-01-20,7.34
2008-01-21,4.28
2008-01-22,5.64
2008-01-23,6.34
2008-01-24,2.47
2008-01-25,2.88
2008-01-26,2.0
2008-01-27,16.29
2008-01-28,5.47
2008-01-29,17.82
2008-01-30,15.41
2008-01-31,9.53
2008-02-01,9.09
2008-02-02,4.18
2008-02-03,21.75
2008-02-04,1.43
2008-02-05,1.49
2008-02-06,1.35
2008-02-07,0.76
2008-02-08,2.32
2008-02-09,5.19
2008-02-10,6.66
2008-02-11,5.1
2008-02-12,1.8
2008-02-13,1.04
2008-02-14,3.58
2008-02-15,7.74
2008-02-16,4.52
2008-02-17,0.88
2008-02-18,0.81
2008-02-19,0.44
2008-02-20,2.43
2008-02-21,3.96
2008-02-22,4.05
2008-02-23,8.12
2008-02-24,11.5
2008-02-25,5.14
2008-02-26,3.69
2008-02-27,20.95
2008-02-28,11.5
2008-02-29,13.62
2008-03-01,10.21
2008-03-02,3.78
2008-03-03,7.55
2008-03-04,4.86
2008-03-05,11.58
2008-03-06,4.33
2008-03-07,6.03
2008-03-08,8.81
2008-03-09,7.89
2008-03-10,12.16
2008-03-11,21.09
2008-03-12,19.34
2008-03-13,5.94
2008-03-14,3.69
2008-03-15,10.16
2008-03-16,3.14
2008-03-17,1.62
2008-03-18,4.02
2008-03-19,8.02
2008-03-20,3.81
2008-03-21,5.5
2008-03-22,9.03
2008-03-23,4.17
2008-03-24,1.87
2008-03-25,4.74
2008-03-26,1.55
2008-03-27,5.05
2008-03-28,2.9
2008-03-29,0.74
2008-03-30,10.99
2008-03-31,5.3
2008-04-01,13.63
2008-04-02,5.14
2008-04-03,1.96
2008-04-04,8.21
2008-04-05,1.42
2008-04-06,2.05
2008-04-07,2.16
2008-04-08,4.23
2008-04-09,3.96
2008-04-10,8.92
2008-04-11,5.95
2008-04-12,7.7
2008-04-13,15.72
2008-04-14,16.24
2008-04-15,8.9
2008-04-16,7.66
2008-04-17,3.31
2008-04-18,5.58
2008-04-19,6.49
2008-04-20,8.67
2008-04-21,25.11
2008-04-22,13.37
2008-04-23,17.63
2008-04-24,16.22
2008-04-25,6.28
2008-04-26,9.04
2008-04-27,0.64
2008-04-28,0.13
2008-04-29,0.22
2008-04-30,2.32
2008-05-01,3.72
2008-05-02,1.66
2008-05-03,2.51
2008-05-04,3.16
2008-05-05,2.5
2008-05-06,6.97
2008-05-07,3.33
2008-05-08,3.51
2008-05-09,4.29
2008-05-10,2.34
2008-05-11,1.4
2008-05-12,0.69
2008-05-13,0.18
2008-05-14,0.0
2008-05-15,0.34
2008-05-16,0.29
2008-05-17,0.0
2008-05-18,0.0
2008-05-19,0.03
2008-05-20,0.04
2008-05-21,0.2
2008-05-22,0.41
2008-05-23,0.44
2008-05-24,4.05
2008-05-25,2.92
2008-05-26,15.19
2008-05-27,11.52
2008-05-28,5.17
2008-05-29,7.2
2008-05-30,14.41
2008-05-31,7.32
2008-06-01,4.76
2008-06-02,4.45
2008-06-03,6.66
2008-06-04,9.15
2008-06-05,5.57
2008-06-06,13.9
2008-06-07,4.78
2008-06-08,9.69
2008-06-09,8.59
2008-06-10,3.6
2008-06-11,1.17
2008-06-12,1.37
2008-06-13,4.31
2008-06-14,2.32
2008-06-15,0.74
2008-06-16,1.07
2008-06-17,0.96
2008-06-18,3.64
2008-06-19,4.81
2008-06-20,0.11
2008-06-21,0.22
2008-06-22,0.0
2008-06-23,0.81
2008-06-24,0.4
2008-06-25,0.33
2008-06-26,0.44
2008-06-27,1.02
2008-06-28,0.66
2008-06-29,0.39
2008-06-30,2.39
2008-07-01,2.11
2008-07-02,0.01
2008-07-03,0.09
2008-07-04,0.68
2008-07-05,0.38
2008-07-06,0.16
2008-07-07,1.67
2008-07-08,3.53
2008-07-09,5.29
2008-07-10,9.51
2008-07-11,24.39
2008-07-12,0.93
2008-07-13,4.03
2008-07-14,9.56
2008-07-15,11.65
2008-07-16,0.75
2008-07-17,0.46
2008-07-18,5.18
2008-07-19,2.0
2008-07-20,1.65
2008-07-21,4.02
2008-07-22,1.29
2008-07-23,0.74
2008-07-24,0.08
2008-07-25,5.7
2008-07-26,5.83
2008-07-27,2.72
2008-07-28,1.7
2008-07-29,0.37
2008-07-30,0.02
2008-07-31,0.24
2008-08-01,0.1
2008-08-02,0.0
2008-08-03,1.29
2008-08-04,0.23
2008-08-05,0.08
2008-08-06,0.91
2008-08-07,1.38
2008-08-08,3.33
2008-08-09,0.51
2008-08-10,2.14
2008-08-11,2.04
2008-08-12,5.29
2008-08-13,2.16
2008-08-14,1.35
2008-08-15,1.07
2008-08-16,0.85
2008-08-17,0.85
2008-08-18,12.16
2008-08-19,24.71
2008-08-20,5.5
2008-08-21,2.29
2008-08-22,4.65
2008-08-23,9.5
2008-08-24,18.23
2008-08-25,3.74
2008-08-26,3.44
2008-08-27,4.31
2008-08-28,5.75
2008-08-29,3.35
2008-08-30,7.51
2008-08-31,4.85
2008-09-01,5.17
2008-09-02,9.14
2008-09-03,6.05
2008-09-04,3.97
2008-09-05,9.61
2008-09-06,6.9
2008-09-07,3.12
2008-09-08,2.09
2008-09-09,2.19
2008-09-10,14.65
2008-09-11,4.59
2008-09-12,3.88
2008-09-13,5.03
2008-09-14,24.2
2008-09-15,5.58
2008-09-16,2.2
2008-09-17,0.7
2008-09-18,0.56
2008-09-19,0.33
2008-09-20,0.82
2008-09-21,0.94
2008-09-22,1.59
2008-09-23,0.04
2008-09-24,0.01
2008-09-25,0.24
2008-09-26,0.81
2008-09-27,0.89
2008-09-28,1.8
2008-09-29,1.63
2008-09-30,5.47
2008-10-01,17.84
2008-10-02,2.29
2008-10-03,3.79
2008-10-04,4.93
2008-10-05,16.56
2008-10-06,3.5
2008-10-07,4.76
2008-10-08,3.02
2008-10-09,0.04
2008-10-10,3.79
2008-10-11,3.52
2008-10-12,3.07
2008-10-13,5.62
2008-10-14,1.28
2008-10-15,1.09
2008-10-16,7.18
2008-10-17,5.33
2008-10-18,5.41
2008-10-19,5.59
2008-10-20,2.85
2008-10-21,3.56
2008-10-22,4.15
2008-10-23,24.44
2008-10-24,2.18
2008-10-25,9.79
2008-10-26,4.98
2008-10-27,0.67
2008-10-28,0.82
2008-10-29,4.53
2008-10-30,1.2
2008-10-31,2.49
2008-11-01,4.11
2008-11-02,24.29
2008-11-03,7.76
2008-11-04,2.2
2008-11-05,7.63
2008-11-06,15.4
2008-11-07,9.95
2008-11-08,7.21
2008-11-09,8.73
2008-11-10,2.86
2008-11-11,2.87
2008-11-12,5.32
2008-11-13,7.8
2008-11-14,28.56
2008-11-15,13.81
2008-11-16,6.14
2008-11-17,8.01
2008-11-18,5.85
2008-11-19,7.15
2008-11-20,3.77
2008-11-21,11.34
2008-11-22,0.86
2008-11-23,16.06
2008-11-24,18.24
2008-11-25,5.98
2008-11-26,17.53
2008-11-27,1.55
2008-11-28,6.1
2008-11-29,9.82
2008-11-30,8.48
2008-12-01,12.44
2008-12-02,5.53
2008-12-03,5.51
2008-12-04,12.53
2008-12-05,6.66
2008-12-06,7.28
2008-12-07,9.39
2008-12-08,20.33
2008-12-09,8.61
2008-12-10,5.88
2008-12-11,11.5
2008-12-12,8.82
2008-12-13,6.07
2008-12-14,14.96
2008-12-15,7.35
2008-12-16,8.57
2008-12-17,5.05
2008-12-18,3.8
2008-12-19,2.31
2008-12-20,3.63
2008-12-21,0.87
2008-12-22,9.59
2008-12-23,17.21
2008-12-24,12.74
2008-12-25,9.58
2008-12-26,6.48
2008-12-27,16.14
2008-12-28,17.17
2008-12-29,16.71
2008-12-30,5.36
2008-12-31,8.84
2009-01-01,5.32
2009-01-02,3.88
2009-01-03,13.75
2009-01-04,9.29
2009-01-05,3.77
2009-01-06,14.38
2009-01-07,14.94
2009-01-08,13.94
2009-01-09,7.35
2009-01-10,11.73
2009-01-11,3.79
2009-01-12,5.74
2009-01-13,12.62
2009-01-14,5.65
2009-01-15,2.02
2009-01-16,2.38
2009-01-17,4.26
2009-01-18,1.35
2009-01-19,0.18
2009-01-20,0.0
2009-01-21,0.06
2009-01-22,0.01
2009-01-23,0.47
2009-01-24,9.42
2009-01-25,21.67
2009-01-26,6.71
2009-01-27,17.64
2009-01-28,6.27
2009-01-29,3.69
2009-01-30,5.47
2009-01-31,2.53
2009-02-01,6.79
2009-02-02,4.63
2009-02-03,5.6
2009-02-04,4.6
2009-02-05,4.3
2009-02-06,0.86
2009-02-07,1.0
2009-02-08,0.6
2009-02-09,0.18
2009-02-10,0.27
2009-02-11,6.32
2009-02-12,4.49
2009-02-13,3.23
2009-02-14,4.87
2009-02-15,1.91
2009-02-16,4.92
2009-02-17,3.04
2009-02-18,1.06
2009-02-19,2.05
2009-02-20,3.96
2009-02-21,3.12
2009-02-22,3.76
2009-02-23,6.48
2009-02-24,6.4
2009-02-25,1.95
2009-02-26,3.98
2009-02-27,1.95
2009-02-28,3.24
2009-03-01,2.42
2009-03-02,8.78
2009-03-03,5.43
2009-03-04,4.55
2009-03-05,7.9
2009-03-06,2.51
2009-03-07,6.09
2009-03-08,9.2
2009-03-09,18.06
2009-03-10,7.68
2009-03-11,5.0
2009-03-12,5.23
2009-03-13,27.19
2009-03-14,8.97
2009-03-15,19.01
2009-03-16,18.11
2009-03-17,6.49
2009-03-18,9.45
2009-03-19,18.75
2009-03-20,0.29
2009-03-21,3.88
2009-03-22,23.34
2009-03-23,12.19
2009-03-24,8.25
2009-03-25,12.31
2009-03-26,9.45
2009-03-27,6.51
2009-03-28,0.49
2009-03-29,0.88
2009-03-30,2.62
2009-03-31,16.76
2009-04-01,0.38
2009-04-02,0.81
2009-04-03,2.77
2009-04-04,5.75
2009-04-05,6.17
2009-04-06,13.66
2009-04-07,21.23
2009-04-08,11.31
2009-04-09,1.02
2009-04-10,1.94
2009-04-11,7.87
2009-04-12,8.79
2009-04-13,0.59
2009-04-14,3.09
2009-04-15,6.93
2009-04-16,16.95
2009-04-17,2.17
2009-04-18,3.2
2009-04-19,1.65
2009-04-20,0.81
2009-04-21,3.96
2009-04-22,2.68
2009-04-23,6.01
2009-04-24,0.73
2009-04-25,0.72
2009-04-26,0.81
2009-04-27,3.28
2009-04-28,0.62
2009-04-29,0.96
2009-04-30,2.89
2009-05-01,1.21
2009-05-02,1.83
2009-05-03,8.11
2009-05-04,2.15
2009-05-05,4.26
2009-05-06,6.03
2009-05-07,10.06
2009-05-08,4.74
2009-05-09,0.3
2009-05-10,3.49
2009-05-11,7.81
2009-05-12,0.13
2009-05-13,1.06
2009-05-14,7.0
2009-05-15,3.78
2009-05-16,4.45
2009-05-17,27.85
2009-05-18,17.92
2009-05-19,0.39
2009-05-20,3.94
2009-05-21,4.86
2009-05-22,0.59
2009-05-23,1.74
2009-05-24,0.94
2009-05-25,1.21
2009-05-26,7.3
2009-05-27,12.78
2009-05-28,0.04
2009-05-29,0.07
2009-05-30,0.39
2009-05-31,0.24
2009-06-01,0.54
2009-06-02,2.59
2009-06-03,3.76
2009-06-04,3.73
2009-06-05,1.08
2009-06-06,0.93
2009-06-07,2.02
2009-06-08,16.78
2009-06-09,3.03
2009-06-10,1.89
2009-06-11,1.32
2009-06-12,2.29
2009-06-13,1.9
2009-06-14,0.88
2009-06-15,6.39
2009-06-16,1.41
2009-06-17,2.36
2009-06-18,4.44
2009-06-19,0.91
2009-06-20,1.42
2009-06-21,2.02
2009-06-22,1.97
2009-06-23,4.7
2009-06-24,16.4
2009-06-25,2.06
2009-06-26,5.37
2009-06-27,1.37
2009-06-28,3.32
2009-06-29,20.95
2009-06-30,4.96
2009-07-01,8.83
2009-07-02,6.93
2009-07-03,3.01
2009-07-04,11.75
2009-07-05,4.06
2009-07-06,1.82
2009-07-07,1.06
2009-07-08,3.36
2009-07-09,1.54
2009-07-10,2.73
2009-07-11,4.34
2009-07-12,0.84
2009-07-13,0.03
2009-07-14,0.05
2009-07-15,0.44
2009-07-16,1.48
2009-07-17,0.47
2009-07-18,0.05
2009-07-19,0.11
2009-07-20,8.02
2009-07-21,4.87
2009-07-22,8.48
2009-07-23,8.72
2009-07-24,12.57
2009-07-25,3.6
2009-07-26,8.28
2009-07-27,3.48
2009-07-28,0.24
2009-07-29,0.02
2009-07-30,0.12
2009-07-31,0.17
2009-08-01,0.0
2009-08-02,0.01
2009-08-03,0.01
2009-08-04,0.02
2009-08-05,0.0
2009-08-06,0.0
2009-08-07,0.05
2009-08-08,0.12
2009-08-09,1.37
2009-08-10,0.23
2009-08-11,0.5
2009-08-12,1.29
2009-08-13,0.54
2009-08-14,2.54
2009-08-15,3.7
2009-08-16,3.72
2009-08-17,3.36
2009-08-18,7.99
2009-08-19,5.01
2009-08-20,7.56
2009-08-21,0.0
2009-08-22,8.37
2009-08-23,0.03
2009-08-24,10.1
2009-08-25,1.8
2009-08-26,1.35
2009-08-27,2.13
2009-08-28,4.1
2009-08-29,0.48
2009-08-30,1.09
2009-08-31,0.09
2009-09-01,0.06
2009-09-02,0.73
2009-09-03,0.08
2009-09-04,0.13
2009-09-05,1.11
2009-09-06,1.21
2009-09-07,0.01
2009-09-08,0.11
2009-09-09,0.1
2009-09-10,0.05
2009-09-11,0.42
2009-09-12,0.16
2009-09-13,0.08
2009-09-14,1.59
2009-09-15,5.85
2009-09-16,3.33
2009-09-17,8.2
2009-09-18,2.61
2009-09-19,1.13
2009-09-20,0.09
2009-09-21,0.53
2009-09-22,0.27
2009-09-23,0.47
2009-09-24,0.53
2009-09-25,0.46
2009-09-26,0.42
2009-09-27,0.3
2009-09-28,0.2
2009-09-29,0.01
2009-09-30,0.73
2009-10-01,1.64
2009-10-02,3.87
2009-10-03,16.61
2009-10-04,3.49
2009-10-05,4.54
2009-10-06,3.61
2009-10-07,5.17
2009-10-08,2.53
2009-10-09,1.26
2009-10-10,2.75
2009-10-11,2.18
2009-10-12,18.18
2009-10-13,8.95
2009-10-14,3.62
2009-10-15,4.79
2009-10-16,0.63
2009-10-17,0.19
2009-10-18,1.2
2009-10-19,2.62
2009-10-20,3.43
2009-10-21,3.28
2009-10-22,1.04
2009-10-23,0.9
2009-10-24,1.28
2009-10-25,4.22
2009-10-26,2.27
2009-10-27,13.35
2009-10-28,3.44
2009-10-29,9.01
2009-10-30,2.62
2009-10-31,0.55
2009-11-01,0.92
2009-11-02,15.74
2009-11-03,4.44
2009-11-04,6.96
2009-11-05,5.2
2009-11-06,4.51
2009-11-07,2.88
2009-11-08,8.3
2009-11-09,11.4
2009-11-10,1.68
2009-11-11,2.25
2009-11-12,12.04
2009-11-13,21.2
2009-11-14,18.2
2009-11-15,0.62
2009-11-16,7.01
2009-11-17,9.61
2009-11-18,9.96
2009-11-19,12.32
2009-11-20,12.58
2009-11-21,14.88
2009-11-22,23.01
2009-11-23,0.47
2009-11-24,0.57
2009-11-25,1.13
2009-11-26,8.88
2009-11-27,7.96
2009-11-28,7.12
2009-11-29,3.46
2009-11-30,2.77
2009-12-01,2.31
2009-12-02,6.17
2009-12-03,6.41
2009-12-04,7.46
2009-12-05,3.35
2009-12-06,9.33
2009-12-07,5.39
2009-12-08,4.57
2009-12-09,10.4
2009-12-10,3.39
2009-12-11,2.66
2009-12-12,2.47
2009-12-13,2.83
2009-12-14,6.36
2009-12-15,3.94
2009-12-16,6.77
2009-12-17,6.69
2009-12-18,7.17
2009-12-19,17.36
2009-12-20,7.35
2009-12-21,5.31
2009-12-22,6.53
2009-12-23,20.56
2009-12-24,15.01
2009-12-25,6.41
2009-12-26,12.7
2009-12-27,27.79
2009-12-28,13.52
2009-12-29,1.8
2009-12-30,5.5
2009-12-31,8.94
2010-01-01,5.03
2010-01-02,10.51
2010-01-03,7.39
2010-01-04,10.34
2010-01-05,15.9
2010-01-06,3.06
2010-01-07,23.26
2010-01-08,21.3
2010-01-09,17.7
2010-01-10,0.13
2010-01-11,0.19
2010-01-12,6.28
2010-01-13,8.21
2010-01-14,12.6
2010-01-15,5.35
2010-01-16,1.19
2010-01-17,1.19
2010-01-18,2.43
2010-01-19,3.83
2010-01-20,2.41
2010-01-21,7.91
2010-01-22,1.98
2010-01-23,11.24
2010-01-24,9.42
2010-01-25,6.6
2010-01-26,3.33
2010-01-27,5.93
2010-01-28,13.99
2010-01-29,11.43
2010-01-30,3.93
2010-01-31,5.91
2010-02-01,12.82
2010-02-02,2.79
2010-02-03,9.83
2010-02-04,6.36
2010-02-05,5.7
2010-02-06,2.55
2010-02-07,5.45
2010-02-08,6.09
2010-02-09,1.38
2010-02-10,1.74
2010-02-11,1.55
2010-02-12,3.23
2010-02-13,4.45
2010-02-14,3.08
2010-02-15,2.06
2010-02-16,1.61
2010-02-17,8.84
2010-02-18,11.46
2010-02-19,3.49
2010-02-20,6.04
2010-02-21,2.78
2010-02-22,17.72
2010-02-23,6.36
2010-02-24,32.57
2010-02-25,16.57
2010-02-26,0.39
2010-02-27,6.42
2010-02-28,5.29
2010-03-01,37.05
2010-03-02,14.15
2010-03-03,7.4
2010-03-04,15.33
2010-03-05,0.85
2010-03-06,0.56
2010-03-07,0.66
2010-03-08,3.03
2010-03-09,8.32
2010-03-10,20.6
2010-03-11,12.6
2010-03-12,0.1
2010-03-13,0.36
2010-03-14,0.88
2010-03-15,8.47
2010-03-16,27.44
2010-03-17,25.56
2010-03-18,6.89
2010-03-19,6.11
2010-03-20,16.86
2010-03-21,15.12
2010-03-22,20.68
2010-03-23,20.13
2010-03-24,7.62
2010-03-25,11.23
2010-03-26,1.49
2010-03-27,4.84
2010-03-28,5.81
2010-03-29,26.16
2010-03-30,7.06
2010-03-31,6.69
2010-04-01,1.65
2010-04-02,2.72
2010-04-03,12.04
2010-04-04,26.55
2010-04-05,7.72
2010-04-06,2.12
2010-04-07,9.04
2010-04-08,4.04
2010-04-09,7.05
2010-04-10,5.89
2010-04-11,7.03
2010-04-12,3.02
2010-04-13,13.03
2010-04-14,28.59
2010-04-15,22.47
2010-04-16,24.99
2010-04-17,3.85
2010-04-18,12.16
2010-04-19,5.8
2010-04-20,3.18
2010-04-21,7.72
2010-04-22,1.02
2010-04-23,10.03
2010-04-24,2.89
2010-04-25,2.57
2010-04-26,0.64
2010-04-27,1.99
2010-04-28,0.87
2010-04-29,1.17
2010-04-30,1.1
2010-05-01,0.85
2010-05-02,5.05
2010-05-03,6.15
2010-05-04,8.96
2010-05-05,7.31
2010-05-06,5.1
2010-05-07,2.05
2010-05-08,6.08
2010-05-09,24.3
2010-05-10,6.31
2010-05-11,11.55
2010-05-12,11.56
2010-05-13,8.11
2010-05-14,3.69
2010-05-15,5.95
2010-05-16,9.06
2010-05-17,1.43
2010-05-18,6.57
2010-05-19,10.11
2010-05-20,6.82
2010-05-21,2.73
2010-05-22,10.63
2010-05-23,8.26
2010-05-24,4.93
2010-05-25,4.15
2010-05-26,5.62
2010-05-27,6.83
2010-05-28,1.92
2010-05-29,4.44
2010-05-30,2.77
2010-05-31,2.48
2010-06-01,12.89
2010-06-02,3.71
2010-06-03,6.48
2010-06-04,11.81
2010-06-05,5.89
2010-06-06,8.99
2010-06-07,14.38
2010-06-08,16.24
2010-06-09,6.81
2010-06-10,3.8
2010-06-11,0.73
2010-06-12,3.27
2010-06-13,1.26
2010-06-14,2.19
2010-06-15,7.22
2010-06-16,15.88
2010-06-17,0.89
2010-06-18,7.8
2010-06-19,2.42
2010-06-20,2.67
2010-06-21,2.06
2010-06-22,2.02
2010-06-23,9.39
2010-06-24,13.42
2010-06-25,19.1
2010-06-26,2.03
2010-06-27,9.4
2010-06-28,6.51
2010-06-29,6.02
2010-06-30,4.63
2010-07-01,14.3
2010-07-02,15.07
2010-07-03,16.41
2010-07-04,7.76
2010-07-05,1.11
2010-07-06,2.69
2010-07-07,4.25
2010-07-08,13.02
2010-07-09,0.09
2010-07-10,0.67
2010-07-11,2.41
2010-07-12,2.68
2010-07-13,3.71
2010-07-14,1.81
2010-07-15,2.3
2010-07-16,4.53
2010-07-17,8.99
2010-07-18,7.01
2010-07-19,8.57
2010-07-20,5.34
2010-07-21,4.95
2010-07-22,1.05
2010-07-23,0.71
2010-07-24,3.01
2010-07-25,4.89
2010-07-26,15.34
2010-07-27,2.88
2010-07-28,4.66
2010-07-29,18.25
2010-07-30,8.04
2010-07-31,2.65
2010-08-01,28.38
2010-08-02,3.89
2010-08-03,8.39
2010-08-04,28.54
2010-08-05,7.9
2010-08-06,4.11
2010-08-07,15.71
2010-08-08,8.56
2010-08-09,13.51
2010-08-10,10.17
2010-08-11,3.54
2010-08-12,3.04
2010-08-13,3.27
2010-08-14,3.72
2010-08-15,9.31
2010-08-16,21.34
2010-08-17,24.8
2010-08-18,20.43
2010-08-19,13.53
2010-08-20,21.65
2010-08-21,3.4
2010-08-22,0.67
2010-08-23,2.19
2010-08-24,3.01
2010-08-25,1.82
2010-08-26,8.7
2010-08-27,4.29
2010-08-28,15.33
2010-08-29,7.31
2010-08-30,1.5
2010-08-31,1.51
2010-09-01,7.51
2010-09-02,8.94
2010-09-03,0.44
2010-09-04,3.05
2010-09-05,14.56
2010-09-06,8.05
2010-09-07,7.85
2010-09-08,17.88
2010-09-09,6.59
2010-09-10,2.64
2010-09-11,0.82
2010-09-12,1.58
2010-09-13,9.67
2010-09-14,5.4
2010-09-15,11.83
2010-09-16,2.9
2010-09-17,8.51
2010-09-18,2.73
2010-09-19,5.95
2010-09-20,7.0
2010-09-21,22.3
2010-09-22,5.11
2010-09-23,5.38
2010-09-24,20.98
2010-09-25,9.16
2010-09-26,5.93
2010-09-27,19.24
2010-09-28,10.26
2010-09-29,5.76
2010-09-30,3.09
2010-10-01,2.76
2010-10-02,7.87
2010-10-03,16.19
2010-10-04,7.58
2010-10-05,6.42
2010-10-06,19.07
2010-10-07,23.29
2010-10-08,7.68
2010-10-09,2.91
2010-10-10,5.38
2010-10-11,2.29
2010-10-12,2.42
2010-10-13,3.59
2010-10-14,1.71
2010-10-15,1.41
2010-10-16,2.66
2010-10-17,2.81
2010-10-18,6.47
2010-10-19,13.11
2010-10-20,14.7
2010-10-21,2.6
2010-10-22,4.04
2010-10-23,8.58
2010-10-24,14.17
2010-10-25,27.16
2010-10-26,5.86
2010-10-27,8.84
2010-10-28,5.93
2010-10-29,17.74
2010-10-30,17.32
2010-10-31,9.77
2010-11-01,33.92
2010-11-02,10.08
2010-11-03,15.97
2010-11-04,19.18
2010-11-05,4.45
2010-11-06,30.46
2010-11-07,8.24
2010-11-08,11.26
2010-11-09,5.31
2010-11-10,4.46
2010-11-11,7.13
2010-11-12,13.52
2010-11-13,20.56
2010-11-14,12.2
2010-11-15,4.78
2010-11-16,20.63
2010-11-17,11.44
2010-11-18,10.66
2010-11-19,7.12
2010-11-20,4.94
2010-11-21,2.31
2010-11-22,2.62
2010-11-23,2.99
2010-11-24,5.3
2010-11-25,24.9
2010-11-26,15.0
2010-11-27,11.41
2010-11-28,6.61
2010-11-29,9.55
2010-11-30,10.24
2010-12-01,16.1
2010-12-02,10.61
2010-12-03,56.52
2010-12-04,20.93
2010-12-05,12.25
2010-12-06,7.91
2010-12-07,7.54
2010-12-08,4.68
2010-12-09,5.25
2010-12-10,9.94
2010-12-11,3.4
2010-12-12,2.2
2010-12-13,5.08
2010-12-14,5.72
2010-12-15,15.27
2010-12-16,12.71
2010-12-17,11.42
2010-12-18,19.75
2010-12-19,2.45
2010-12-20,13.59
2010-12-21,6.91
2010-12-22,5.66
2010-12-23,2.62
2010-12-24,4.23
2010-12-25,11.39
2010-12-26,13.17
2010-12-27,6.54
2010-12-28,4.01
2010-12-29,7.32
2010-12-30,4.47
2010-12-31,3.53
2011-01-01,4.82
2011-01-02,5.98
2011-01-03,9.98
2011-01-04,5.3
2011-01-05,5.63
2011-01-06,6.35
2011-01-07,4.05
2011-01-08,2.54
2011-01-09,16.59
2011-01-10,18.97
2011-01-11,14.79
2011-01-12,3.02
2011-01-13,4.07
2011-01-14,6.99
2011-01-15,4.02
2011-01-16,16.79
2011-01-17,0.89
2011-01-18,2.27
2011-01-19,0.44
2011-01-20,0.34
2011-01-21,3.09
2011-01-22,11.31
2011-01-23,18.35
2011-01-24,13.31
2011-01-25,6.12
2011-01-26,11.2
2011-01-27,10.15
2011-01-28,25.23
2011-01-29,23.51
2011-01-30,13.24
2011-01-31,5.93
2011-02-01,5.54
2011-02-02,18.61
2011-02-03,13.85
2011-02-04,20.31
2011-02-05,10.57
2011-02-06,1.93
2011-02-07,0.18
2011-02-08,0.01
2011-02-09,0.94
2011-02-10,0.12
2011-02-11,3.1
2011-02-12,14.03
2011-02-13,16.84
2011-02-14,0.24
2011-02-15,1.91
2011-02-16,30.94
2011-02-17,16.11
2011-02-18,6.55
2011-02-19,14.36
2011-02-20,6.26
2011-02-21,0.43
2011-02-22,0.94
2011-02-23,6.88
2011-02-24,3.67
2011-02-25,3.25
2011-02-26,4.08
2011-02-27,11.96
2011-02-28,20.6
2011-03-01,8.5
2011-03-02,7.67
2011-03-03,4.01
2011-03-04,2.07
2011-03-05,3.61
2011-03-06,4.15
2011-03-07,9.24
2011-03-08,5.62
2011-03-09,7.18
2011-03-10,8.5
2011-03-11,10.6
2011-03-12,8.79
2011-03-13,5.81
2011-03-14,12.72
2011-03-15,7.09
2011-03-16,11.88
2011-03-17,4.08
2011-03-18,3.06
2011-03-19,6.73
2011-03-20,6.92
2011-03-21,8.49
2011-03-22,25.06
2011-03-23,2.58
2011-03-24,9.16
2011-03-25,3.47
2011-03-26,6.1
2011-03-27,10.9
2011-03-28,12.11
2011-03-29,5.32
2011-03-30,4.81
2011-03-31,2.9
2011-04-01,3.35
2011-04-02,4.31
2011-04-03,4.69
2011-04-04,5.32
2011-04-05,7.58
2011-04-06,11.25
2011-04-07,8.02
2011-04-08,5.18
2011-04-09,39.7
2011-04-10,7.0
2011-04-11,4.75
2011-04-12,23.4
2011-04-13,11.25
2011-04-14,3.24
2011-04-15,3.52
2011-04-16,3.59
2011-04-17,0.93
2011-04-18,8.87
2011-04-19,7.48
2011-04-20,5.78
2011-04-21,12.12
2011-04-22,5.91
2011-04-23,2.49
2011-04-24,3.63
2011-04-25,4.32
2011-04-26,11.5
2011-04-27,14.4
2011-04-28,5.62
2011-04-29,18.75
2011-04-30,27.94
2011-05-01,18.89
2011-05-02,10.95
2011-05-03,4.07
2011-05-04,17.12
2011-05-05,6.46
2011-05-06,11.74
2011-05-07,4.06
2011-05-08,1.28
2011-05-09,1.44
2011-05-10,14.46
2011-05-11,2.3
2011-05-12,22.63
2011-05-13,20.18
2011-05-14,14.66
2011-05-15,4.77
2011-05-16,3.69
2011-05-17,4.21
2011-05-18,2.56
2011-05-19,3.63
2011-05-20,13.69
2011-05-21,13.14
2011-05-22,3.59
2011-05-23,2.71
2011-05-24,9.01
2011-05-25,9.66
2011-05-26,5.77
2011-05-27,7.12
2011-05-28,9.49
2011-05-29,10.59
2011-05-30,3.09
2011-05-31,2.52
2011-06-01,2.54
2011-06-02,1.68
2011-06-03,1.72
2011-06-04,4.05
2011-06-05,28.12
2011-06-06,6.27
2011-06-07,2.91
2011-06-08,0.88
2011-06-09,6.1
2011-06-10,5.38
2011-06-11,11.54
2011-06-12,3.68
2011-06-13,3.01
2011-06-14,2.78
2011-06-15,3.39
2011-06-16,25.4
2011-06-17,3.64
2011-06-18,0.26
2011-06-19,0.05
2011-06-20,0.24
2011-06-21,0.32
2011-06-22,2.49
2011-06-23,6.92
2011-06-24,8.74
2011-06-25,4.6
2011-06-26,2.25
2011-06-27,11.86
2011-06-28,10.47
2011-06-29,22.07
2011-06-30,18.86
2011-07-01,4.88
2011-07-02,1.4
2011-07-03,1.87
2011-07-04,1.03
2011-07-05,0.15
2011-07-06,0.13
2011-07-07,0.09
2011-07-08,0.02
2011-07-09,0.0
2011-07-10,2.61
2011-07-11,3.21
2011-07-12,1.06
2011-07-13,0.6
2011-07-14,1.66
2011-07-15,6.96
2011-07-16,22.05
2011-07-17,7.05
2011-07-18,2.75
2011-07-19,3.53
2011-07-20,2.95
2011-07-21,1.92
2011-07-22,5.0
2011-07-23,5.35
2011-07-24,1.3
2011-07-25,7.49
2011-07-26,1.17
2011-07-27,0.01
2011-07-28,0.01
2011-07-29,0.46
2011-07-30,0.05
2011-07-31,0.01
2011-08-01,0.18
2011-08-02,8.45
2011-08-03,3.31
2011-08-04,3.21
2011-08-05,2.54
2011-08-06,0.45
2011-08-07,0.41
2011-08-08,0.0
2011-08-09,0.0
2011-08-10,0.05
2011-08-11,0.34
2011-08-12,0.23
2011-08-13,0.7
2011-08-14,3.59
2011-08-15,1.77
2011-08-16,0.27
2011-08-17,1.31
2011-08-18,5.72
2011-08-19,1.71
2011-08-20,0.0
2011-08-21,0.6
2011-08-22,0.01
2011-08-23,0.0
2011-08-24,0.0
2011-08-25,0.02
2011-08-26,0.11
2011-08-27,0.02
2011-08-28,0.16
2011-08-29,0.97
2011-08-30,2.33
2011-08-31,0.64
2011-09-01,0.46
2011-09-02,0.68
2011-09-03,0.67
2011-09-04,0.15
2011-09-05,0.17
2011-09-06,0.28
2011-09-07,0.09
2011-09-08,0.01
2011-09-09,0.07
2011-09-10,0.18
2011-09-11,0.49
2011-09-12,2.88
2011-09-13,5.08
2011-09-14,9.45
2011-09-15,7.03
2011-09-16,1.32
2011-09-17,0.74
2011-09-18,0.47
2011-09-19,2.15
2011-09-20,8.29
2011-09-21,3.35
2011-09-22,0.12
2011-09-23,0.13
2011-09-24,0.07
2011-09-25,1.26
2011-09-26,12.86
2011-09-27,1.9
2011-09-28,0.4
2011-09-29,0.14
2011-09-30,0.0
2011-10-01,2.71
2011-10-02,3.24
2011-10-03,3.26
2011-10-04,9.63
2011-10-05,7.43
2011-10-06,6.18
2011-10-07,3.49
2011-10-08,5.18
2011-10-09,8.87
2011-10-10,2.59
2011-10-11,6.09
2011-10-12,2.09
2011-10-13,0.32
2011-10-14,1.6
2011-10-15,3.37
2011-10-16,5.99
2011-10-17,4.23
2011-10-18,4.42
2011-10-19,17.51
2011-10-20,14.19
2011-10-21,29.24
2011-10-22,7.5
2011-10-23,36.08
2011-10-24,9.0
2011-10-25,4.44
2011-10-26,15.19
2011-10-27,2.1
2011-10-28,27.71
2011-10-29,4.99
2011-10-30,4.44
2011-10-31,4.52
2011-11-01,12.71
2011-11-02,18.0
2011-11-03,11.71
2011-11-04,14.45
2011-11-05,1.77
2011-11-06,7.59
2011-11-07,1.67
2011-11-08,1.8
2011-11-09,26.53
2011-11-10,1.82
2011-11-11,3.54
2011-11-12,6.65
2011-11-13,4.28
2011-11-14,12.68
2011-11-15,12.06
2011-11-16,3.75
2011-11-17,20.67
2011-11-18,14.04
2011-11-19,19.28
2011-11-20,25.51
2011-11-21,5.59
2011-11-22,3.28
2011-11-23,11.47
2011-11-24,5.14
2011-11-25,2.63
2011-11-26,3.48
2011-11-27,2.97
2011-11-28,7.37
2011-11-29,4.54
2011-11-30,18.44
2011-12-01,19.36
2011-12-02,22.69
2011-12-03,6.24
2011-12-04,3.02
2011-12-05,5.08
2011-12-06,1.56
2011-12-07,1.86
2011-12-08,9.01
2011-12-09,8.59
2011-12-10,8.37
2011-12-11,8.78
2011-12-12,4.03
2011-12-13,2.75
2011-12-14,13.42
2011-12-15,7.3
2011-12-16,5.64
2011-12-17,22.23
2011-12-18,11.11
2011-12-19,20.18
2011-12-20,21.8
2011-12-21,9.78
2011-12-22,4.39
2011-12-23,4.93
2011-12-24,13.3
2011-12-25,31.28
2011-12-26,16.11
2011-12-27,12.09
2011-12-28,16.39
2011-12-29,13.77
2011-12-30,1.17
2011-12-31,1.85
2012-01-01,8.76
2012-01-02,3.11
2012-01-03,2.25
2012-01-04,1.4
2012-01-05,2.56
2012-01-06,6.62
2012-01-07,3.39
2012-01-08,13.54
2012-01-09,27.2
2012-01-10,12.25
2012-01-11,21.68
2012-01-12,16.09
2012-01-13,10.09
2012-01-14,5.02
2012-01-15,2.26
2012-01-16,5.65
2012-01-17,1.94
2012-01-18,3.47
2012-01-19,5.22
2012-01-20,8.03
2012-01-21,1.36
2012-01-22,1.67
2012-01-23,4.02
2012-01-24,3.23
2012-01-25,3.11
2012-01-26,1.9
2012-01-27,0.66
2012-01-28,2.73
2012-01-29,3.84
2012-01-30,10.92
2012-01-31,5.21
2012-02-01,9.33
2012-02-02,21.95
2012-02-03,14.88
2012-02-04,45.36
2012-02-05,13.23
2012-02-06,12.0
2012-02-07,8.3
2012-02-08,8.01
2012-02-09,7.24
2012-02-10,4.34
2012-02-11,2.17
2012-02-12,9.72
2012-02-13,7.95
2012-02-14,16.75
2012-02-15,16.22
2012-02-16,4.55
2012-02-17,16.69
2012-02-18,15.72
2012-02-19,12.88
2012-02-20,13.29
2012-02-21,2.19
2012-02-22,2.62
2012-02-23,4.91
2012-02-24,0.89
2012-02-25,1.76
2012-02-26,34.5
2012-02-27,3.33
2012-02-28,3.92
2012-02-29,4.32
2012-03-01,10.25
2012-03-02,10.32
2012-03-03,8.2
2012-03-04,6.05
2012-03-05,9.33
2012-03-06,6.86
2012-03-07,10.55
2012-03-08,12.72
2012-03-09,1.56
2012-03-10,0.53
2012-03-11,10.29
2012-03-12,4.03
2012-03-13,11.54
2012-03-14,11.46
2012-03-15,2.68
2012-03-16,0.58
2012-03-17,1.12
2012-03-18,2.61
2012-03-19,7.57
2012-03-20,18.7
2012-03-21,5.56
2012-03-22,2.58
2012-03-23,3.24
2012-03-24,2.31
2012-03-25,1.47
2012-03-26,8.69
2012-03-27,22.62
2012-03-28,9.7
2012-03-29,5.0
2012-03-30,23.87
2012-03-31,11.5
2012-04-01,7.95
2012-04-02,5.53
2012-04-03,8.32
2012-04-04,6.01
2012-04-05,2.81
2012-04-06,6.96
2012-04-07,3.63
2012-04-08,5.54
2012-04-09,3.47
2012-04-10,9.87
2012-04-11,8.38
2012-04-12,2.98
2012-04-13,5.24
2012-04-14,6.15
2012-04-15,14.2
2012-04-16,4.73
2012-04-17,10.48
2012-04-18,1.83
2012-04-19,5.86
2012-04-20,2.29
2012-04-21,8.55
2012-04-22,7.36
2012-04-23,2.44
2012-04-24,12.43
2012-04-25,0.54
2012-04-26,1.14
2012-04-27,1.48
2012-04-28,3.06
2012-04-29,7.64
2012-04-30,11.32
2012-05-01,2.14
2012-05-02,7.34
2012-05-03,3.11
2012-05-04,4.47
2012-05-05,2.65
2012-05-06,11.62
2012-05-07,1.73
2012-05-08,1.93
2012-05-09,4.29
2012-05-10,2.0
2012-05-11,3.01
2012-05-12,3.67
2012-05-13,1.13
2012-05-14,0.34
2012-05-15,0.54
2012-05-16,7.2
2012-05-17,5.98
2012-05-18,3.91
2012-05-19,4.7
2012-05-20,5.34
2012-05-21,4.09
2012-05-22,3.62
2012-05-23,14.06
2012-05-24,13.16
2012-05-25,5.71
2012-05-26,2.31
2012-05-27,11.64
2012-05-28,2.14
2012-05-29,10.77
2012-05-30,5.89
2012-05-31,10.46
2012-06-01,15.76
2012-06-02,4.91
2012-06-03,8.23
2012-06-04,15.11
2012-06-05,7.28
2012-06-06,3.53
2012-06-07,3.05
2012-06-08,8.06
2012-06-09,11.91
2012-06-10,4.74
2012-06-11,10.58
2012-06-12,1.14
2012-06-13,0.5
2012-06-14,0.32
2012-06-15,0.23
2012-06-16,0.05
2012-06-17,0.86
2012-06-18,1.73
2012-06-19,30.44
2012-06-20,5.7
2012-06-21,0.87
2012-06-22,0.44
2012-06-23,0.53
2012-06-24,0.23
2012-06-25,0.08
2012-06-26,0.08
2012-06-27,0.37
2012-06-28,0.03
2012-06-29,0.01
2012-06-30,0.46
2012-07-01,0.24
2012-07-02,4.45
2012-07-03,5.61
2012-07-04,12.58
2012-07-05,23.52
2012-07-06,1.16
2012-07-07,0.94
2012-07-08,3.58
2012-07-09,3.27
2012-07-10,30.39
2012-07-11,6.07
2012-07-12,9.32
2012-07-13,3.55
2012-07-14,12.4
2012-07-15,8.95
2012-07-16,7.1
2012-07-17,6.44
2012-07-18,1.53
2012-07-19,1.61
2012-07-20,3.81
2012-07-21,2.3
2012-07-22,0.08
2012-07-23,0.0
2012-07-24,0.01
2012-07-25,0.49
2012-07-26,1.89
2012-07-27,1.2
2012-07-28,2.18
2012-07-29,0.19
2012-07-30,0.02
2012-07-31,0.03
2012-08-01,0.12
2012-08-02,0.04
2012-08-03,0.1
2012-08-04,0.11
2012-08-05,0.35
2012-08-06,0.5
2012-08-07,0.37
2012-08-08,0.01
2012-08-09,0.03
2012-08-10,0.75
2012-08-11,1.17
2012-08-12,1.17
2012-08-13,0.47
2012-08-14,0.28
2012-08-15,0.01
2012-08-16,0.0
2012-08-17,0.01
2012-08-18,0.05
2012-08-19,0.26
2012-08-20,0.21
2012-08-21,0.0
2012-08-22,0.01
2012-08-23,0.0
2012-08-24,0.4
2012-08-25,0.34
2012-08-26,0.29
2012-08-27,2.2
2012-08-28,7.16
2012-08-29,4.2
2012-08-30,2.57
2012-08-31,2.43
2012-09-01,1.71
2012-09-02,0.0
2012-09-03,0.0
2012-09-04,0.0
2012-09-05,0.69
2012-09-06,0.01
2012-09-07,0.04
2012-09-08,3.8
2012-09-09,12.79
2012-09-10,2.38
2012-09-11,0.51
2012-09-12,0.31
2012-09-13,0.0
2012-09-14,0.0
2012-09-15,0.08
2012-09-16,0.29
2012-09-17,0.85
2012-09-18,0.48
2012-09-19,0.16
2012-09-20,1.29
2012-09-21,1.65
2012-09-22,1.07
2012-09-23,0.0
2012-09-24,0.0
2012-09-25,0.03
2012-09-26,0.4
2012-09-27,1.49
2012-09-28,0.78
2012-09-29,0.14
2012-09-30,0.16
2012-10-01,3.69
2012-10-02,4.07
2012-10-03,1.3
2012-10-04,0.73
2012-10-05,1.04
2012-10-06,1.77
2012-10-07,1.74
2012-10-08,1.06
2012-10-09,2.59
2012-10-10,2.83
2012-10-11,1.35
2012-10-12,2.09
2012-10-13,4.61
2012-10-14,6.82
2012-10-15,1.77
2012-10-16,8.21
2012-10-17,8.79
2012-10-18,5.4
2012-10-19,7.24
2012-10-20,7.75
2012-10-21,6.16
2012-10-22,1.36
2012-10-23,0.0
2012-10-24,0.07
2012-10-25,0.37
2012-10-26,2.2
2012-10-27,3.19
2012-10-28,5.92
2012-10-29,5.74
2012-10-30,4.17
2012-10-31,6.5
2012-11-01,5.4
2012-11-02,6.3
2012-11-03,11.33
2012-11-04,16.16
2012-11-05,10.36
2012-11-06,2.86
2012-11-07,8.29
2012-11-08,13.05
2012-11-09,9.14
2012-11-10,3.9
2012-11-11,4.39
2012-11-12,15.44
2012-11-13,10.11
2012-11-14,3.96
2012-11-15,9.0
2012-11-16,4.95
2012-11-17,8.6
2012-11-18,16.41
2012-11-19,12.9
2012-11-20,4.36
2012-11-21,3.09
2012-11-22,8.97
2012-11-23,7.18
2012-11-24,22.18
2012-11-25,10.32
2012-11-26,2.66
2012-11-27,17.71
2012-11-28,3.54
2012-11-29,8.7
2012-11-30,9.44
2012-12-01,8.38
2012-12-02,13.13
2012-12-03,13.73
2012-12-04,6.21
2012-12-05,4.21
2012-12-06,2.9
2012-12-07,8.66
2012-12-08,13.06
2012-12-09,6.42
2012-12-10,11.77
2012-12-11,14.31
2012-12-12,15.86
2012-12-13,11.83
2012-12-14,16.34
2012-12-15,7.42
2012-12-16,5.95
2012-12-17,13.17
2012-12-18,11.52
2012-12-19,4.46
2012-12-20,1.98
2012-12-21,7.45
2012-12-22,7.35
2012-12-23,10.16
2012-12-24,7.36
2012-12-25,3.85
2012-12-26,11.44
2012-12-27,10.58
2012-12-28,5.98
2012-12-29,9.0
2012-12-30,10.48
2012-12-31,18.19
2013-01-01,9.11
2013-01-02,12.38
2013-01-03,6.53
2013-01-04,10.54
2013-01-05,6.21
2013-01-06,2.54
2013-01-07,5.4
2013-01-08,7.43
2013-01-09,11.36
2013-01-10,9.06
2013-01-11,4.26
2013-01-12,4.03
2013-01-13,3.51
2013-01-14,4.24
2013-01-15,9.62
2013-01-16,3.5
2013-01-17,0.65
2013-01-18,2.18
2013-01-19,2.52
2013-01-20,3.62
2013-01-21,10.32
2013-01-22,20.88
2013-01-23,14.51
2013-01-24,7.19
2013-01-25,11.02
2013-01-26,1.84
2013-01-27,2.2
2013-01-28,4.48
2013-01-29,10.3
2013-01-30,5.3
2013-01-31,18.48
2013-02-01,12.09
2013-02-02,3.99
2013-02-03,2.41
2013-02-04,7.35
2013-02-05,7.25
2013-02-06,13.75
2013-02-07,28.34
2013-02-08,9.39
2013-02-09,58.31
2013-02-10,15.85
2013-02-11,2.07
2013-02-12,14.41
2013-02-13,10.43
2013-02-14,12.4
2013-02-15,10.36
2013-02-16,15.04
2013-02-17,4.94
2013-02-18,7.1
2013-02-19,8.01
2013-02-20,7.34
2013-02-21,12.52
2013-02-22,2.4
2013-02-23,0.88
2013-02-24,0.62
2013-02-25,7.85
2013-02-26,3.33
2013-02-27,1.73
2013-02-28,1.4
2013-03-01,0.84
2013-03-02,0.54
2013-03-03,6.57
2013-03-04,3.01
2013-03-05,4.15
2013-03-06,7.33
2013-03-07,12.39
2013-03-08,13.04
2013-03-09,22.72
2013-03-10,15.63
2013-03-11,18.41
2013-03-12,4.01
2013-03-13,2.28
2013-03-14,3.42
2013-03-15,10.2
2013-03-16,7.77
2013-03-17,13.64
2013-03-18,9.0
2013-03-19,9.93
2013-03-20,3.39
2013-03-21,6.53
2013-03-22,6.78
2013-03-23,1.57
2013-03-24,1.01
2013-03-25,1.28
2013-03-26,2.09
2013-03-27,6.31
2013-03-28,6.43
2013-03-29,6.85
2013-03-30,2.67
2013-03-31,4.35
2013-04-01,4.26
2013-04-02,1.19
2013-04-03,3.32
2013-04-04,10.82
2013-04-05,4.5
2013-04-06,30.53
2013-04-07,19.07
2013-04-08,3.87
2013-04-09,4.56
2013-04-10,6.71
2013-04-11,10.17
2013-04-12,4.17
2013-04-13,4.59
2013-04-14,2.47
2013-04-15,7.59
2013-04-16,2.04
2013-04-17,10.06
2013-04-18,3.86
2013-04-19,2.37
2013-04-20,3.12
2013-04-21,6.95
2013-04-22,4.93
2013-04-23,2.16
2013-04-24,2.18
2013-04-25,7.86
2013-04-26,13.22
2013-04-27,12.16
2013-04-28,9.88
2013-04-29,1.19
2013-04-30,3.63
2013-05-01,5.81
2013-05-02,3.46
2013-05-03,27.79
2013-05-04,20.48
2013-05-05,7.19
2013-05-06,5.64
2013-05-07,13.39
2013-05-08,6.84
2013-05-09,4.14
2013-05-10,13.84
2013-05-11,7.48
2013-05-12,3.32
2013-05-13,5.54
2013-05-14,2.19
2013-05-15,19.3
2013-05-16,4.45
2013-05-17,4.89
2013-05-18,6.13
2013-05-19,4.67
2013-05-20,2.46
2013-05-21,3.75
2013-05-22,6.04
2013-05-23,2.69
2013-05-24,6.77
2013-05-25,5.15
2013-05-26,10.44
2013-05-27,7.0
2013-05-28,2.93
2013-05-29,12.55
2013-05-30,1.19
2013-05-31,4.53
2013-06-01,4.22
2013-06-02,6.57
2013-06-03,11.45
2013-06-04,2.19
2013-06-05,1.74
2013-06-06,2.81
2013-06-07,1.99
2013-06-08,4.09
2013-06-09,3.76
2013-06-10,5.02
2013-06-11,5.59
2013-06-12,1.43
2013-06-13,1.96
2013-06-14,2.29
2013-06-15,2.14
2013-06-16,6.68
2013-06-17,3.7
2013-06-18,0.58
2013-06-19,0.2
2013-06-20,0.15
2013-06-21,0.0
2013-06-22,0.0
2013-06-23,0.06
2013-06-24,0.07
2013-06-25,3.12
2013-06-26,17.11
2013-06-27,11.48
2013-06-28,4.62
2013-06-29,4.38
2013-06-30,4.35
2013-07-01,3.46
2013-07-02,10.69
2013-07-03,5.32
2013-07-04,7.3
2013-07-05,10.08
2013-07-06,2.73
2013-07-07,5.49
2013-07-08,10.24
2013-07-09,45.36
2013-07-10,5.02
2013-07-11,6.87
2013-07-12,4.41
2013-07-13,4.9
2013-07-14,3.34
2013-07-15,3.28
2013-07-16,8.34
2013-07-17,7.72
2013-07-18,20.22
2013-07-19,7.9
2013-07-20,1.51
2013-07-21,3.3
2013-07-22,6.18
2013-07-23,3.57
2013-07-24,3.18
2013-07-25,6.86
2013-07-26,1.97
2013-07-27,3.12
2013-07-28,3.76
2013-07-29,14.49
2013-07-30,10.59
2013-07-31,9.86
2013-08-01,9.86
2013-08-02,3.52
2013-08-03,2.75
2013-08-04,3.88
2013-08-05,1.96
2013-08-06,2.62
2013-08-07,19.8
2013-08-08,15.36
2013-08-09,1.3
2013-08-10,1.93
2013-08-11,1.65
2013-08-12,3.6
2013-08-13,1.2
2013-08-14,0.0
2013-08-15,1.94
2013-08-16,1.72
2013-08-17,4.66
2013-08-18,0.73
2013-08-19,2.92
2013-08-20,2.87
2013-08-21,0.8
2013-08-22,0.06
2013-08-23,0.41
2013-08-24,0.39
2013-08-25,0.45
2013-08-26,0.02
2013-08-27,1.57
2013-08-28,1.13
2013-08-29,2.57
2013-08-30,2.33
2013-08-31,5.23
2013-09-01,5.09
2013-09-02,8.16
2013-09-03,9.26
2013-09-04,23.56
2013-09-05,40.65
2013-09-06,8.75
2013-09-07,2.55
2013-09-08,1.4
2013-09-09,14.16
2013-09-10,5.9
2013-09-11,5.85
2013-09-12,0.57
2013-09-13,6.13
2013-09-14,2.81
2013-09-15,1.89
2013-09-16,3.14
2013-09-17,14.74
2013-09-18,4.58
2013-09-19,4.39
2013-09-20,2.61
2013-09-21,0.22
2013-09-22,0.0
2013-09-23,0.02
2013-09-24,0.47
2013-09-25,2.67
2013-09-26,1.17
2013-09-27,0.11
2013-09-28,1.03
2013-09-29,3.8
2013-09-30,2.09
2013-10-01,1.28
2013-10-02,1.56
2013-10-03,2.1
2013-10-04,23.44
2013-10-05,0.56
2013-10-06,0.08
2013-10-07,0.72
2013-10-08,1.75
2013-10-09,0.69
2013-10-10,0.79
2013-10-11,2.04
2013-10-12,13.88
2013-10-13,6.54
2013-10-14,12.68
2013-10-15,2.87
2013-10-16,1.68
2013-10-17,13.25
2013-10-18,16.16
2013-10-19,5.59
2013-10-20,15.2
2013-10-21,5.01
2013-10-22,6.8
2013-10-23,0.5
2013-10-24,1.22
2013-10-25,1.13
2013-10-26,2.36
2013-10-27,3.87
2013-10-28,5.03
2013-10-29,6.52
2013-10-30,13.83
2013-10-31,3.15
2013-11-01,4.24
2013-11-02,1.64
2013-11-03,4.76
2013-11-04,10.54
2013-11-05,16.69
2013-11-06,5.53
2013-11-07,3.4
2013-11-08,10.23
2013-11-09,16.49
2013-11-10,12.84
2013-11-11,9.27
2013-11-12,2.42
2013-11-13,29.64
2013-11-14,19.38
2013-11-15,7.55
2013-11-16,8.65
2013-11-17,8.37
2013-11-18,16.08
2013-11-19,5.3
2013-11-20,5.85
2013-11-21,3.8
2013-11-22,5.08
2013-11-23,6.56
2013-11-24,5.81
2013-11-25,11.29
2013-11-26,17.03
2013-11-27,11.57
2013-11-28,24.64
2013-11-29,21.36
2013-11-30,8.05
2013-12-01,24.35
2013-12-02,14.58
2013-12-03,10.17
2013-12-04,6.37
2013-12-05,7.01
2013-12-06,9.62
2013-12-07,12.29
2013-12-08,25.21
2013-12-09,17.49
2013-12-10,8.81
2013-12-11,10.34
2013-12-12,10.91
2013-12-13,13.73
2013-12-14,9.38
2013-12-15,8.64
2013-12-16,7.75
2013-12-17,3.29
2013-12-18,2.74
2013-12-19,9.02
2013-12-20,8.87
2013-12-21,8.14
2013-12-22,14.33
2013-12-23,7.1
2013-12-24,10.29
2013-12-25,4.68
2013-12-26,11.83
2013-12-27,14.02
2013-12-28,22.09
2013-12-29,40.14
2013-12-30,11.74
2013-12-31,23.19
2014-01-01,19.65
2014-01-02,13.52
2014-01-03,16.87
2014-01-04,20.62
2014-01-05,6.43
2014-01-06,5.6
2014-01-07,7.61
2014-01-08,5.03
2014-01-09,8.13
2014-01-10,3.85
2014-01-11,25.11
2014-01-12,13.59
2014-01-13,16.45
2014-01-14,6.76
2014-01-15,4.38
2014-01-16,5.29
2014-01-17,1.79
2014-01-18,1.45
2014-01-19,1.87
2014-01-20,1.49
2014-01-21,3.28
2014-01-22,0.68
2014-01-23,3.45
2014-01-24,0.96
2014-01-25,0.57
2014-01-26,0.08
2014-01-27,0.02
2014-01-28,0.07
2014-01-29,0.13
2014-01-30,0.02
2014-01-31,0.05
2014-02-01,0.01
2014-02-02,0.42
2014-02-03,0.35
2014-02-04,0.01
2014-02-05,0.01
2014-02-06,0.0
2014-02-07,0.4
2014-02-08,1.12
2014-02-09,3.19
2014-02-10,0.05
2014-02-11,0.92
2014-02-12,0.11
2014-02-13,0.26
2014-02-14,0.83
2014-02-15,11.13
2014-02-16,11.26
2014-02-17,4.34
2014-02-18,1.34
2014-02-19,0.42
2014-02-20,0.47
2014-02-21,2.57
2014-02-22,1.56
2014-02-23,0.32
2014-02-24,2.13
2014-02-25,0.75
2014-02-26,0.23
2014-02-27,1.15
2014-02-28,0.32
2014-03-01,0.89
2014-03-02,2.45
2014-03-03,1.68
2014-03-04,0.67
2014-03-05,0.13
2014-03-06,0.09
2014-03-07,0.17
2014-03-08,3.15
2014-03-09,2.95
2014-03-10,0.72
2014-03-11,0.64
2014-03-12,1.44
2014-03-13,0.74
2014-03-14,0.89
2014-03-15,1.76
2014-03-16,1.2
2014-03-17,2.89
2014-03-18,1.01
2014-03-19,8.14
2014-03-20,3.5
2014-03-21,8.54
2014-03-22,2.85
2014-03-23,0.01
2014-03-24,0.07
2014-03-25,0.66
2014-03-26,1.44
2014-03-27,6.18
2014-03-28,3.05
2014-03-29,3.9
2014-03-30,19.24
2014-03-31,2.17
2014-04-01,5.11
2014-04-02,1.47
2014-04-03,2.17
2014-04-04,5.13
2014-04-05,7.01
2014-04-06,8.45
2014-04-07,7.36
2014-04-08,1.24
2014-04-09,5.37
2014-04-10,4.46
2014-04-11,33.86
2014-04-12,12.48
2014-04-13,9.06
2014-04-14,7.45
2014-04-15,3.05
2014-04-16,5.28
2014-04-17,25.9
2014-04-18,5.08
2014-04-19,8.11
2014-04-20,8.72
2014-04-21,11.72
2014-04-22,2.23
2014-04-23,1.46
2014-04-24,8.59
2014-04-25,1.96
2014-04-26,4.03
2014-04-27,1.73
2014-04-28,17.75
2014-04-29,6.54
2014-04-30,5.79
2014-05-01,9.19
2014-05-02,2.01
2014-05-03,3.0
2014-05-04,5.23
2014-05-05,2.06
2014-05-06,1.85
2014-05-07,7.75
2014-05-08,19.38
2014-05-09,7.07
2014-05-10,3.55
2014-05-11,1.91
2014-05-12,3.1
2014-05-13,1.42
2014-05-14,7.78
2014-05-15,4.24
2014-05-16,9.73
2014-05-17,10.63
2014-05-18,9.74
2014-05-19,7.29
2014-05-20,3.75
2014-05-21,4.78
2014-05-22,2.09
2014-05-23,6.94
2014-05-24,2.92
2014-05-25,2.82
2014-05-26,2.58
2014-05-27,29.97
2014-05-28,2.79
2014-05-29,4.74
2014-05-30,4.26
2014-05-31,4.54
2014-06-01,2.54
2014-06-02,1.42
2014-06-03,2.08
2014-06-04,7.58
2014-06-05,10.26
2014-06-06,3.53
2014-06-07,2.12
2014-06-08,2.31
2014-06-09,2.16
2014-06-10,7.23
2014-06-11,5.29
2014-06-12,5.62
2014-06-13,6.27
2014-06-14,8.52
2014-06-15,2.8
2014-06-16,5.94
2014-06-17,2.58
2014-06-18,0.94
2014-06-19,4.91
2014-06-20,2.79
2014-06-21,1.47
2014-06-22,6.71
2014-06-23,2.49
2014-06-24,0.5
2014-06-25,2.47
2014-06-26,2.61
2014-06-27,8.92
2014-06-28,3.03
2014-06-29,2.83
2014-06-30,6.75
2014-07-01,1.54
2014-07-02,0.1
2014-07-03,0.29
2014-07-04,6.99
2014-07-05,7.83
2014-07-06,3.0
2014-07-07,11.34
2014-07-08,9.34
2014-07-09,3.54
2014-07-10,2.15
2014-07-11,4.5
2014-07-12,14.16
2014-07-13,0.99
2014-07-14,1.07
2014-07-15,2.96
2014-07-16,2.34
2014-07-17,2.21
2014-07-18,0.99
2014-07-19,0.97
2014-07-20,13.21
2014-07-21,5.23
2014-07-22,1.14
2014-07-23,0.73
2014-07-24,1.88
2014-07-25,0.68
2014-07-26,0.22
2014-07-27,0.12
2014-07-28,0.48
2014-07-29,2.6
2014-07-30,1.0
2014-07-31,2.45
2014-08-01,0.82
2014-08-02,0.5
2014-08-03,0.37
2014-08-04,1.45
2014-08-05,3.87
2014-08-06,5.9
2014-08-07,6.77
2014-08-08,9.68
2014-08-09,6.2
2014-08-10,14.69
2014-08-11,22.56
2014-08-12,12.25
2014-08-13,5.05
2014-08-14,5.82
2014-08-15,0.16
2014-08-16,0.83
2014-08-17,0.23
2014-08-18,0.48
2014-08-19,0.6
2014-08-20,1.26
2014-08-21,5.9
2014-08-22,3.22
2014-08-23,4.21
2014-08-24,1.48
2014-08-25,0.47
2014-08-26,0.73
2014-08-27,0.32
2014-08-28,3.59
2014-08-29,0.97
2014-08-30,0.87
2014-08-31,0.31
2014-09-01,0.05
2014-09-02,0.32
2014-09-03,0.24
2014-09-04,0.09
2014-09-05,0.13
2014-09-06,5.18
2014-09-07,0.7
2014-09-08,0.58
2014-09-09,0.27
2014-09-10,0.07
2014-09-11,0.01
2014-09-12,0.09
2014-09-13,0.09
2014-09-14,0.03
2014-09-15,0.0
2014-09-16,0.0
2014-09-17,0.28
2014-09-18,2.08
2014-09-19,2.48
2014-09-20,3.59
2014-09-21,0.12
2014-09-22,0.0
2014-09-23,0.58
2014-09-24,1.57
2014-09-25,1.21
2014-09-26,0.12
2014-09-27,0.05
2014-09-28,0.0
2014-09-29,0.06
2014-09-30,0.44
2014-10-01,0.2
2014-10-02,0.01
2014-10-03,0.02
2014-10-04,0.07
2014-10-05,0.29
2014-10-06,0.69
2014-10-07,0.31
2014-10-08,0.11
2014-10-09,0.01
2014-10-10,0.05
2014-10-11,0.28
2014-10-12,0.95
2014-10-13,1.58
2014-10-14,3.09
2014-10-15,2.76
2014-10-16,4.17
2014-10-17,3.08
2014-10-18,1.81
2014-10-19,5.95
2014-10-20,6.83
2014-10-21,4.39
2014-10-22,2.56
2014-10-23,0.43
2014-10-24,0.19
2014-10-25,1.58
2014-10-26,2.41
2014-10-27,0.97
2014-10-28,0.32
2014-10-29,0.58
2014-10-30,1.47
2014-10-31,1.88
2014-11-01,0.56
2014-11-02,0.0
2014-11-03,0.02
2014-11-04,0.57
2014-11-05,1.74
2014-11-06,2.47
2014-11-07,12.78
2014-11-08,7.93
2014-11-09,6.89
2014-11-10,14.47
2014-11-11,10.38
2014-11-12,2.0
2014-11-13,4.24
2014-11-14,3.77
2014-11-15,9.66
2014-11-16,6.7
2014-11-17,7.49
2014-11-18,8.59
2014-11-19,7.55
2014-11-20,3.34
2014-11-21,3.53
2014-11-22,3.29
2014-11-23,4.19
2014-11-24,28.72
2014-11-25,1.68
2014-11-26,15.08
2014-11-27,6.43
2014-11-28,3.62
2014-11-29,13.18
2014-11-30,9.88
2014-12-01,4.99
2014-12-02,5.93
2014-12-03,4.6
2014-12-04,5.2
2014-12-05,3.58
2014-12-06,3.66
2014-12-07,5.06
2014-12-08,8.25
2014-12-09,6.49
2014-12-10,10.86
2014-12-11,5.34
2014-12-12,6.05
2014-12-13,32.35
2014-12-14,20.78
2014-12-15,13.41
2014-12-16,9.73
2014-12-17,20.55
2014-12-18,12.52
2014-12-19,8.41
2014-12-20,2.42
2014-12-21,9.86
2014-12-22,9.65
2014-12-23,5.31
2014-12-24,7.74
2014-12-25,8.82
2014-12-26,9.31
2014-12-27,18.02
2014-12-28,11.56
2014-12-29,1.42
2014-12-30,4.39
2014-12-31,21.87
2015-01-01,12.95
2015-01-02,9.43
2015-01-03,2.7
2015-01-04,2.81
2015-01-05,3.73
2015-01-06,1.95
2015-01-07,4.1
2015-01-08,3.09
2015-01-09,6.19
2015-01-10,4.6
2015-01-11,5.77
2015-01-12,1.71
2015-01-13,2.37
2015-01-14,6.61
2015-01-15,21.86
2015-01-16,11.04
2015-01-17,3.69
2015-01-18,18.18
2015-01-19,7.56
2015-01-20,5.03
2015-01-21,6.96
2015-01-22,8.91
2015-01-23,4.09
2015-01-24,6.58
2015-01-25,4.35
2015-01-26,2.9
2015-01-27,1.81
2015-01-28,0.44
2015-01-29,3.11
2015-01-30,6.39
2015-01-31,5.67
2015-02-01,8.73
2015-02-02,4.31
2015-02-03,2.34
2015-02-04,3.85
2015-02-05,17.12
2015-02-06,13.26
2015-02-07,12.27
2015-02-08,6.87
2015-02-09,8.53
2015-02-10,12.26
2015-02-11,4.53
2015-02-12,0.4
2015-02-13,1.05
2015-02-14,0.14
2015-02-15,0.31
2015-02-16,0.48
2015-02-17,2.13
2015-02-18,6.25
2015-02-19,16.03
2015-02-20,4.93
2015-02-21,2.3
2015-02-22,0.81
2015-02-23,2.44
2015-02-24,0.63
2015-02-25,0.96
2015-02-26,0.53
2015-02-27,0.58
2015-02-28,1.97
2015-03-01,8.37
2015-03-02,18.3
2015-03-03,4.97
2015-03-04,7.1
2015-03-05,1.74
2015-03-06,1.89
2015-03-07,3.63
2015-03-08,5.15
2015-03-09,12.46
2015-03-10,4.43
2015-03-11,16.47
2015-03-12,9.03
2015-03-13,3.1
2015-03-14,9.1
2015-03-15,25.12
2015-03-16,2.28
2015-03-17,2.03
2015-03-18,3.78
2015-03-19,4.55
2015-03-20,3.38
2015-03-21,5.82
2015-03-22,5.45
2015-03-23,1.65
2015-03-24,3.03
2015-03-25,2.42
2015-03-26,7.03
2015-03-27,4.44
2015-03-28,1.67
2015-03-29,1.98
2015-03-30,4.02
2015-03-31,2.86
2015-04-01,3.91
2015-04-02,14.27
2015-04-03,9.64
2015-04-04,7.55
2015-04-05,9.52
2015-04-06,5.5
2015-04-07,6.42
2015-04-08,7.02
2015-04-09,6.35
2015-04-10,0.64
2015-04-11,0.37
2015-04-12,2.61
2015-04-13,2.82
2015-04-14,3.66
2015-04-15,9.08
2015-04-16,7.93
2015-04-17,13.51
2015-04-18,2.95
2015-04-19,10.14
2015-04-20,6.59
2015-04-21,6.7
2015-04-22,5.75
2015-04-23,8.79
2015-04-24,8.67
2015-04-25,11.52
2015-04-26,7.09
2015-04-27,7.72
2015-04-28,5.12
2015-04-29,6.75
2015-04-30,9.59
2015-05-01,14.44
2015-05-02,5.04
2015-05-03,12.43
2015-05-04,2.4
2015-05-05,2.98
2015-05-06,2.41
2015-05-07,5.72
2015-05-08,6.08
2015-05-09,5.05
2015-05-10,1.08
2015-05-11,3.96
2015-05-12,4.69
2015-05-13,4.48
2015-05-14,8.9
2015-05-15,9.33
2015-05-16,0.52
2015-05-17,2.71
2015-05-18,2.07
2015-05-19,1.3
2015-05-20,0.33
2015-05-21,0.11
2015-05-22,2.09
2015-05-23,3.76
2015-05-24,2.25
2015-05-25,4.58
2015-05-26,5.78
2015-05-27,2.34
2015-05-28,0.89
2015-05-29,0.93
2015-05-30,0.31
2015-05-31,1.9
2015-06-01,2.54
2015-06-02,5.95
2015-06-03,3.76
2015-06-04,3.39
2015-06-05,4.45
2015-06-06,24.11
2015-06-07,15.38
2015-06-08,9.21
2015-06-09,7.04
2015-06-10,1.87
2015-06-11,7.92
2015-06-12,8.59
2015-06-13,5.46
2015-06-14,5.1
2015-06-15,0.95
2015-06-16,0.07
2015-06-17,0.25
2015-06-18,0.29
2015-06-19,1.14
2015-06-20,0.55
2015-06-21,0.09
2015-06-22,0.14
2015-06-23,0.14
2015-06-24,0.0
2015-06-25,0.0
2015-06-26,0.03
2015-06-27,0.61
2015-06-28,0.36
2015-06-29,0.39
2015-06-30,0.09
2015-07-01,0.17
2015-07-02,0.1
2015-07-03,0.21
2015-07-04,0.03
2015-07-05,0.02
2015-07-06,0.03
2015-07-07,0.07
2015-07-08,0.77
2015-07-09,2.81
2015-07-10,2.94
2015-07-11,3.38
2015-07-12,1.27
2015-07-13,3.19
2015-07-14,4.92
2015-07-15,3.41
2015-07-16,1.47
2015-07-17,0.27
2015-07-18,0.6
2015-07-19,1.18
2015-07-20,0.47
2015-07-21,0.23
2015-07-22,0.84
2015-07-23,0.18
2015-07-24,0.65
2015-07-25,3.67
2015-07-26,0.4
2015-07-27,2.61
2015-07-28,3.64
2015-07-29,2.2
2015-07-30,3.55
2015-07-31,3.18
2015-08-01,2.39
2015-08-02,1.19
2015-08-03,2.7
2015-08-04,0.68
2015-08-05,1.15
2015-08-06,2.12
2015-08-07,1.74
2015-08-08,1.91
2015-08-09,2.69
2015-08-10,0.83
2015-08-11,1.04
2015-08-12,1.2
2015-08-13,0.36
2015-08-14,0.54
2015-08-15,1.43
2015-08-16,1.44
2015-08-17,0.36
2015-08-18,0.0
2015-08-19,0.0
2015-08-20,0.02
2015-08-21,0.41
2015-08-22,0.25
2015-08-23,0.13
2015-08-24,0.19
2015-08-25,0.18
2015-08-26,0.38
2015-08-27,0.28
2015-08-28,1.74
2015-08-29,0.57
2015-08-30,0.09
2015-08-31,0.08
2015-09-01,0.03
2015-09-02,0.03
2015-09-03,0.8
2015-09-04,0.37
2015-09-05,0.01
2015-09-06,0.0
2015-09-07,0.01
2015-09-08,0.02
2015-09-09,0.01
2015-09-10,0.0
2015-09-11,0.0
2015-09-12,0.32
2015-09-13,0.16
2015-09-14,0.55
2015-09-15,0.61
2015-09-16,0.79
2015-09-17,0.13
2015-09-18,1.07
2015-09-19,1.65
2015-09-20,0.66
2015-09-21,0.4
2015-09-22,0.04
2015-09-23,0.21
2015-09-24,0.09
2015-09-25,0.04
2015-09-26,0.27
2015-09-27,0.14
2015-09-28,0.45
2015-09-29,0.25
2015-09-30,1.61
2015-10-01,2.39
2015-10-02,0.91
2015-10-03,0.23
2015-10-04,0.48
2015-10-05,1.96
2015-10-06,2.45
2015-10-07,1.63
2015-10-08,0.13
2015-10-09,0.28
2015-10-10,0.26
2015-10-11,0.4
2015-10-12,3.59
2015-10-13,1.44
2015-10-14,0.49
2015-10-15,0.03
2015-10-16,0.02
2015-10-17,0.0
2015-10-18,0.09
2015-10-19,0.0
2015-10-20,0.0
2015-10-21,0.03
2015-10-22,0.45
2015-10-23,0.83
2015-10-24,0.78
2015-10-25,0.15
2015-10-26,1.15
2015-10-27,4.22
2015-10-28,5.09
2015-10-29,6.29
2015-10-30,5.48
2015-10-31,1.69
2015-11-01,1.35
2015-11-02,2.76
2015-11-03,2.17
2015-11-04,0.85
2015-11-05,0.7
2015-11-06,4.28
2015-11-07,26.69
2015-11-08,0.4
2015-11-09,0.49
2015-11-10,3.18
2015-11-11,6.32
2015-11-12,3.18
2015-11-13,19.35
2015-11-14,6.96
2015-11-15,6.36
2015-11-16,10.05
2015-11-17,8.63
2015-11-18,6.11
2015-11-19,10.21
2015-11-20,2.89
2015-11-21,1.74
2015-11-22,7.34
2015-11-23,7.47
2015-11-24,13.9
2015-11-25,2.02
2015-11-26,18.99
2015-11-27,3.17
2015-11-28,14.32
2015-11-29,16.11
2015-11-30,2.23
2015-12-01,7.61
2015-12-02,7.44
2015-12-03,4.28
2015-12-04,3.17
2015-12-05,3.45
2015-12-06,7.84
2015-12-07,6.02
2015-12-08,14.79
2015-12-09,9.77
2015-12-10,1.9
2015-12-11,4.29
2015-12-12,9.3
2015-12-13,12.1
2015-12-14,27.69
2015-12-15,24.09
2015-12-16,12.28
2015-12-17,5.84
2015-12-18,8.32
2015-12-19,9.28
2015-12-20,6.81
2015-12-21,6.44
2015-12-22,3.58
2015-12-23,5.14
2015-12-24,9.08
2015-12-25,6.29
2015-12-26,8.76
2015-12-27,3.88
2015-12-28,9.78
2015-12-29,10.4
2015-12-30,5.96
2015-12-31,8.92
2016-01-01,18.45
2016-01-02,28.28
2016-01-03,6.03
2016-01-04,3.05
2016-01-05,5.92
2016-01-06,2.73
2016-01-07,5.53
2016-01-08,7.01
2016-01-09,3.34
2016-01-10,2.71
2016-01-11,5.82
2016-01-12,10.09
2016-01-13,4.82
2016-01-14,2.0
2016-01-15,3.5
2016-01-16,3.15
2016-01-17,7.1
2016-01-18,4.05
2016-01-19,7.64
2016-01-20,18.78
2016-01-21,7.31
2016-01-22,3.77
2016-01-23,6.95
2016-01-24,7.6
2016-01-25,11.67
2016-01-26,3.33
2016-01-27,1.64
2016-01-28,4.37
2016-01-29,3.78
2016-01-30,9.49
2016-01-31,7.36
2016-02-01,7.24
2016-02-02,3.52
2016-02-03,6.21
2016-02-04,3.72
2016-02-05,2.86
2016-02-06,3.4
2016-02-07,8.31
2016-02-08,144.79
2016-02-09,20.45
2016-02-10,30.57
2016-02-11,12.02
2016-02-12,3.56
2016-02-13,1.94
2016-02-14,0.85
2016-02-15,4.55
2016-02-16,12.23
2016-02-17,12.83
2016-02-18,3.05
2016-02-19,6.0
2016-02-20,4.83
2016-02-21,6.58
2016-02-22,3.19
2016-02-23,9.1
2016-02-24,16.49
2016-02-25,5.46
2016-02-26,6.94
2016-02-27,2.57
2016-02-28,10.83
2016-02-29,8.19
2016-03-01,6.07
2016-03-02,10.99
2016-03-03,10.48
2016-03-04,11.02
2016-03-05,8.36
2016-03-06,4.41
2016-03-07,9.39
2016-03-08,2.93
2016-03-09,1.93
2016-03-10,3.04
2016-03-11,5.8
2016-03-12,7.58
2016-03-13,6.67
2016-03-14,3.87
2016-03-15,7.81
2016-03-16,3.78
2016-03-17,0.48
2016-03-18,0.78
2016-03-19,2.39
2016-03-20,0.88
2016-03-21,3.68
2016-03-22,10.78
2016-03-23,13.24
2016-03-24,3.57
2016-03-25,11.25
2016-03-26,8.17
2016-03-27,6.61
2016-03-28,5.22
2016-03-29,9.05
2016-03-30,11.71
2016-03-31,1.43
2016-04-01,10.23
2016-04-02,9.95
2016-04-03,5.94
2016-04-04,7.76
2016-04-05,6.67
2016-04-06,3.31
2016-04-07,4.75
2016-04-08,1.55
2016-04-09,2.48
2016-04-10,3.76
2016-04-11,2.29
2016-04-12,8.66
2016-04-13,5.78
2016-04-14,3.07
2016-04-15,4.33
2016-04-16,8.51
2016-04-17,10.53
2016-04-18,3.81
2016-04-19,4.78
2016-04-20,8.48
2016-04-21,11.02
2016-04-22,8.11
2016-04-23,8.84
2016-04-24,9.79
2016-04-25,12.13
2016-04-26,8.37
2016-04-27,2.84
2016-04-28,3.25
2016-04-29,8.5
2016-04-30,9.95
2016-05-01,3.64
2016-05-02,4.71
2016-05-03,6.3
2016-05-04,3.69
2016-05-05,1.65
2016-05-06,2.37
2016-05-07,2.47
2016-05-08,7.31
2016-05-09,7.91
2016-05-10,0.35
2016-05-11,5.26
2016-05-12,8.54
2016-05-13,12.91
2016-05-14,33.66
2016-05-15,1.01
2016-05-16,6.31
2016-05-17,6.17
2016-05-18,2.2
2016-05-19,6.81
2016-05-20,4.83
2016-05-21,6.13
2016-05-22,11.45
2016-05-23,0.98
2016-05-24,2.16
2016-05-25,4.12
2016-05-26,25.64
2016-05-27,15.97
2016-05-28,14.48
2016-05-29,11.14
2016-05-30,9.46
2016-05-31,10.9
2016-06-01,3.18
2016-06-02,2.43
2016-06-03,7.26
2016-06-04,5.64
2016-06-05,0.4
2016-06-06,1.74
2016-06-07,0.69
2016-06-08,2.5
2016-06-09,3.64
2016-06-10,5.79
2016-06-11,9.84
2016-06-12,6.47
2016-06-13,7.38
2016-06-14,9.65
2016-06-15,11.94
2016-06-16,8.38
2016-06-17,12.46
2016-06-18,22.82
2016-06-19,0.12
2016-06-20,1.29
2016-06-21,1.39
2016-06-22,7.27
2016-06-23,4.04
2016-06-24,8.87
2016-06-25,6.5
2016-06-26,10.75
2016-06-27,15.8
2016-06-28,1.13
2016-06-29,1.11
2016-06-30,3.92
2016-07-01,0.65
2016-07-02,0.58
2016-07-03,0.62
2016-07-04,1.62
2016-07-05,2.33
2016-07-06,1.19
2016-07-07,1.1
2016-07-08,0.8
2016-07-09,0.27
2016-07-10,3.83
2016-07-11,2.09
2016-07-12,2.22
2016-07-13,5.83
2016-07-14,6.92
2016-07-15,8.13
2016-07-16,5.79
2016-07-17,2.11
2016-07-18,0.97
2016-07-19,12.81
2016-07-20,23.55
2016-07-21,8.5
2016-07-22,6.19
2016-07-23,6.83
2016-07-24,2.41
2016-07-25,6.67
2016-07-26,6.16
2016-07-27,1.19
2016-07-28,5.23
2016-07-29,5.31
2016-07-30,4.6
2016-07-31,2.17
2016-08-01,3.19
2016-08-02,1.85
2016-08-03,1.28
2016-08-04,2.69
2016-08-05,2.6
2016-08-06,2.7
2016-08-07,1.28
2016-08-08,3.35
2016-08-09,6.95
2016-08-10,1.38
2016-08-11,0.83
2016-08-12,0.66
2016-08-13,0.31
2016-08-14,2.29
2016-08-15,1.79
2016-08-16,2.63
2016-08-17,1.99
2016-08-18,1.0
2016-08-19,4.58
2016-08-20,12.35
2016-08-21,17.2
2016-08-22,2.99
2016-08-23,18.53
2016-08-24,5.04
2016-08-25,6.88
2016-08-26,6.56
2016-08-27,5.62
2016-08-28,4.43
2016-08-29,3.94
2016-08-30,8.97
2016-08-31,8.99
2016-09-01,3.43
2016-09-02,0.13
2016-09-03,0.74
2016-09-04,3.73
2016-09-05,3.91
2016-09-06,6.24
2016-09-07,5.44
2016-09-08,1.61
2016-09-09,1.46
2016-09-10,1.12
2016-09-11,2.0
2016-09-12,1.94
2016-09-13,3.18
2016-09-14,5.0
2016-09-15,9.66
2016-09-16,3.82
2016-09-17,9.95
2016-09-18,6.07
2016-09-19,41.8
2016-09-20,3.88
2016-09-21,8.11
2016-09-22,5.03
2016-09-23,3.38
2016-09-24,4.83
2016-09-25,7.95
2016-09-26,5.91
2016-09-27,12.23
2016-09-28,1.04
2016-09-29,1.85
2016-09-30,6.7
2016-10-01,5.76
2016-10-02,25.98
2016-10-03,3.35
2016-10-04,5.69
2016-10-05,4.03
2016-10-06,13.77
2016-10-07,9.24
2016-10-08,7.09
2016-10-09,3.11
2016-10-10,3.78
2016-10-11,5.2
2016-10-12,11.53
2016-10-13,10.21
2016-10-14,16.28
2016-10-15,7.6
2016-10-16,6.48
2016-10-17,4.28
2016-10-18,1.1
2016-10-19,1.12
2016-10-20,6.46
2016-10-21,4.75
2016-10-22,13.08
2016-10-23,15.61
2016-10-24,4.71
2016-10-25,11.2
2016-10-26,6.42
2016-10-27,9.21
2016-10-28,12.11
2016-10-29,11.38
2016-10-30,19.41
2016-10-31,7.13
2016-11-01,4.21
2016-11-02,5.91
2016-11-03,13.43
2016-11-04,7.11
2016-11-05,6.61
2016-11-06,2.61
2016-11-07,2.11
2016-11-08,7.03
2016-11-09,5.42
2016-11-10,10.3
2016-11-11,8.11
2016-11-12,7.95
2016-11-13,12.63
2016-11-14,10.44
2016-11-15,19.32
2016-11-16,5.45
2016-11-17,4.47
2016-11-18,7.82
2016-11-19,2.83
2016-11-20,7.52
2016-11-21,14.59
2016-11-22,8.34
2016-11-23,6.14
2016-11-24,6.04
2016-11-25,6.53
2016-11-26,5.14
2016-11-27,9.68
2016-11-28,5.96
2016-11-29,23.07
2016-11-30,27.96
2016-12-01,11.95
2016-12-02,4.43
2016-12-03,4.53
2016-12-04,8.27
2016-12-05,4.73
2016-12-06,3.26
2016-12-07,10.0
2016-12-08,10.12
2016-12-09,28.09
2016-12-10,8.76
2016-12-11,6.84
2016-12-12,3.25
2016-12-13,9.51
2016-12-14,2.42
2016-12-15,4.67
2016-12-16,3.86
2016-12-17,6.59
2016-12-18,5.76
2016-12-19,5.53
2016-12-20,6.97
2016-12-21,5.21
2016-12-22,12.68
2016-12-23,5.62
2016-12-24,11.32
2016-12-25,16.03
2016-12-26,8.6
2016-12-27,11.38
2016-12-28,22.54
2016-12-29,8.06
2016-12-30,0.3
2016-12-31,0.88
2017-01-01,1.56
2017-01-02,3.39
2017-01-03,7.46
2017-01-04,4.69
2017-01-05,12.18
2017-01-06,8.59
2017-01-07,15.63
2017-01-08,2.55
2017-01-09,8.01
2017-01-10,5.58
2017-01-11,5.57
2017-01-12,6.33
2017-01-13,7.06
2017-01-14,22.54
2017-01-15,5.23
2017-01-16,9.93
2017-01-17,5.04
2017-01-18,3.73
2017-01-19,13.65
2017-01-20,8.66
2017-01-21,4.59
2017-01-22,10.2
2017-01-23,7.58
2017-01-24,17.09
2017-01-25,10.96
2017-01-26,10.72
2017-01-27,22.8
2017-01-28,17.13
2017-01-29,32.87
2017-01-30,18.08
2017-01-31,10.61
2017-02-01,10.43
2017-02-02,2.13
2017-02-03,5.87
2017-02-04,10.37
2017-02-05,24.77
2017-02-06,11.84
2017-02-07,15.86
2017-02-08,5.87
2017-02-09,2.21
2017-02-10,0.84
2017-02-11,0.87
2017-02-12,3.51
2017-02-13,8.46
2017-02-14,15.45
2017-02-15,20.36
2017-02-16,7.21
2017-02-17,3.83
2017-02-18,4.38
2017-02-19,5.52
2017-02-20,5.81
2017-02-21,9.53
2017-02-22,10.42
2017-02-23,11.17
2017-02-24,7.78
2017-02-25,6.94
2017-02-26,5.84
2017-02-27,9.95
2017-02-28,10.39
2017-03-01,12.02
2017-03-02,5.91
2017-03-03,8.57
2017-03-04,8.73
2017-03-05,6.86
2017-03-06,7.4
2017-03-07,2.44
2017-03-08,6.12
2017-03-09,2.11
2017-03-10,1.3
2017-03-11,3.11
2017-03-12,5.29
2017-03-13,2.86
2017-03-14,6.97
2017-03-15,2.44
2017-03-16,1.9
2017-03-17,4.17
2017-03-18,4.24
2017-03-19,4.02
2017-03-20,25.67
2017-03-21,4.59
2017-03-22,4.56
2017-03-23,4.65
2017-03-24,3.42
2017-03-25,1.64
2017-03-26,3.11
2017-03-27,3.41
2017-03-28,6.13
2017-03-29,8.65
2017-03-30,13.72
2017-03-31,14.64
2017-04-01,4.68
2017-04-02,24.2
2017-04-03,8.6
2017-04-04,6.17
2017-04-05,5.47
2017-04-06,10.27
2017-04-07,16.17
2017-04-08,9.24
2017-04-09,10.11
2017-04-10,10.65
2017-04-11,4.27
2017-04-12,9.64
2017-04-13,11.41
2017-04-14,2.38
2017-04-15,5.84
2017-04-16,7.67
2017-04-17,15.57
2017-04-18,3.75
2017-04-19,3.85
2017-04-20,3.72
2017-04-21,4.67
2017-04-22,7.08
2017-04-23,5.68
2017-04-24,4.82
2017-04-25,6.95
2017-04-26,5.05
2017-04-27,8.49
2017-04-28,13.73
2017-04-29,35.88
2017-04-30,7.69
2017-05-01,6.18
2017-05-02,11.92
2017-05-03,10.19
2017-05-04,7.57
2017-05-05,6.88
2017-05-06,14.69
2017-05-07,13.06
2017-05-08,9.17
2017-05-09,3.54
2017-05-10,15.07
2017-05-11,12.26
2017-05-12,6.52
2017-05-13,1.78
2017-05-14,3.34
2017-05-15,3.83
2017-05-16,4.07
2017-05-17,1.26
2017-05-18,1.13
2017-05-19,1.24
2017-05-20,2.62
2017-05-21,3.41
2017-05-22,4.33
2017-05-23,4.77
2017-05-24,3.65
2017-05-25,0.75
2017-05-26,6.38
2017-05-27,9.19
2017-05-28,13.86
2017-05-29,7.48
2017-05-30,4.88
2017-05-31,5.98
2017-06-01,16.09
2017-06-02,2.96
2017-06-03,2.18
2017-06-04,3.11
2017-06-05,0.97
2017-06-06,0.56
2017-06-07,1.14
2017-06-08,0.62
2017-06-09,0.73
2017-06-10,1.59
2017-06-11,2.12
2017-06-12,2.58
2017-06-13,4.15
2017-06-14,4.56
2017-06-15,2.63
2017-06-16,1.98
2017-06-17,3.25
2017-06-18,2.65
2017-06-19,6.91
2017-06-20,3.19
2017-06-21,4.22
2017-06-22,2.57
2017-06-23,2.85
2017-06-24,8.22
2017-06-25,2.74
2017-06-26,6.69
2017-06-27,3.48
2017-06-28,3.57
2017-06-29,5.78
2017-06-30,4.88
2017-07-01,5.32
2017-07-02,2.07
2017-07-03,6.38
2017-07-04,3.38
2017-07-05,5.7
2017-07-06,8.72
2017-07-07,4.76
2017-07-08,6.47
2017-07-09,4.12
2017-07-10,3.57
2017-07-11,9.26
2017-07-12,21.26
2017-07-13,8.05
2017-07-14,7.74
2017-07-15,25.76
2017-07-16,19.89
2017-07-17,3.34
2017-07-18,12.19
2017-07-19,0.15
2017-07-20,0.45
2017-07-21,0.3
2017-07-22,0.53
2017-07-23,0.68
2017-07-24,0.17
2017-07-25,0.32
2017-07-26,0.11
2017-07-27,0.03
2017-07-28,1.2
2017-07-29,1.19
2017-07-30,0.74
2017-07-31,0.8
2017-08-01,0.68
2017-08-02,0.03
2017-08-03,0.23
2017-08-04,2.45
2017-08-05,0.47
2017-08-06,1.44
2017-08-07,3.76
2017-08-08,5.61
2017-08-09,5.37
2017-08-10,6.38
2017-08-11,3.31
2017-08-12,6.99
2017-08-13,20.18
2017-08-14,6.66
2017-08-15,0.81
2017-08-16,0.92
2017-08-17,0.4
2017-08-18,2.34
2017-08-19,3.96
2017-08-20,1.83
2017-08-21,3.56
2017-08-22,2.17
2017-08-23,2.26
2017-08-24,6.52
2017-08-25,11.72
2017-08-26,2.72
2017-08-27,0.3
2017-08-28,5.54
2017-08-29,14.06
2017-08-30,1.28
2017-08-31,0.19
2017-09-01,0.19
2017-09-02,0.12
2017-09-03,1.33
2017-09-04,3.1
2017-09-05,5.53
2017-09-06,4.31
2017-09-07,7.98
2017-09-08,2.37
2017-09-09,8.9
2017-09-10,4.59
2017-09-11,5.67
2017-09-12,1.29
2017-09-13,0.12
2017-09-14,0.15
2017-09-15,0.28
2017-09-16,5.1
2017-09-17,8.62
2017-09-18,7.25
2017-09-19,1.21
2017-09-20,0.29
2017-09-21,5.07
2017-09-22,0.1
2017-09-23,2.82
2017-09-24,12.71
2017-09-25,3.21
2017-09-26,3.18
2017-09-27,4.81
2017-09-28,1.66
2017-09-29,3.68
2017-09-30,2.31
2017-10-01,2.22
2017-10-02,5.77
2017-10-03,25.38
2017-10-04,18.67
2017-10-05,6.75
2017-10-06,7.76
2017-10-07,7.83
2017-10-08,15.22
2017-10-09,5.45
2017-10-10,15.06
2017-10-11,2.85
2017-10-12,3.12
2017-10-13,2.5
2017-10-14,1.4
2017-10-15,2.42
2017-10-16,8.67
2017-10-17,2.88
2017-10-18,4.19
2017-10-19,4.42
2017-10-20,2.22
2017-10-21,3.8
2017-10-22,4.88
2017-10-23,4.38
2017-10-24,14.11
2017-10-25,4.26
2017-10-26,6.33
2017-10-27,2.89
2017-10-28,5.27
2017-10-29,9.22
2017-10-30,10.65
2017-10-31,1.08
2017-11-01,4.92
2017-11-02,3.42
2017-11-03,9.95
2017-11-04,11.33
2017-11-05,3.48
2017-11-06,5.41
2017-11-07,8.73
2017-11-08,2.64
2017-11-09,13.5
2017-11-10,16.71
2017-11-11,8.49
2017-11-12,4.55
2017-11-13,8.65
2017-11-14,14.72
2017-11-15,6.67
2017-11-16,7.42
2017-11-17,5.75
2017-11-18,8.05
2017-11-19,11.16
2017-11-20,10.1
2017-11-21,6.33
2017-11-22,4.74
2017-11-23,5.94
2017-11-24,17.66
2017-11-25,6.58
2017-11-26,10.4
2017-11-27,24.86
2017-11-28,5.55
2017-11-29,6.89
2017-11-30,3.69
2017-12-01,1.72
2017-12-02,2.2
2017-12-03,19.57
2017-12-04,12.02
2017-12-05,4.0
2017-12-06,5.24
2017-12-07,6.83
2017-12-08,14.65
2017-12-09,11.15
2017-12-10,10.63
2017-12-11,14.48
2017-12-12,37.48
2017-12-13,16.25
2017-12-14,6.9
2017-12-15,7.67
2017-12-16,4.16
2017-12-17,5.34
2017-12-18,8.26
2017-12-19,3.82
2017-12-20,7.65
2017-12-21,2.16
2017-12-22,3.83
2017-12-23,5.11
2017-12-24,7.73
2017-12-25,15.03
2017-12-26,19.46
2017-12-27,8.78
2017-12-28,6.67
2017-12-29,9.54
2017-12-30,11.32
2017-12-31,14.43
2018-01-01,23.45
2018-01-02,11.08
2018-01-03,3.23
2018-01-04,5.61
2018-01-05,7.48
2018-01-06,4.11
2018-01-07,2.4
2018-01-08,2.03
2018-01-09,6.88
2018-01-10,15.44
2018-01-11,11.6
2018-01-12,2.85
2018-01-13,3.6
2018-01-14,6.02
2018-01-15,0.94
2018-01-16,1.79
2018-01-17,5.85
2018-01-18,4.6
2018-01-19,1.8
2018-01-20,4.99
2018-01-21,8.09
2018-01-22,6.05
2018-01-23,4.98
2018-01-24,3.36
2018-01-25,3.9
2018-01-26,4.62
2018-01-27,2.89
2018-01-28,5.46
2018-01-29,4.82
2018-01-30,3.54
2018-01-31,3.45
2018-02-01,2.96
2018-02-02,11.16
2018-02-03,10.45
2018-02-04,2.71
2018-02-05,3.53
2018-02-06,0.68
2018-02-07,2.03
2018-02-08,1.3
2018-02-09,1.3
2018-02-10,0.65
2018-02-11,0.38
2018-02-12,0.05
2018-02-13,0.38
2018-02-14,1.17
2018-02-15,9.15
2018-02-16,5.25
2018-02-17,1.52
2018-02-18,1.94
2018-02-19,1.56
2018-02-20,0.92
2018-02-21,7.27
2018-02-22,3.69
2018-02-23,7.52
2018-02-24,8.69
2018-02-25,9.19
2018-02-26,8.86
2018-02-27,6.93
2018-02-28,7.6
2018-03-01,9.98
2018-03-02,3.17
2018-03-03,3.25
2018-03-04,5.47
2018-03-05,3.07
2018-03-06,5.96
2018-03-07,3.49
2018-03-08,3.68
2018-03-09,4.05
2018-03-10,13.54
2018-03-11,14.86
2018-03-12,18.48
2018-03-13,17.28
2018-03-14,4.37
2018-03-15,5.67
2018-03-16,2.54
2018-03-17,3.39
2018-03-18,3.29
2018-03-19,1.49
2018-03-20,7.91
2018-03-21,30.7
2018-03-22,4.85
2018-03-23,2.47
2018-03-24,13.19
2018-03-25,7.1
2018-03-26,10.57
2018-03-27,26.62
2018-03-28,5.01
2018-03-29,8.92
2018-03-30,3.62
2018-03-31,6.66
2018-04-01,7.09
2018-04-02,10.02
2018-04-03,12.05
2018-04-04,1.26
2018-04-05,0.65
2018-04-06,0.89
2018-04-07,4.43
2018-04-08,7.97
2018-04-09,6.3
2018-04-10,3.24
2018-04-11,8.43
2018-04-12,5.17
2018-04-13,6.5
2018-04-14,7.86
2018-04-15,4.84
2018-04-16,14.49
2018-04-17,6.53
2018-04-18,4.53
2018-04-19,6.01
2018-04-20,6.89
2018-04-21,2.9
2018-04-22,2.12
2018-04-23,7.18
2018-04-24,6.13
2018-04-25,12.12
2018-04-26,4.18
2018-04-27,16.86
2018-04-28,2.21
2018-04-29,3.6
2018-04-30,3.63
2018-05-01,2.55
2018-05-02,9.58
2018-05-03,6.5
2018-05-04,2.73
2018-05-05,1.28
2018-05-06,0.27
2018-05-07,0.84
2018-05-08,5.85
2018-05-09,2.1
2018-05-10,1.19
2018-05-11,1.37
2018-05-12,4.02
2018-05-13,2.45
2018-05-14,8.88
2018-05-15,31.45
2018-05-16,11.35
2018-05-17,8.72
2018-05-18,8.3
2018-05-19,5.61
2018-05-20,11.79
2018-05-21,2.43
2018-05-22,8.53
2018-05-23,40.12
2018-05-24,9.29
2018-05-25,2.4
2018-05-26,4.25
2018-05-27,17.95
2018-05-28,27.11
2018-05-29,2.67
2018-05-30,4.31
2018-05-31,6.72
2018-06-01,17.57
2018-06-02,2.22
2018-06-03,1.06
2018-06-04,0.48
2018-06-05,0.31
2018-06-06,0.05
2018-06-07,0.14
2018-06-08,0.35
2018-06-09,1.73
2018-06-10,2.49
2018-06-11,1.59
2018-06-12,3.33
2018-06-13,3.21
2018-06-14,6.5
2018-06-15,11.02
2018-06-16,2.56
2018-06-17,3.02
2018-06-18,1.46
2018-06-19,2.77
2018-06-20,1.53
2018-06-21,1.2
2018-06-22,3.68
2018-06-23,6.78
2018-06-24,33.06
2018-06-25,7.49
2018-06-26,6.84
2018-06-27,9.52
2018-06-28,32.57
2018-06-29,14.16
2018-06-30,4.29
2018-07-01,7.93
2018-07-02,4.03
2018-07-03,2.28
2018-07-04,13.87
2018-07-05,6.84
2018-07-06,0.51
2018-07-07,0.35
2018-07-08,2.02
2018-07-09,2.58
2018-07-10,2.21
2018-07-11,2.26
2018-07-12,0.92
2018-07-13,0.09
2018-07-14,0.07
2018-07-15,0.44
2018-07-16,0.32
2018-07-17,0.17
2018-07-18,0.34
2018-07-19,0.63
2018-07-20,0.86
2018-07-21,1.88
2018-07-22,1.39
2018-07-23,0.85
2018-07-24,0.61
2018-07-25,0.13
2018-07-26,0.04
2018-07-27,0.0
2018-07-28,0.08
2018-07-29,2.27
2018-07-30,1.93
2018-07-31,5.93
2018-08-01,7.37
2018-08-02,5.03
2018-08-03,1.3
2018-08-04,0.3
2018-08-05,2.17
2018-08-06,1.17
2018-08-07,2.11
2018-08-08,2.16
2018-08-09,1.67
2018-08-10,1.8
2018-08-11,2.09
2018-08-12,0.83
2018-08-13,0.52
2018-08-14,0.16
2018-08-15,0.06
2018-08-16,0.01
2018-08-17,0.0
2018-08-18,0.0
2018-08-19,0.0
2018-08-20,0.01
2018-08-21,0.0
2018-08-22,0.1
2018-08-23,1.4
2018-08-24,2.03
2018-08-25,2.02
2018-08-26,3.2
2018-08-27,1.7
2018-08-28,2.04
2018-08-29,5.8
2018-08-30,2.15
2018-08-31,5.74
2018-09-01,7.11
2018-09-02,3.78
2018-09-03,4.22
2018-09-04,6.6
2018-09-05,0.22
2018-09-06,0.8
2018-09-07,5.01
2018-09-08,5.22
2018-09-09,3.6
2018-09-10,15.67
2018-09-11,21.48
2018-09-12,0.43
2018-09-13,0.02
2018-09-14,0.02
2018-09-15,0.0
2018-09-16,0.07
2018-09-17,0.19
2018-09-18,10.66
2018-09-19,16.41
2018-09-20,9.18
2018-09-21,19.31
2018-09-22,2.68
2018-09-23,0.31
2018-09-24,0.08
2018-09-25,0.88
2018-09-26,1.95
2018-09-27,0.39
2018-09-28,0.11
2018-09-29,0.09
2018-09-30,0.02
2018-10-01,0.34
2018-10-02,2.67
2018-10-03,1.66
2018-10-04,0.37
2018-10-05,0.51
2018-10-06,0.46
2018-10-07,2.48
2018-10-08,15.34
2018-10-09,2.91
2018-10-10,4.64
2018-10-11,15.74
2018-10-12,14.72
2018-10-13,6.61
2018-10-14,6.25
2018-10-15,1.91
2018-10-16,3.45
2018-10-17,6.25
2018-10-18,4.26
2018-10-19,2.38
2018-10-20,2.43
2018-10-21,2.72
2018-10-22,2.43
2018-10-23,3.59
2018-10-24,3.72
2018-10-25,2.04
2018-10-26,3.31
2018-10-27,5.6
2018-10-28,4.41
2018-10-29,5.67
2018-10-30,20.18
2018-10-31,2.74
2018-11-01,7.92
2018-11-02,11.06
2018-11-03,15.4
2018-11-04,2.74
2018-11-05,2.14
2018-11-06,5.85
2018-11-07,7.17
2018-11-08,13.11
2018-11-09,14.58
2018-11-10,11.09
2018-11-11,12.44
2018-11-12,11.14
2018-11-13,15.14
2018-11-14,10.13
2018-11-15,13.92
2018-11-16,3.99
2018-11-17,4.56
2018-11-18,16.8
2018-11-19,5.67
2018-11-20,3.45
2018-11-21,5.57
2018-11-22,4.39
2018-11-23,9.99
2018-11-24,15.92
2018-11-25,8.95
2018-11-26,5.11
2018-11-27,5.93
2018-11-28,6.44
2018-11-29,8.44
2018-11-30,8.1
2018-12-01,17.1
2018-12-02,10.97
2018-12-03,7.0
2018-12-04,6.94
2018-12-05,6.22
2018-12-06,7.05
2018-12-07,12.49
2018-12-08,10.25
2018-12-09,2.8
2018-12-10,12.56
2018-12-11,12.02
2018-12-12,10.41
2018-12-13,16.66
2018-12-14,36.28
2018-12-15,7.88
2018-12-16,4.38
2018-12-17,36.8
2018-12-18,11.02
2018-12-19,14.07
2018-12-20,4.93
2018-12-21,7.19
2018-12-22,7.1
2018-12-23,4.98
2018-12-24,7.37
2018-12-25,7.28
2018-12-26,1.54
2018-12-27,2.93
2018-12-28,5.69
2018-12-29,4.89
2018-12-30,6.3
2018-12-31,9.09
2019-01-01,10.56
2019-01-02,12.34
2019-01-03,3.73
2019-01-04,6.91
2019-01-05,5.7
2019-01-06,4.78
2019-01-07,4.31
2019-01-08,4.43
2019-01-09,6.07
2019-01-10,12.21
2019-01-11,6.62
2019-01-12,3.1
2019-01-13,11.92
2019-01-14,3.66
2019-01-15,16.61
2019-01-16,12.23
2019-01-17,15.92
2019-01-18,6.43
2019-01-19,9.6
2019-01-20,9.44
2019-01-21,13.4
2019-01-22,15.64
2019-01-23,2.98
2019-01-24,4.38
2019-01-25,3.07
2019-01-26,1.46
2019-01-27,4.6
2019-01-28,10.37
2019-01-29,12.26
2019-01-30,16.9
2019-01-31,4.17
2019-02-01,7.2
2019-02-02,3.17
2019-02-03,3.75
2019-02-04,7.94
2019-02-05,13.46
2019-02-06,4.7
2019-02-07,5.22
2019-02-08,1.32
2019-02-09,4.01
2019-02-10,11.58
2019-02-11,22.64
2019-02-12,5.81
2019-02-13,8.33
2019-02-14,7.7
2019-02-15,27.49
2019-02-16,9.75
2019-02-17,8.72
2019-02-18,2.62
2019-02-19,0.71
2019-02-20,0.6
2019-02-21,3.41
2019-02-22,9.5
2019-02-23,10.63
2019-02-24,6.11
2019-02-25,6.07
2019-02-26,4.6
2019-02-27,20.74
2019-02-28,20.98
2019-03-01,5.13
2019-03-02,2.78
2019-03-03,0.34
2019-03-04,0.04
2019-03-05,0.06
2019-03-06,4.27
2019-03-07,2.19
2019-03-08,0.44
2019-03-09,2.55
2019-03-10,6.88
2019-03-11,6.85
2019-03-12,8.79
2019-03-13,5.5
2019-03-14,1.03
2019-03-15,0.52
2019-03-16,2.42
2019-03-17,7.69
2019-03-18,7.25
2019-03-19,3.04
2019-03-20,5.09
2019-03-21,0.71
2019-03-22,2.96
2019-03-23,5.41
2019-03-24,6.77
2019-03-25,4.36
2019-03-26,8.57
2019-03-27,9.08
2019-03-28,10.19
2019-03-29,5.15
2019-03-30,5.46
2019-03-31,10.39
2019-04-01,8.61
2019-04-02,7.81
2019-04-03,6.85
2019-04-04,4.28
2019-04-05,6.17
2019-04-06,6.62
2019-04-07,6.19
2019-04-08,5.75
2019-04-09,3.76
2019-04-10,8.34
2019-04-11,7.69
2019-04-12,4.26
2019-04-13,10.35
2019-04-14,6.99
2019-04-15,4.69
2019-04-16,4.67
2019-04-17,2.13
2019-04-18,5.0
2019-04-19,7.99
2019-04-20,10.42
2019-04-21,10.66
2019-04-22,7.31
2019-04-23,13.7
2019-04-24,12.82
2019-04-25,9.49
2019-04-26,19.66
2019-04-27,35.96
2019-04-28,3.2
2019-04-29,0.32
2019-04-30,5.36
2019-05-01,3.47
2019-05-02,2.79
2019-05-03,2.58
2019-05-04,2.7
2019-05-05,11.1
2019-05-06,33.41
2019-05-07,0.24
2019-05-08,1.38
2019-05-09,0.51
2019-05-10,1.21
2019-05-11,1.92
2019-05-12,3.33
2019-05-13,3.86
2019-05-14,2.94
2019-05-15,4.51
2019-05-16,6.13
2019-05-17,8.22
2019-05-18,2.34
2019-05-19,4.44
2019-05-20,5.72
2019-05-21,7.93
2019-05-22,4.5
2019-05-23,0.39
2019-05-24,0.94
2019-05-25,6.02
2019-05-26,5.45
2019-05-27,4.12
2019-05-28,5.87
2019-05-29,6.71
2019-05-30,12.76
2019-05-31,10.07
2019-06-01,11.83
2019-06-02,6.34
2019-06-03,4.13
2019-06-04,2.51
2019-06-05,3.53
2019-06-06,3.98
2019-06-07,9.34
2019-06-08,7.74
2019-06-09,3.86
2019-06-10,3.16
2019-06-11,9.56
2019-06-12,11.46
2019-06-13,6.68
2019-06-14,6.31
2019-06-15,5.18
2019-06-16,6.37
2019-06-17,4.35
2019-06-18,9.17
2019-06-19,11.63
2019-06-20,2.24
2019-06-21,3.35
2019-06-22,3.19
2019-06-23,3.17
2019-06-24,2.27
2019-06-25,0.04
2019-06-26,0.21
2019-06-27,0.25
2019-06-28,0.29
2019-06-29,0.42
2019-06-30,0.03
2019-07-01,0.02
2019-07-02,0.06
2019-07-03,0.21
2019-07-04,0.54
2019-07-05,2.37
2019-07-06,4.26
2019-07-07,3.11
2019-07-08,5.57
2019-07-09,0.27
2019-07-10,0.13
2019-07-11,0.28
2019-07-12,0.7
2019-07-13,0.6
2019-07-14,0.12
2019-07-15,0.24
2019-07-16,0.3
2019-07-17,0.67
2019-07-18,0.54
2019-07-19,1.92
2019-07-20,6.46
2019-07-21,19.53
2019-07-22,6.23
2019-07-23,1.03
2019-07-24,0.05
2019-07-25,0.32
2019-07-26,0.31
2019-07-27,0.39
2019-07-28,0.2
2019-07-29,0.33
2019-07-30,0.1
2019-07-31,0.03
2019-08-01,0.06
2019-08-02,0.12
2019-08-03,0.11
2019-08-04,0.26
2019-08-05,1.07
2019-08-06,2.1
2019-08-07,0.54
2019-08-08,0.49
2019-08-09,0.73
2019-08-10,1.57
2019-08-11,0.26
2019-08-12,0.47
2019-08-13,0.63
2019-08-14,0.07
2019-08-15,0.1
2019-08-16,0.11
2019-08-17,0.35
2019-08-18,0.05
2019-08-19,1.2
2019-08-20,0.76
2019-08-21,0.38
2019-08-22,0.86
2019-08-23,0.1
2019-08-24,0.02
2019-08-25,0.14
2019-08-26,0.77
2019-08-27,2.19
2019-08-28,20.46
2019-08-29,0.82
2019-08-30,0.01
2019-08-31,0.05
2019-09-01,0.38
2019-09-02,0.32
2019-09-03,0.33
2019-09-04,0.18
2019-09-05,0.02
2019-09-06,0.12
2019-09-07,0.01
2019-09-08,0.0
2019-09-09,0.34
2019-09-10,0.13
2019-09-11,0.21
2019-09-12,0.23
2019-09-13,0.47
2019-09-14,0.62
2019-09-15,0.04
2019-09-16,0.14
2019-09-17,0.47
2019-09-18,0.08
2019-09-19,0.09
2019-09-20,0.02
2019-09-21,0.0
2019-09-22,0.03
2019-09-23,3.11
2019-09-24,21.93
2019-09-25,3.34
2019-09-26,0.56
2019-09-27,1.64
2019-09-28,3.42
2019-09-29,3.69
2019-09-30,1.62
2019-10-01,1.53
2019-10-02,5.82
2019-10-03,12.37
2019-10-04,3.55
2019-10-05,0.74
2019-10-06,5.4
2019-10-07,1.71
2019-10-08,3.22
2019-10-09,0.31
2019-10-10,1.93
2019-10-11,1.38
2019-10-12,1.69
2019-10-13,1.56
2019-10-14,0.82
2019-10-15,1.02
2019-10-16,6.53
2019-10-17,3.83
2019-10-18,3.01
2019-10-19,0.95
2019-10-20,1.01
2019-10-21,38.99
2019-10-22,5.8
2019-10-23,1.44
2019-10-24,5.43
2019-10-25,3.64
2019-10-26,2.63
2019-10-27,0.86
2019-10-28,1.8
2019-10-29,2.15
2019-10-30,0.62
2019-10-31,0.84
2019-11-01,3.79
2019-11-02,2.0
2019-11-03,4.51
2019-11-04,2.58
2019-11-05,4.44
2019-11-06,1.83
2019-11-07,0.78
2019-11-08,0.88
2019-11-09,1.43
2019-11-10,0.78
2019-11-11,0.82
2019-11-12,1.25
2019-11-13,8.37
2019-11-14,6.06
2019-11-15,0.81
2019-11-16,0.39
2019-11-17,1.21
2019-11-18,8.26
2019-11-19,7.34
2019-11-20,7.0
2019-11-21,4.57
2019-11-22,4.82
2019-11-23,5.65
2019-11-24,4.61
2019-11-25,4.59
2019-11-26,5.24
2019-11-27,0.46
2019-11-28,0.78
2019-11-29,3.6
2019-11-30,2.17
2019-12-01,2.07
2019-12-02,4.23
2019-12-03,3.55
2019-12-04,4.47
2019-12-05,8.51
2019-12-06,53.6
2019-12-07,73.39
2019-12-08,8.46
2019-12-09,1.52
2019-12-10,3.45
2019-12-11,1.54
2019-12-12,5.31
2019-12-13,19.05
2019-12-14,6.59
2019-12-15,13.35
2019-12-16,25.57
2019-12-17,18.45
2019-12-18,9.22
2019-12-19,7.11
2019-12-20,4.73
2019-12-21,7.78
2019-12-22,10.56
2019-12-23,7.33
2019-12-24,7.48
2019-12-25,9.74
2019-12-26,15.01
2019-12-27,14.35
2019-12-28,3.77
2019-12-29,7.25
2019-12-30,5.89
2019-12-31,12.17
2020-01-01,10.45
2020-01-02,6.32
2020-01-03,8.5
2020-01-04,6.93
2020-01-05,6.41
2020-01-06,2.27
2020-01-07,4.11
2020-01-08,5.14
2020-01-09,2.23
2020-01-10,16.42
2020-01-11,5.1
2020-01-12,6.76
2020-01-13,2.21
2020-01-14,1.87
2020-01-15,3.07
2020-01-16,8.81
2020-01-17,9.62
2020-01-18,4.58
2020-01-19,2.53
2020-01-20,3.1
2020-01-21,9.35
2020-01-22,8.74
2020-01-23,7.77
2020-01-24,3.26
2020-01-25,1.73
2020-01-26,9.09
2020-01-27,5.43
2020-01-28,3.06
2020-01-29,5.52
2020-01-30,9.39
2020-01-31,6.23
2020-02-01,3.18
2020-02-02,5.14
2020-02-03,10.25
2020-02-04,7.22
2020-02-05,1.6
2020-02-06,4.44
2020-02-07,5.33
2020-02-08,1.46
2020-02-09,0.6
2020-02-10,8.24
2020-02-11,7.85
2020-02-12,1.59
2020-02-13,2.89
2020-02-14,1.99
2020-02-15,3.38
2020-02-16,5.64
2020-02-17,4.71
2020-02-18,4.38
2020-02-19,10.45
2020-02-20,10.42
2020-02-21,2.95
2020-02-22,8.11
2020-02-23,8.78
2020-02-24,5.91
2020-02-25,6.94
2020-02-26,2.92
2020-02-27,3.51
2020-02-28,2.14
2020-02-29,1.87
2020-03-01,0.21
2020-03-02,0.07
2020-03-03,0.5
2020-03-04,3.69
2020-03-05,46.03
2020-03-06,8.71
2020-03-07,5.84
2020-03-08,5.76
2020-03-09,8.23
2020-03-10,2.45
2020-03-11,1.04
2020-03-12,1.43
2020-03-13,0.71
2020-03-14,3.11
2020-03-15,4.99
2020-03-16,22.17
2020-03-17,9.88
2020-03-18,7.75
2020-03-19,13.34
2020-03-20,15.24
2020-03-21,6.08
2020-03-22,2.14
2020-03-23,4.31
2020-03-24,3.71
2020-03-25,0.27
2020-03-26,4.78
2020-03-27,9.31
2020-03-28,2.12
2020-03-29,1.64
2020-03-30,1.1
2020-03-31,5.86
2020-04-01,7.9
2020-04-02,5.58
2020-04-03,1.96
2020-04-04,4.07
2020-04-05,9.14
2020-04-06,8.18
2020-04-07,5.97
2020-04-08,7.32
2020-04-09,8.98
2020-04-10,3.31
2020-04-11,8.01
2020-04-12,2.71
2020-04-13,4.7
2020-04-14,7.46
2020-04-15,0.48
2020-04-16,0.75
2020-04-17,3.07
2020-04-18,8.27
2020-04-19,4.21
2020-04-20,2.11
2020-04-21,6.59
2020-04-22,6.29
2020-04-23,6.79
2020-04-24,11.76
2020-04-25,6.7
2020-04-26,8.0
2020-04-27,9.49
2020-04-28,15.0
2020-04-29,7.56
2020-04-30,9.35
2020-05-01,10.77
2020-05-02,17.85
2020-05-03,11.3
2020-05-04,4.87
2020-05-05,2.48
2020-05-06,39.06
2020-05-07,3.05
2020-05-08,16.24
2020-05-09,10.75
2020-05-10,6.54
2020-05-11,5.98
2020-05-12,6.18
2020-05-13,5.0
2020-05-14,5.23
2020-05-15,6.14
2020-05-16,3.87
2020-05-17,7.35
2020-05-18,30.54
2020-05-19,2.82
2020-05-20,3.74
2020-05-21,3.51
2020-05-22,14.6
2020-05-23,7.26
2020-05-24,0.77
2020-05-25,2.41
2020-05-26,5.59
2020-05-27,4.45
2020-05-28,3.58
2020-05-29,4.25
2020-05-30,5.73
2020-05-31,11.0
2020-06-01,8.87
2020-06-02,3.73
2020-06-03,9.2
2020-06-04,19.79
2020-06-05,17.58
2020-06-06,3.3
2020-06-07,2.42
2020-06-08,4.28
2020-06-09,3.0
2020-06-10,3.01
2020-06-11,4.3
2020-06-12,1.19
2020-06-13,2.68
2020-06-14,2.52
2020-06-15,2.32
2020-06-16,5.72
2020-06-17,7.58
2020-06-18,6.89
2020-06-19,54.37
2020-06-20,42.61
2020-06-21,16.13
2020-06-22,10.37
2020-06-23,17.26
2020-06-24,8.39
2020-06-25,1.13
2020-06-26,2.26
2020-06-27,1.56
2020-06-28,1.14
2020-06-29,0.31
2020-06-30,1.94
2020-07-01,13.22
2020-07-02,6.25
2020-07-03,4.42
2020-07-04,5.72
2020-07-05,5.73
2020-07-06,4.61
2020-07-07,8.48
2020-07-08,17.54
2020-07-09,18.03
2020-07-10,4.21
2020-07-11,5.3
2020-07-12,7.55
2020-07-13,11.13
2020-07-14,27.25
2020-07-15,3.7
2020-07-16,2.25
2020-07-17,4.35
2020-07-18,6.1
2020-07-19,5.1
2020-07-20,6.46
2020-07-21,4.99
2020-07-22,1.23
2020-07-23,6.52
2020-07-24,7.45
2020-07-25,2.29
2020-07-26,0.21
2020-07-27,2.76
2020-07-28,4.31
2020-07-29,2.87
2020-07-30,0.3
2020-07-31,0.59
2020-08-01,0.02
2020-08-02,0.99
2020-08-03,5.94
2020-08-04,2.03
2020-08-05,5.35
2020-08-06,3.02
2020-08-07,0.53
2020-08-08,0.92
2020-08-09,2.22
2020-08-10,1.05
2020-08-11,3.21
2020-08-12,1.91
2020-08-13,5.97
2020-08-14,7.0
2020-08-15,4.21
2020-08-16,3.65
2020-08-17,2.52
2020-08-18,4.99
2020-08-19,1.41
2020-08-20,0.21
2020-08-21,0.11
2020-08-22,2.6
2020-08-23,2.95
2020-08-24,1.22
2020-08-25,2.85
2020-08-26,1.73
2020-08-27,0.05
2020-08-28,0.78
2020-08-29,7.33
2020-08-30,0.99
2020-08-31,0.45
2020-09-01,2.94
2020-09-02,12.47
2020-09-03,9.24
2020-09-04,5.56
2020-09-05,10.27
2020-09-06,1.41
2020-09-07,1.87
2020-09-08,11.12
2020-09-09,11.87
2020-09-10,6.99
2020-09-11,4.19
2020-09-12,3.83
2020-09-13,3.91
2020-09-14,5.85
2020-09-15,7.85
2020-09-16,3.21
2020-09-17,1.46
2020-09-18,0.27
2020-09-19,9.74
2020-09-20,9.63
2020-09-21,12.49
2020-09-22,2.23
2020-09-23,2.48
2020-09-24,3.83
2020-09-25,14.21
2020-09-26,14.16
2020-09-27,1.75
2020-09-28,2.55
2020-09-29,1.05
2020-09-30,5.19
2020-10-01,6.52
2020-10-02,8.25
2020-10-03,2.95
2020-10-04,0.83
2020-10-05,1.07
2020-10-06,5.65
2020-10-07,8.65
2020-10-08,36.44
2020-10-09,1.74
2020-10-10,7.2
2020-10-11,17.04
2020-10-12,13.85
2020-10-13,4.66
2020-10-14,3.4
2020-10-15,1.82
2020-10-16,0.48
2020-10-17,4.87
2020-10-18,8.49
2020-10-19,25.79
2020-10-20,8.7
2020-10-21,6.87
2020-10-22,37.68
2020-10-23,1.3
2020-10-24,30.57
2020-10-25,3.86
2020-10-26,3.33
2020-10-27,4.23
2020-10-28,4.4
2020-10-29,3.64
2020-10-30,5.39
2020-10-31,4.89
2020-11-01,12.98
2020-11-02,24.43
2020-11-03,11.75
2020-11-04,37.15
2020-11-05,5.28
2020-11-06,14.85
2020-11-07,8.11
2020-11-08,9.29
2020-11-09,6.45
2020-11-10,4.86
2020-11-11,0.34
2020-11-12,1.25
2020-11-13,2.65
2020-11-14,4.3
2020-11-15,6.02
2020-11-16,7.49
2020-11-17,2.08
2020-11-18,7.22
2020-11-19,20.29
2020-11-20,3.73
2020-11-21,4.33
2020-11-22,14.19
2020-11-23,14.97
2020-11-24,7.78
2020-11-25,18.69
2020-11-26,7.31
2020-11-27,48.12
2020-11-28,16.78
2020-11-29,8.68
2020-11-30,3.56
2020-12-01,2.3
2020-12-02,3.88
2020-12-03,3.47
2020-12-04,7.65
2020-12-05,4.43
2020-12-06,5.58
2020-12-07,6.6
2020-12-08,3.48
2020-12-09,22.59
2020-12-10,4.18
2020-12-11,4.89
2020-12-12,10.53
2020-12-13,3.95
2020-12-14,13.33
2020-12-15,7.83
2020-12-16,13.0
2020-12-17,10.51
2020-12-18,17.0
2020-12-19,9.04
2020-12-20,6.55
2020-12-21,9.93
2020-12-22,5.57
2020-12-23,4.64
2020-12-24,10.78
2020-12-25,22.14
2020-12-26,3.93
2020-12-27,4.56
2020-12-28,7.94
2020-12-29,14.17
2020-12-30,11.64
2020-12-31,21.16
2021-01-01,11.81
2021-01-02,9.09
2021-01-03,2.79
2021-01-04,10.16
2021-01-05,1.86
2021-01-06,5.89
2021-01-07,4.19
2021-01-08,2.9
2021-01-09,8.36
2021-01-10,8.09
2021-01-11,16.17
2021-01-12,13.87
2021-01-13,24.66
2021-01-14,24.45
2021-01-15,10.39
2021-01-16,10.3
2021-01-17,12.66
2021-01-18,6.63
2021-01-19,0.64
2021-01-20,0.5
2021-01-21,1.16
2021-01-22,2.87
2021-01-23,3.9
2021-01-24,8.15
2021-01-25,9.68
2021-01-26,10.47
2021-01-27,16.73
2021-01-28,17.3
2021-01-29,10.98
2021-01-30,2.6
2021-01-31,6.58
2021-02-01,11.32
2021-02-02,15.83
2021-02-03,6.27
2021-02-04,0.89
2021-02-05,2.17
2021-02-06,4.19
2021-02-07,1.2
2021-02-08,1.65
2021-02-09,2.28
2021-02-10,6.26
2021-02-11,6.56
2021-02-12,3.5
2021-02-13,2.4
2021-02-14,2.8
2021-02-15,0.47
2021-02-16,0.14
2021-02-17,1.82
2021-02-18,16.77
2021-02-19,4.06
2021-02-20,3.41
2021-02-21,1.22
2021-02-22,1.47
2021-02-23,3.24
2021-02-24,4.04
2021-02-25,3.23
2021-02-26,1.82
2021-02-27,0.62
2021-02-28,1.4
2021-03-01,2.81
2021-03-02,4.41
2021-03-03,9.3
2021-03-04,6.06
2021-03-05,6.13
2021-03-06,6.78
2021-03-07,9.15
2021-03-08,9.13
2021-03-09,3.59
2021-03-10,0.6
2021-03-11,1.68
2021-03-12,3.59
2021-03-13,12.24
2021-03-14,9.06
2021-03-15,3.9
2021-03-16,2.45
2021-03-17,19.16
2021-03-18,22.42
2021-03-19,8.31
2021-03-20,16.91
2021-03-21,8.38
2021-03-22,8.7
2021-03-23,7.76
2021-03-24,5.08
2021-03-25,17.58
2021-03-26,4.45
2021-03-27,8.76
2021-03-28,2.68
2021-03-29,2.11
2021-03-30,4.99
2021-03-31,10.82
2021-04-01,6.65
2021-04-02,1.09
2021-04-03,5.33
2021-04-04,3.69
2021-04-05,6.46
2021-04-06,8.02
2021-04-07,4.93
2021-04-08,3.72
2021-04-09,5.1
2021-04-10,6.11
2021-04-11,1.59
2021-04-12,2.18
2021-04-13,9.43
2021-04-14,5.71
2021-04-15,9.76
2021-04-16,23.1
2021-04-17,30.23
2021-04-18,17.13
2021-04-19,33.38
2021-04-20,30.7
2021-04-21,5.59
2021-04-22,1.85
2021-04-23,8.26
2021-04-24,2.07
2021-04-25,0.43
2021-04-26,1.82
2021-04-27,1.12
2021-04-28,2.42
2021-04-29,3.25
2021-04-30,9.13
2021-05-01,4.55
2021-05-02,5.99
2021-05-03,6.1
2021-05-04,3.3
2021-05-05,3.73
2021-05-06,1.47
2021-05-07,4.07
2021-05-08,4.69
2021-05-09,6.31
2021-05-10,5.02
2021-05-11,3.34
2021-05-12,9.59
2021-05-13,13.4
2021-05-14,8.17
2021-05-15,5.38
2021-05-16,9.86
2021-05-17,7.7
2021-05-18,12.57
2021-05-19,5.53
2021-05-20,8.11
2021-05-21,12.59
2021-05-22,11.69
2021-05-23,3.94
2021-05-24,2.84
2021-05-25,1.92
2021-05-26,2.06
2021-05-27,2.62
2021-05-28,4.77
2021-05-29,7.01
2021-05-30,7.33
2021-05-31,5.86
2021-06-01,1.97
2021-06-02,1.6
2021-06-03,1.19
2021-06-04,0.07
2021-06-05,0.14
2021-06-06,0.88
2021-06-07,3.99
2021-06-08,4.15
2021-06-09,2.97
2021-06-10,2.79
2021-06-11,2.46
2021-06-12,3.1
2021-06-13,2.98
2021-06-14,5.2
2021-06-15,7.84
2021-06-16,8.73
2021-06-17,7.36
2021-06-18,12.92
2021-06-19,5.82
2021-06-20,7.53
2021-06-21,0.83
2021-06-22,3.72
2021-06-23,4.96
2021-06-24,3.36
2021-06-25,2.43
2021-06-26,3.24
2021-06-27,3.8
2021-06-28,1.86
2021-06-29,5.93
2021-06-30,7.13
2021-07-01,7.08
2021-07-02,3.94
2021-07-03,4.8
2021-07-04,5.98
2021-07-05,4.33
2021-07-06,1.56
2021-07-07,0.54
2021-07-08,3.0
2021-07-09,3.24
2021-07-10,18.11
2021-07-11,7.06
2021-07-12,12.9
2021-07-13,29.83
2021-07-14,7.45
2021-07-15,1.84
2021-07-16,0.8
2021-07-17,0.56
2021-07-18,0.43
2021-07-19,2.82
2021-07-20,5.4
2021-07-21,5.88
2021-07-22,4.69
2021-07-23,1.18
2021-07-24,1.43
2021-07-25,0.5
2021-07-26,0.24
2021-07-27,0.25
2021-07-28,1.67
2021-07-29,2.91
2021-07-30,0.49
2021-07-31,0.12
2021-08-01,0.22
2021-08-02,0.65
2021-08-03,0.89
2021-08-04,2.15
2021-08-05,3.88
2021-08-06,2.12
2021-08-07,2.51
2021-08-08,3.91
2021-08-09,4.97
2021-08-10,1.27
2021-08-11,0.63
2021-08-12,3.39
2021-08-13,8.22
2021-08-14,9.57
2021-08-15,10.59
2021-08-16,9.92
2021-08-17,14.85
2021-08-18,5.48
2021-08-19,4.46
2021-08-20,27.17
2021-08-21,4.62
2021-08-22,4.19
2021-08-23,3.71
2021-08-24,6.12
2021-08-25,6.08
2021-08-26,4.56
2021-08-27,11.54
2021-08-28,13.12
2021-08-29,16.87
2021-08-30,3.38
2021-08-31,19.46
2021-09-01,30.4
2021-09-02,9.93
2021-09-03,1.6
2021-09-04,0.91
2021-09-05,1.58
2021-09-06,11.43
2021-09-07,5.4
2021-09-08,6.17
2021-09-09,1.1
2021-09-10,0.28
2021-09-11,2.95
2021-09-12,5.98
2021-09-13,19.69
2021-09-14,8.59
2021-09-15,1.04
2021-09-16,0.93
2021-09-17,0.93
2021-09-18,9.44
2021-09-19,2.19
2021-09-20,0.59
2021-09-21,0.59
2021-09-22,1.93
2021-09-23,4.15
2021-09-24,5.7
2021-09-25,4.48
2021-09-26,3.2
2021-09-27,6.49
2021-09-28,3.71
2021-09-29,3.51
2021-09-30,18.14
2021-10-01,16.37
2021-10-02,1.79
2021-10-03,1.32
2021-10-04,6.93
2021-10-05,11.93
2021-10-06,5.86
2021-10-07,5.34
2021-10-08,4.29
2021-10-09,0.24
2021-10-10,0.21
2021-10-11,1.42
2021-10-12,1.17
2021-10-13,1.77
2021-10-14,2.98
2021-10-15,4.17
2021-10-16,9.03
2021-10-17,11.83
2021-10-18,10.25
2021-10-19,4.89
2021-10-20,7.69
2021-10-21,4.53
2021-10-22,2.04
2021-10-23,1.41
2021-10-24,2.26
2021-10-25,1.72
2021-10-26,0.96
2021-10-27,5.08
2021-10-28,15.99
2021-10-29,8.28
2021-10-30,3.77
2021-10-31,7.44
2021-11-01,11.83
2021-11-02,7.99
2021-11-03,3.55
2021-11-04,15.78
2021-11-05,13.94
2021-11-06,4.04
2021-11-07,11.87
2021-11-08,5.77
2021-11-09,6.6
2021-11-10,66.54
2021-11-11,0.93
2021-11-12,1.0
2021-11-13,3.65
2021-11-14,41.93
2021-11-15,24.46
2021-11-16,0.89
2021-11-17,6.47
2021-11-18,9.3
2021-11-19,30.16
2021-11-20,2.85
2021-11-21,4.89
2021-11-22,4.91
2021-11-23,12.94
2021-11-24,14.16
2021-11-25,7.35
2021-11-26,18.02
2021-11-27,8.28
2021-11-28,7.05
2021-11-29,3.77
2021-11-30,1.41
2021-12-01,1.01
2021-12-02,6.46
2021-12-03,5.62
2021-12-04,6.7
2021-12-05,23.6
2021-12-06,10.85
2021-12-07,22.31
2021-12-08,12.01
2021-12-09,4.79
2021-12-10,4.42
2021-12-11,10.02
2021-12-12,16.98
2021-12-13,10.66
2021-12-14,8.73
2021-12-15,14.73
2021-12-16,19.44
2021-12-17,9.81
2021-12-18,12.37
2021-12-19,16.26
2021-12-20,17.27
2021-12-21,3.01
2021-12-22,0.96
2021-12-23,11.77
2021-12-24,5.45
2021-12-25,11.03
2021-12-26,5.09
2021-12-27,7.7
2021-12-28,6.2
2021-12-29,3.99
2021-12-30,3.3
2021-12-31,3.91
2022-01-01,9.07
2022-01-02,6.25
2022-01-03,6.51
2022-01-04,29.41
2022-01-05,7.83
2022-01-06,10.59
2022-01-07,9.81
2022-01-08,5.09
2022-01-09,10.5
2022-01-10,24.01
2022-01-11,16.97
2022-01-12,6.2
2022-01-13,3.64
2022-01-14,2.82
2022-01-15,2.75
2022-01-16,8.11
2022-01-17,10.13
2022-01-18,7.73
2022-01-19,23.53
2022-01-20,8.75
2022-01-21,3.32
2022-01-22,1.37
2022-01-23,0.25
2022-01-24,1.09
2022-01-25,5.49
2022-01-26,3.57
2022-01-27,1.2
2022-01-28,0.11
2022-01-29,1.52
2022-01-30,3.84
2022-01-31,4.63
2022-02-01,3.97
2022-02-02,4.91
2022-02-03,4.98
2022-02-04,7.08
2022-02-05,10.19
2022-02-06,6.82
2022-02-07,12.18
2022-02-08,5.69
2022-02-09,6.96
2022-02-10,11.45
2022-02-11,5.57
2022-02-12,3.09
2022-02-13,2.98
2022-02-14,2.81
2022-02-15,3.47
2022-02-16,3.53
2022-02-17,17.88
2022-02-18,0.82
2022-02-19,3.4
2022-02-20,2.08
2022-02-21,7.03
2022-02-22,2.43
2022-02-23,6.93
2022-02-24,8.45
2022-02-25,2.06
2022-02-26,4.01
2022-02-27,3.66
2022-02-28,3.52
2022-03-01,3.99
2022-03-02,3.72
2022-03-03,6.78
2022-03-04,7.54
2022-03-05,9.91
2022-03-06,13.08
2022-03-07,7.63
2022-03-08,15.01
2022-03-09,10.27
2022-03-10,8.34
2022-03-11,6.04
2022-03-12,13.0
2022-03-13,6.27
2022-03-14,6.53
2022-03-15,9.47
2022-03-16,7.25
2022-03-17,2.98
2022-03-18,52.6
2022-03-19,1.22
2022-03-20,6.09
2022-03-21,7.28
2022-03-22,0.95
2022-03-23,2.28
2022-03-24,2.79
2022-03-25,2.3
2022-03-26,3.98
2022-03-27,5.69
2022-03-28,1.74
2022-03-29,2.17
2022-03-30,2.01
2022-03-31,3.8
2022-04-01,3.11
2022-04-02,4.24
2022-04-03,13.07
2022-04-04,16.53
2022-04-05,8.43
2022-04-06,4.03
2022-04-07,21.14
2022-04-08,2.82
2022-04-09,6.83
2022-04-10,1.19
2022-04-11,8.4
2022-04-12,4.81
2022-04-13,6.28
2022-04-14,1.74
2022-04-15,1.23
2022-04-16,2.22
2022-04-17,1.72
2022-04-18,2.78
2022-04-19,10.38
2022-04-20,9.1
2022-04-21,7.89
2022-04-22,1.61
2022-04-23,4.4
2022-04-24,3.8
2022-04-25,15.29
2022-04-26,17.03
2022-04-27,3.81
2022-04-28,6.2
2022-04-29,5.64
2022-04-30,10.23
2022-05-01,4.14
2022-05-02,9.39
2022-05-03,13.36
2022-05-04,8.06
2022-05-05,4.42
2022-05-06,7.7
2022-05-07,27.08
2022-05-08,4.37
2022-05-09,2.04
2022-05-10,2.97
2022-05-11,3.64
2022-05-12,3.04
2022-05-13,6.45
2022-05-14,1.51
2022-05-15,1.97
2022-05-16,5.24
2022-05-17,6.03
2022-05-18,2.63
2022-05-19,7.37
2022-05-20,8.48
2022-05-21,3.69
2022-05-22,7.92
2022-05-23,4.7
2022-05-24,7.12
2022-05-25,6.96
2022-05-26,4.08
2022-05-27,0.5
2022-05-28,4.06
2022-05-29,1.35
2022-05-30,1.33
2022-05-31,3.36
2022-06-01,2.73
2022-06-02,10.69
2022-06-03,6.62
2022-06-04,3.29
2022-06-05,9.93
2022-06-06,14.4
2022-06-07,3.6
2022-06-08,8.06
2022-06-09,9.75
2022-06-10,1.71
2022-06-11,4.51
2022-06-12,11.06
2022-06-13,12.2
2022-06-14,5.02
2022-06-15,8.34
2022-06-16,9.67
2022-06-17,6.44
2022-06-18,4.63
2022-06-19,1.88
2022-06-20,4.92
2022-06-21,7.1
2022-06-22,9.65
2022-06-23,21.11
2022-06-24,5.76
2022-06-25,5.79
2022-06-26,2.91
2022-06-27,3.11
2022-06-28,8.69
2022-06-29,23.57
2022-06-30,4.78
2022-07-01,0.48
2022-07-02,2.39
2022-07-03,3.21
2022-07-04,1.99
2022-07-05,5.48
2022-07-06,3.44
2022-07-07,1.28
2022-07-08,3.88
2022-07-09,3.64
2022-07-10,1.82
2022-07-11,1.84
2022-07-12,5.21
2022-07-13,12.9
2022-07-14,4.63
2022-07-15,4.08
2022-07-16,3.88
2022-07-17,0.74
2022-07-18,0.62
2022-07-19,3.4
2022-07-20,6.31
2022-07-21,8.99
2022-07-22,15.98
2022-07-23,6.24
2022-07-24,5.21
2022-07-25,6.29
2022-07-26,9.11
2022-07-27,4.8
2022-07-28,5.85
2022-07-29,10.32
2022-07-30,10.44
2022-07-31,4.08
2022-08-01,4.61
2022-08-02,9.14
2022-08-03,11.83
2022-08-04,8.94
2022-08-05,3.2
2022-08-06,9.82
2022-08-07,2.73
2022-08-08,0.28
2022-08-09,0.49
2022-08-10,1.72
2022-08-11,2.53
2022-08-12,1.67
2022-08-13,2.56
2022-08-14,3.05
2022-08-15,6.27
2022-08-16,9.25
2022-08-17,2.2
2022-08-18,1.19
2022-08-19,8.16
2022-08-20,14.94
2022-08-21,19.11
2022-08-22,4.04
2022-08-23,5.62
2022-08-24,5.87
2022-08-25,2.38
2022-08-26,5.59
2022-08-27,21.91
2022-08-28,10.08
2022-08-29,11.27
2022-08-30,13.63
2022-08-31,8.13
2022-09-01,6.74
2022-09-02,5.41
2022-09-03,0.8
2022-09-04,4.52
2022-09-05,9.25
2022-09-06,9.47
2022-09-07,13.75
2022-09-08,21.52
2022-09-09,22.9
2022-09-10,7.05
2022-09-11,3.09
2022-09-12,2.45
2022-09-13,10.31
2022-09-14,3.97
2022-09-15,1.94
2022-09-16,3.29
2022-09-17,4.28
2022-09-18,16.24
2022-09-19,7.27
2022-09-20,7.67
2022-09-21,2.88
2022-09-22,15.02
2022-09-23,12.29
2022-09-24,2.62
2022-09-25,2.81
2022-09-26,4.94
2022-09-27,2.26
2022-09-28,0.59
2022-09-29,0.88
2022-09-30,4.05
2022-10-01,18.21
2022-10-02,8.68
2022-10-03,3.59
2022-10-04,42.63
2022-10-05,30.72
2022-10-06,11.4
2022-10-07,25.21
2022-10-08,6.31
2022-10-09,8.98
2022-10-10,8.27
2022-10-11,11.13
2022-10-12,11.55
2022-10-13,2.54
2022-10-14,26.74
2022-10-15,3.89
2022-10-16,4.81
2022-10-17,1.06
2022-10-18,3.02
2022-10-19,13.68
2022-10-20,23.49
2022-10-21,15.48
2022-10-22,4.41
2022-10-23,3.37
2022-10-24,7.69
2022-10-25,9.31
2022-10-26,17.47
2022-10-27,6.84
2022-10-28,8.86
2022-10-29,10.59
2022-10-30,23.06
2022-10-31,4.9
2022-11-01,13.88
2022-11-02,4.54
2022-11-03,7.71
2022-11-04,12.7
2022-11-05,15.45
2022-11-06,8.68
2022-11-07,9.83
2022-11-08,3.06
2022-11-09,4.57
2022-11-10,5.46
2022-11-11,18.12
2022-11-12,26.72
2022-11-13,4.64
2022-11-14,20.6
2022-11-15,7.21
2022-11-16,4.79
2022-11-17,11.76
2022-11-18,4.7
2022-11-19,5.53
2022-11-20,4.41
2022-11-21,42.12
2022-11-22,3.87
2022-11-23,44.0
2022-11-24,2.13
2022-11-25,16.9
2022-11-26,2.85
2022-11-27,5.81
2022-11-28,4.2
2022-11-29,10.2
2022-11-30,7.31
2022-12-01,9.0
2022-12-02,15.17
2022-12-03,4.98
2022-12-04,12.67
2022-12-05,2.8
2022-12-06,2.16
2022-12-07,3.91
2022-12-08,10.05
2022-12-09,11.95
2022-12-10,20.59
2022-12-11,5.8
2022-12-12,4.98
2022-12-13,2.73
2022-12-14,15.07
2022-12-15,10.36
2022-12-16,4.32
2022-12-17,7.08
2022-12-18,3.05
2022-12-19,5.96
2022-12-20,8.35
2022-12-21,5.61
2022-12-22,20.87
2022-12-23,13.45
2022-12-24,2.3
2022-12-25,6.77
2022-12-26,6.22
2022-12-27,4.2
2022-12-28,8.2
2022-12-29,12.56
2022-12-30,5.24
2022-12-31,5.68
2023-01-01,2.74
2023-01-02,4.32
2023-01-03,13.62
2023-01-04,18.09
2023-01-05,0.82
2023-01-06,4.35
2023-01-07,10.64
2023-01-08,5.34
2023-01-09,22.42
2023-01-10,6.05
2023-01-11,13.25
2023-01-12,4.84
2023-01-13,3.77
2023-01-14,2.58
2023-01-15,4.71
2023-01-16,10.17
2023-01-17,1.59
2023-01-18,12.12
2023-01-19,10.28
2023-01-20,11.33
2023-01-21,6.92
2023-01-22,4.52
2023-01-23,5.35
2023-01-24,13.3
2023-01-25,7.89
2023-01-26,6.01
2023-01-27,6.32
2023-01-28,3.46
2023-01-29,5.74
2023-01-30,20.45
2023-01-31,6.47
2023-02-01,4.64
2023-02-02,6.05
2023-02-03,0.87
2023-02-04,5.11
2023-02-05,3.74
2023-02-06,2.68
2023-02-07,7.07
2023-02-08,0.69
2023-02-09,2.88
2023-02-10,4.3
2023-02-11,7.24
2023-02-12,7.67
2023-02-13,3.55
2023-02-14,8.0
2023-02-15,6.15
2023-02-16,3.6
2023-02-17,1.15
2023-02-18,2.21
2023-02-19,4.83
2023-02-20,4.5
2023-02-21,16.32
2023-02-22,6.66
2023-02-23,5.33
2023-02-24,1.44
2023-02-25,3.85
2023-02-26,6.53
2023-02-27,14.24
2023-02-28,16.79
2023-03-01,6.27
2023-03-02,4.37
2023-03-03,6.15
2023-03-04,12.34
2023-03-05,0.74
2023-03-06,1.92
2023-03-07,10.49
2023-03-08,5.94
2023-03-09,5.01
2023-03-10,7.88
2023-03-11,5.75
2023-03-12,6.7
2023-03-13,9.99
2023-03-14,0.97
2023-03-15,1.16
2023-03-16,2.81
2023-03-17,8.02
2023-03-18,2.88
2023-03-19,3.55
2023-03-20,7.22
2023-03-21,4.18
2023-03-22,0.95
2023-03-23,1.56
2023-03-24,2.58
2023-03-25,9.9
2023-03-26,14.29
2023-03-27,12.16
2023-03-28,4.06
2023-03-29,6.32
2023-03-30,30.17
2023-03-31,0.65
2023-04-01,8.46
2023-04-02,10.6
2023-04-03,6.65
2023-04-04,4.22
2023-04-05,9.25
2023-04-06,9.09
2023-04-07,5.59
2023-04-08,3.0
2023-04-09,1.76
2023-04-10,4.93
2023-04-11,1.75
2023-04-12,4.05
2023-04-13,5.14
2023-04-14,4.45
2023-04-15,8.88
2023-04-16,7.71
2023-04-17,3.29
2023-04-18,4.53
2023-04-19,1.79
2023-04-20,5.47
2023-04-21,5.16
2023-04-22,3.89
2023-04-23,9.38
2023-04-24,5.54
2023-04-25,1.7
2023-04-26,3.47
2023-04-27,2.98
2023-04-28,2.44
2023-04-29,5.12
2023-04-30,7.35
2023-05-01,10.8
2023-05-02,6.81
2023-05-03,3.19
2023-05-04,2.73
2023-05-05,20.31
2023-05-06,12.67
2023-05-07,4.54
2023-05-08,10.48
2023-05-09,9.67
2023-05-10,1.39
2023-05-11,2.8
2023-05-12,2.61
2023-05-13,1.93
2023-05-14,4.58
2023-05-15,3.71
2023-05-16,3.82
2023-05-17,3.47
2023-05-18,3.47
2023-05-19,5.52
2023-05-20,5.13
2023-05-21,7.06
2023-05-22,5.57
2023-05-23,2.45
2023-05-24,2.81
2023-05-25,4.21
2023-05-26,2.33
2023-05-27,3.34
2023-05-28,3.34
2023-05-29,6.06
2023-05-30,10.68
2023-05-31,6.41
2023-06-01,2.22
2023-06-02,0.52
2023-06-03,0.66
2023-06-04,2.84
2023-06-05,2.17
2023-06-06,6.57
2023-06-07,8.66
2023-06-08,12.3
2023-06-09,6.08
2023-06-10,0.63
2023-06-11,0.51
2023-06-12,2.55
2023-06-13,3.82
2023-06-14,6.1
2023-06-15,3.0
2023-06-16,6.92
2023-06-17,3.76
2023-06-18,5.82
2023-06-19,8.37
2023-06-20,7.29
2023-06-21,2.54
2023-06-22,0.95
2023-06-23,0.29
2023-06-24,0.14
2023-06-25,0.9
2023-06-26,7.14
2023-06-27,10.64
2023-06-28,4.7
2023-06-29,3.22
2023-06-30,2.14
2023-07-01,7.58
2023-07-02,21.96
2023-07-03,1.79
2023-07-04,4.35
2023-07-05,7.88
2023-07-06,3.96
2023-07-07,4.73
2023-07-08,7.33
2023-07-09,8.36
2023-07-10,34.3
2023-07-11,7.06
2023-07-12,0.69
2023-07-13,0.51
2023-07-14,3.11
2023-07-15,5.16
2023-07-16,3.01
2023-07-17,4.25
2023-07-18,1.0
2023-07-19,2.84
2023-07-20,18.79
2023-07-21,14.7
2023-07-22,1.67
2023-07-23,2.57
2023-07-24,3.74
2023-07-25,2.4
2023-07-26,1.94
2023-07-27,1.2
2023-07-28,1.06
2023-07-29,1.0
2023-07-30,0.03
2023-07-31,0.03
2023-08-01,0.95
2023-08-02,3.34
2023-08-03,6.45
2023-08-04,1.36
2023-08-05,0.28
2023-08-06,2.2
2023-08-07,2.41
2023-08-08,1.93
2023-08-09,0.58
2023-08-10,0.04
2023-08-11,0.34
2023-08-12,3.01
2023-08-13,3.39
2023-08-14,1.1
2023-08-15,0.92
2023-08-16,1.24
2023-08-17,0.64
2023-08-18,1.06
2023-08-19,1.09
2023-08-20,0.66
2023-08-21,0.32
2023-08-22,0.11
2023-08-23,1.62
2023-08-24,2.93
2023-08-25,2.06
2023-08-26,1.08
2023-08-27,1.44
2023-08-28,0.24
2023-08-29,0.13
2023-08-30,0.01
2023-08-31,0.01
2023-09-01,0.09
2023-09-02,0.2
2023-09-03,0.56
2023-09-04,0.03
2023-09-05,0.13
2023-09-06,6.15
2023-09-07,7.22
2023-09-08,0.53
2023-09-09,1.06
2023-09-10,1.12
2023-09-11,0.06
2023-09-12,1.16
2023-09-13,0.19
2023-09-14,0.08
2023-09-15,0.04
2023-09-16,1.17
2023-09-17,1.53
2023-09-18,1.32
2023-09-19,2.22
2023-09-20,2.04
2023-09-21,1.87
2023-09-22,2.35
2023-09-23,0.4
2023-09-24,0.22
2023-09-25,0.04
2023-09-26,0.06
2023-09-27,0.0
2023-09-28,0.07
2023-09-29,3.15
2023-09-30,0.99
2023-10-01,2.72
2023-10-02,0.59
2023-10-03,0.59
2023-10-04,0.13
2023-10-05,0.32
2023-10-06,0.84
2023-10-07,0.15
2023-10-08,2.42
2023-10-09,5.83
2023-10-10,1.95
2023-10-11,1.27
2023-10-12,0.14
2023-10-13,0.05
2023-10-14,0.01
2023-10-15,0.09
2023-10-16,0.33
2023-10-17,1.62
2023-10-18,10.24
2023-10-19,6.67
2023-10-20,4.71
2023-10-21,1.83
2023-10-22,2.85
2023-10-23,5.17
2023-10-24,6.94
2023-10-25,1.91
2023-10-26,0.66
2023-10-27,3.03
2023-10-28,4.32
2023-10-29,1.59
2023-10-30,4.24
2023-10-31,3.49
2023-11-01,2.39
2023-11-02,1.69
2023-11-03,3.74
2023-11-04,8.48
2023-11-05,6.01
2023-11-06,4.75
2023-11-07,7.34
2023-11-08,2.02
2023-11-09,1.51
2023-11-10,4.88
2023-11-11,1.68
2023-11-12,6.9
2023-11-13,7.2
2023-11-14,6.67
2023-11-15,2.7
2023-11-16,9.3
2023-11-17,5.41
2023-11-18,3.79
2023-11-19,6.12
2023-11-20,6.17
2023-11-21,7.97
2023-11-22,15.42
2023-11-23,6.73
2023-11-24,16.49
2023-11-25,12.06
2023-11-26,19.8
2023-11-27,13.45
2023-11-28,8.19
2023-11-29,1.44
2023-11-30,3.97
2023-12-01,6.05
2023-12-02,4.79
2023-12-03,13.53
2023-12-04,10.45
2023-12-05,6.35
2023-12-06,3.81
2023-12-07,9.69
2023-12-08,6.19
2023-12-09,9.81
2023-12-10,11.81
2023-12-11,8.46
2023-12-12,6.95
2023-12-13,5.49
2023-12-14,16.16
2023-12-15,3.02
2023-12-16,3.38
2023-12-17,3.23
2023-12-18,4.76
2023-12-19,7.76
2023-12-20,8.9
2023-12-21,14.94
2023-12-22,7.87
2023-12-23,8.7
2023-12-24,3.74
2023-12-25,7.51
2023-12-26,7.77
2023-12-27,12.46
2023-12-28,10.66
2023-12-29,5.25
2023-12-30,7.75
2023-12-31,11.55
2024-01-01,12.7
2024-01-02,7.84
2024-01-03,12.81
2024-01-04,25.84
2024-01-05,9.52
2024-01-06,6.49
2024-01-07,10.35
2024-01-08,12.84
2024-01-09,6.93
2024-01-10,8.39
2024-01-11,6.53
2024-01-12,9.15
2024-01-13,8.13
2024-01-14,11.6
2024-01-15,12.73
2024-01-16,9.39
2024-01-17,9.22
2024-01-18,9.28
2024-01-19,45.07
2024-01-20,9.48
2024-01-21,0.7
2024-01-22,0.88
2024-01-23,4.44
2024-01-24,5.87
2024-01-25,4.82
2024-01-26,7.1
2024-01-27,5.58
2024-01-28,2.62
2024-01-29,6.26
2024-01-30,4.69
2024-01-31,12.91
2024-02-01,6.8
2024-02-02,7.26
2024-02-03,7.2
2024-02-04,5.38
2024-02-05,4.56
2024-02-06,4.43
2024-02-07,5.97
2024-02-08,5.92
2024-02-09,10.14
2024-02-10,12.73
2024-02-11,3.96
2024-02-12,10.09
2024-02-13,12.74
2024-02-14,5.84
2024-02-15,10.95
2024-02-16,8.88
2024-02-17,6.87
2024-02-18,4.75
2024-02-19,4.65
2024-02-20,4.55
2024-02-21,4.04
2024-02-22,6.0
2024-02-23,9.14
2024-02-24,9.85
2024-02-25,9.84
2024-02-26,8.36
2024-02-27,11.25
2024-02-28,5.2
2024-02-29,3.77
2024-03-01,9.38
2024-03-02,17.5
2024-03-03,8.76
2024-03-04,7.22
2024-03-05,17.24
2024-03-06,7.86
2024-03-07,6.22
2024-03-08,36.03
2024-03-09,7.88
2024-03-10,14.37
2024-03-11,8.39
2024-03-12,24.79
2024-03-13,2.14
2024-03-14,1.47
2024-03-15,0.11
2024-03-16,2.09
2024-03-17,5.08
2024-03-18,1.0
2024-03-19,2.71
2024-03-20,6.37
2024-03-21,3.0
2024-03-22,1.89
2024-03-23,0.78
2024-03-24,1.61
2024-03-25,6.39
2024-03-26,12.3
2024-03-27,11.47
2024-03-28,6.19
2024-03-29,4.01
2024-03-30,5.41
2024-03-31,7.67
2024-04-01,3.16
2024-04-02,2.74
2024-04-03,4.09
2024-04-04,12.45
2024-04-05,12.21
2024-04-06,10.99
2024-04-07,13.37
2024-04-08,3.57
2024-04-09,3.56
2024-04-10,7.02
2024-04-11,2.46
2024-04-12,10.01
2024-04-13,9.11
2024-04-14,9.07
2024-04-15,5.55
2024-04-16,6.54
2024-04-17,7.33
2024-04-18,8.77
2024-04-19,6.92
2024-04-20,5.16
2024-04-21,2.17
2024-04-22,3.57
2024-04-23,13.91
2024-04-24,10.48
2024-04-25,4.27
2024-04-26,5.12
2024-04-27,5.32
2024-04-28,9.04
2024-04-29,5.28
2024-04-30,3.66
2024-05-01,9.4
2024-05-02,9.78
2024-05-03,14.22
2024-05-04,19.99
2024-05-05,1.27
2024-05-06,2.78
2024-05-07,10.91
2024-05-08,8.6
2024-05-09,2.32
2024-05-10,0.98
2024-05-11,8.68
2024-05-12,23.77
2024-05-13,8.93
2024-05-14,8.34
2024-05-15,6.98
2024-05-16,0.97
2024-05-17,4.71
2024-05-18,7.98
2024-05-19,9.18
2024-05-20,3.65
2024-05-21,2.86
2024-05-22,11.33
2024-05-23,5.35
2024-05-24,11.97
2024-05-25,21.71
2024-05-26,3.96
2024-05-27,1.28
2024-05-28,1.63
2024-05-29,1.76
2024-05-30,1.64
2024-05-31,5.51
2024-06-01,24.49
2024-06-02,8.81
2024-06-03,1.67
2024-06-04,2.78
2024-06-05,4.22
2024-06-06,2.07
2024-06-07,3.06
2024-06-08,3.81
2024-06-09,4.07
2024-06-10,4.0
2024-06-11,6.76
2024-06-12,5.29
2024-06-13,0.69
2024-06-14,4.55
2024-06-15,9.86
2024-06-16,4.36
2024-06-17,4.95
2024-06-18,3.37
2024-06-19,5.98
2024-06-20,18.32
2024-06-21,16.45
2024-06-22,3.92
2024-06-23,0.72
2024-06-24,8.88
2024-06-25,8.35
2024-06-26,2.58
2024-06-27,2.97
2024-06-28,1.19
2024-06-29,3.28
2024-06-30,6.88
2024-07-01,5.49
2024-07-02,5.44
2024-07-03,8.23
2024-07-04,5.26
2024-07-05,13.15
2024-07-06,13.46
2024-07-07,3.96
2024-07-08,8.02
2024-07-09,8.61
2024-07-10,2.74
2024-07-11,6.14
2024-07-12,0.7
2024-07-13,0.08
2024-07-14,0.08
2024-07-15,0.31
2024-07-16,0.23
2024-07-17,3.11
2024-07-18,1.55
2024-07-19,0.23
2024-07-20,0.42
2024-07-21,0.4
2024-07-22,0.22
2024-07-23,0.24
2024-07-24,0.1
2024-07-25,0.1
2024-07-26,0.18
2024-07-27,0.01
2024-07-28,0.03
2024-07-29,0.02
2024-07-30,0.17
2024-07-31,0.89
2024-08-01,3.08
2024-08-02,3.86
2024-08-03,2.36
2024-08-04,0.2
2024-08-05,0.2
2024-08-06,0.03
2024-08-07,2.55
2024-08-08,6.57
2024-08-09,4.09
2024-08-10,2.65
2024-08-11,0.2
2024-08-12,0.34
2024-08-13,0.16
2024-08-14,4.28
2024-08-15,0.46
2024-08-16,2.23
2024-08-17,0.69
2024-08-18,4.5
2024-08-19,2.14
2024-08-20,4.27
2024-08-21,7.33
2024-08-22,1.76
2024-08-23,5.45
2024-08-24,4.5
2024-08-25,1.92
2024-08-26,0.56
2024-08-27,1.95
2024-08-28,3.44
2024-08-29,0.11
2024-08-30,0.9
2024-08-31,1.04
2024-09-01,1.22
2024-09-02,0.37
2024-09-03,1.15
2024-09-04,1.45
2024-09-05,0.34
2024-09-06,0.44
2024-09-07,0.07
2024-09-08,5.75
2024-09-09,7.0
2024-09-10,4.0
2024-09-11,7.9
2024-09-12,7.14
2024-09-13,0.47
2024-09-14,0.14
2024-09-15,0.92
2024-09-16,2.64
2024-09-17,5.09
2024-09-18,1.64
2024-09-19,0.03
2024-09-20,0.07
2024-09-21,0.64
2024-09-22,1.01
2024-09-23,4.1
2024-09-24,6.28
2024-09-25,9.7
2024-09-26,5.08
2024-09-27,5.51
2024-09-28,6.78
2024-09-29,10.7
2024-09-30,13.41
2024-10-01,3.83
2024-10-02,2.72
2024-10-03,4.69
2024-10-04,9.17
2024-10-05,3.54
2024-10-06,1.16
2024-10-07,4.07
2024-10-08,1.44
2024-10-09,4.21
2024-10-10,6.07
2024-10-11,6.28
2024-10-12,5.32
2024-10-13,4.98
2024-10-14,2.88
2024-10-15,0.6
2024-10-16,5.31
2024-10-17,8.97
2024-10-18,1.11
2024-10-19,3.26
2024-10-20,7.26
2024-10-21,3.32
2024-10-22,0.92
2024-10-23,0.97
2024-10-24,1.87
2024-10-25,1.83
2024-10-26,1.4
2024-10-27,0.65
2024-10-28,0.71
2024-10-29,1.28
2024-10-30,2.58
2024-10-31,6.43
2024-11-01,1.99
2024-11-02,5.24
2024-11-03,7.59
2024-11-04,2.67
2024-11-05,2.1
2024-11-06,16.64
2024-11-07,2.2
2024-11-08,3.94
2024-11-09,13.43
2024-11-10,4.51
2024-11-11,6.3
2024-11-12,5.4
2024-11-13,6.52
2024-11-14,3.69
2024-11-15,3.46
2024-11-16,3.91
2024-11-17,5.08
2024-11-18,12.56
2024-11-19,6.16
2024-11-20,7.34
2024-11-21,10.98
2024-11-22,9.09
2024-11-23,9.58
2024-11-24,16.8
2024-11-25,6.52
2024-11-26,20.06
2024-11-27,12.51
2024-11-28,19.16
2024-11-29,15.5
2024-11-30,1.02
2024-12-01,7.34
2024-12-02,9.69
2024-12-03,18.07
2024-12-04,4.79
2024-12-05,14.12
2024-12-06,1.71
2024-12-07,3.52
2024-12-08,7.83
2024-12-09,2.82
2024-12-10,2.89
2024-12-11,3.33
2024-12-12,2.94
2024-12-13,9.83
2024-12-14,6.9
2024-12-15,10.62
2024-12-16,8.33
2024-12-17,8.25
2024-12-18,19.49
2024-12-19,22.28
2024-12-20,13.13
2024-12-21,10.32
2024-12-22,5.12
2024-12-23,9.51
2024-12-24,10.96
2024-12-25,4.22
2024-12-26,17.12
2024-12-27,2.6
2024-12-28,4.48
2024-12-29,3.61
2024-12-30,9.26
2024-12-31,5.03
2025-01-01,9.86
2025-01-02,5.4
2025-01-03,8.98
2025-01-04,15.65
2025-01-05,15.67
2025-01-06,15.75
2025-01-07,10.77
2025-01-08,2.88
2025-01-09,5.08
2025-01-10,10.95
2025-01-11,6.03
2025-01-12,33.88
2025-01-13,6.4
2025-01-14,6.93
2025-01-15,6.91
2025-01-16,10.34
2025-01-17,14.1
2025-01-18,17.07
2025-01-19,33.28
2025-01-20,28.25
2025-01-21,5.55
2025-01-22,6.15
2025-01-23,3.59
2025-01-24,5.89
2025-01-25,8.38
2025-01-26,12.02
2025-01-27,8.76
2025-01-28,17.19
2025-01-29,12.4
2025-01-30,0.32
2025-01-31,0.77
2025-02-01,3.54
2025-02-02,1.92
2025-02-03,1.86
2025-02-04,1.69
2025-02-05,3.16
2025-02-06,2.64
2025-02-07,0.68
2025-02-08,1.39
2025-02-09,3.77
2025-02-10,4.76
2025-02-11,3.22
2025-02-12,4.37
2025-02-13,7.5
2025-02-14,5.49
2025-02-15,9.09
2025-02-16,8.85
2025-02-17,2.78
2025-02-18,11.57
2025-02-19,16.67
2025-02-20,8.62
2025-02-21,7.72
2025-02-22,7.7
2025-02-23,14.55
2025-02-24,8.71
2025-02-25,3.65
2025-02-26,6.06
2025-02-27,6.84
2025-02-28,8.9
2025-03-01,5.3
2025-03-02,2.95
2025-03-03,2.89
2025-03-04,11.05
2025-03-05,1.78
2025-03-06,10.59
2025-03-07,33.43
2025-03-08,13.09
2025-03-09,8.97
2025-03-10,5.28
2025-03-11,4.91
2025-03-12,6.29
2025-03-13,8.13
2025-03-14,5.25
2025-03-15,19.84
2025-03-16,4.77
2025-03-17,2.47
2025-03-18,1.8
2025-03-19,8.54
2025-03-20,11.17
2025-03-21,2.49
2025-03-22,4.88
2025-03-23,4.61
2025-03-24,5.57
2025-03-25,3.03
2025-03-26,2.05
2025-03-27,2.13
2025-03-28,5.54
2025-03-29,14.98
2025-03-30,1.87
2025-03-31,6.37
2025-04-01,6.33
2025-04-02,9.4
2025-04-03,7.45
2025-04-04,7.19
2025-04-05,12.07
2025-04-06,2.31
2025-04-07,10.16
2025-04-08,7.52
2025-04-09,3.03
2025-04-10,2.17
2025-04-11,5.47
2025-04-12,4.62
2025-04-13,9.0
2025-04-14,16.2
2025-04-15,4.37
2025-04-16,9.06
2025-04-17,5.97
2025-04-18,7.36
2025-04-19,3.62
2025-04-20,6.21
2025-04-21,12.1
2025-04-22,2.07
2025-04-23,12.34
2025-04-24,3.75
2025-04-25,6.25
2025-04-26,9.41
2025-04-27,6.7
2025-04-28,4.59
2025-04-29,5.63
2025-04-30,3.01
2025-05-01,0.56
2025-05-02,1.6
2025-05-03,3.62
2025-05-04,0.73
2025-05-05,2.61
2025-05-06,2.28
2025-05-07,3.89
2025-05-08,3.37
2025-05-09,3.89
2025-05-10,3.72
2025-05-11,11.19
2025-05-12,24.8
2025-05-13,1.85
2025-05-14,2.61
2025-05-15,0.89
2025-05-16,3.21
2025-05-17,27.22
2025-05-18,4.62
2025-05-19,4.48
2025-05-20,0.93
2025-05-21,1.28
2025-05-22,9.41
2025-05-23,6.73
2025-05-24,10.16
2025-05-25,6.59
2025-05-26,4.81
2025-05-27,2.28
2025-05-28,5.99
2025-05-29,6.12
2025-05-30,2.42
2025-05-31,2.86
2025-06-01,5.75
2025-06-02,2.02
2025-06-03,5.46
2025-06-04,3.84
2025-06-05,3.69
2025-06-06,4.23
2025-06-07,4.4
2025-06-08,3.11
2025-06-09,2.37
2025-06-10,3.6
2025-06-11,1.98
2025-06-12,2.01
2025-06-13,6.24
2025-06-14,9.56
2025-06-15,2.62
2025-06-16,3.12
2025-06-17,2.2
2025-06-18,15.13
2025-06-19,3.79
2025-06-20,2.32
2025-06-21,3.57
2025-06-22,5.36
2025-06-23,5.87
2025-06-24,3.73
2025-06-25,2.58
2025-06-26,1.46
2025-06-27,3.76
2025-06-28,8.1
2025-06-29,3.35
2025-06-30,0.95
2025-07-01,1.18
2025-07-02,2.3
2025-07-03,3.55
2025-07-04,5.64
2025-07-05,12.89
2025-07-06,4.85
2025-07-07,6.44
2025-07-08,5.19
2025-07-09,8.81
2025-07-10,3.92
2025-07-11,3.54
2025-07-12,1.04
2025-07-13,2.31
2025-07-14,8.35
2025-07-15,8.86
2025-07-16,5.93
2025-07-17,5.31
2025-07-18,4.96
2025-07-19,2.23
2025-07-20,0.16
2025-07-21,0.36
2025-07-22,0.03
2025-07-23,0.15
2025-07-24,0.87
2025-07-25,0.84
2025-07-26,0.85
2025-07-27,1.44
2025-07-28,2.48
2025-07-29,0.65
2025-07-30,0.49
2025-07-31,0.65
2025-08-01,2.13
2025-08-02,3.61
2025-08-03,13.94
2025-08-04,14.11
2025-08-05,3.59
2025-08-06,3.3
2025-08-07,1.15
2025-08-08,1.25
2025-08-09,1.44
2025-08-10,3.06
2025-08-11,4.34
2025-08-12,13.35
2025-08-13,39.63
2025-08-14,6.15
2025-08-15,0.7
2025-08-16,0.65
2025-08-17,6.52
2025-08-18,14.65
2025-08-19,3.38
2025-08-20,7.42
2025-08-21,1.12
2025-08-22,4.07
2025-08-23,4.28
2025-08-24,6.15
2025-08-25,4.06
2025-08-26,2.46
2025-08-27,0.2
2025-08-28,0.52
2025-08-29,1.79
2025-08-30,5.04
2025-08-31,10.24
2025-09-01,9.85
2025-09-02,7.93
2025-09-03,12.32
2025-09-04,8.77
2025-09-05,8.36
2025-09-06,2.12
2025-09-07,5.93
2025-09-08,8.0
2025-09-09,11.41
2025-09-10,2.55
2025-09-11,6.65
2025-09-12,21.91
2025-09-13,18.23
2025-09-14,3.33
2025-09-15,5.81
2025-09-16,9.55
2025-09-17,7.31
2025-09-18,5.4
2025-09-19,5.93
2025-09-20,5.87
2025-09-21,2.35
2025-09-22,1.65
2025-09-23,0.42
2025-09-24,0.12
2025-09-25,0.18
2025-09-26,0.07
2025-09-27,0.23
2025-09-28,6.31
2025-09-29,12.98
2025-09-30,3.33
2025-10-01,6.79
2025-10-02,12.37
2025-10-03,0.47
2025-10-04,5.75
2025-10-05,6.23
2025-10-06,8.09
2025-10-07,7.78
2025-10-08,5.7
2025-10-09,4.82
2025-10-10,3.88
2025-10-11,0.84
2025-10-12,5.96
2025-10-13,12.82
2025-10-14,2.35
2025-10-15,2.58
2025-10-16,4.49
2025-10-17,11.87
2025-10-18,0.28
2025-10-19,10.17
2025-10-20,9.71
2025-10-21,7.57
2025-10-22,22.03
2025-10-23,15.02
2025-10-24,6.11
2025-10-25,4.57
2025-10-26,10.67
2025-10-27,3.59
2025-10-28,2.57
2025-10-29,1.69
2025-10-30,3.59
2025-10-31,5.1
2025-11-01,4.95
2025-11-02,5.55
2025-11-03,9.75
2025-11-04,7.38
2025-11-05,6.67
2025-11-06,11.99
2025-11-07,7.06
2025-11-08,11.25
2025-11-09,1.92
2025-11-10,6.21
2025-11-11,14.87
2025-11-12,8.76
2025-11-13,9.16
2025-11-14,7.85
2025-11-15,10.48
2025-11-16,8.26
2025-11-17,7.78
2025-11-18,13.32
2025-11-19,5.48
2025-11-20,25.04
2025-11-21,5.7
2025-11-22,38.01
2025-11-23,13.43
2025-11-24,7.35
2025-11-25,13.54
2025-11-26,1.32
2025-11-27,7.27
2025-11-28,17.01
2025-11-29,6.93
2025-11-30,2.93
2025-12-01,7.85
2025-12-02,3.53
2025-12-03,3.5
2025-12-04,16.93
2025-12-05,14.97
2025-12-06,10.15
2025-12-07,19.7
2025-12-08,23.74
2025-12-09,22.0
2025-12-10,4.49
2025-12-11,4.86
2025-12-12,8.84
2025-12-13,13.13
2025-12-14,17.87
2025-12-15,12.78
2025-12-16,5.32
2025-12-17,3.82
2025-12-18,6.76
2025-12-19,14.56
2025-12-20,6.64
2025-12-21,4.6
2025-12-22,5.27
2025-12-23,4.33
2025-12-24,6.42
2025-12-25,9.2
2025-12-26,10.1
2025-12-27,13.44
2025-12-28,38.35
2025-12-29,4.62
2025-12-30,22.14
2025-12-31,11.27
2026-01-01,8.45
2026-01-02,16.69
2026-01-03,38.96
2026-01-04,19.1
2026-01-05,6.27
2026-01-06,5.94
2026-01-07,1.95
2026-01-08,19.84
2026-01-09,16.0
2026-01-10,18.44
2026-01-11,11.03
2026-01-12,2.17
2026-01-13,2.27
2026-01-14,8.63
2026-01-15,9.67
2026-01-16,6.14
2026-01-17,9.97
2026-01-18,4.89
2026-01-19,0.23
2026-01-20,1.68
2026-01-21,3.03
2026-01-22,8.67
2026-01-23,3.42
2026-01-24,7.89
2026-01-25,4.0
2026-01-26,2.4
2026-01-27,1.46
2026-01-28,5.38
2026-01-29,4.62
2026-01-30,5.28
2026-01-31,4.51
2026-02-01,7.71
2026-02-02,1.84
2026-02-03,6.36
2026-02-04,8.05
2026-02-05,11.9
2026-02-06,5.85
2026-02-07,6.57
2026-02-08,5.62
2026-02-09,0.16
2026-02-10,4.05
2026-02-11,4.87
2026-02-12,10.97
2026-02-13,3.95
2026-02-14,7.64
2026-02-15,5.09
2026-02-16,4.87
2026-02-17,8.21
2026-02-18,3.66
2026-02-19,14.35
2026-02-20,5.12
2026-02-21,5.9
2026-02-22,2.69
2026-02-23,5.35
2026-02-24,20.15
2026-02-25,5.21
2026-02-26,5.88
2026-02-27,4.03
2026-02-28,4.79
2026-03-01,2.81
2026-03-02,3.76
2026-03-03,6.92
2026-03-04,8.1
2026-03-05,5.15
2026-03-06,12.36
2026-03-07,15.56
2026-03-08,8.3
2026-03-09,1.33
2026-03-10,0.59
2026-03-11,0.18
2026-03-12,0.19
2026-03-13,2.73
2026-03-14,17.28
2026-03-15,5.3
2026-03-16,5.47
2026-03-17,4.92
2026-03-18,6.85
2026-03-19,12.69
2026-03-20,6.38
2026-03-21,3.74
2026-03-22,3.99
2026-03-23,0.14
2026-03-24,5.56
2026-03-25,6.59
2026-03-26,1.75
2026-03-27,0.81
2026-03-28,7.85
2026-03-29,7.76
2026-03-30,8.25
2026-03-31,2.5
2026-04-01,0.75
2026-04-02,3.16
2026-04-03,5.93
2026-04-04,6.52
2026-04-05,32.95
2026-04-06,4.87
2026-04-07,19.55
2026-04-08,12.43
2026-04-09,17.77
2026-04-10,6.55
2026-04-11,3.95
2026-04-12,5.21
2026-04-13,5.22
2026-04-14,3.96
2026-04-15,4.44
2026-04-16,4.74
2026-04-17,4.9
2026-04-18,2.86
2026-04-19,3.26
2026-04-20,1.97
2026-04-21,5.74
2026-04-22,6.05
2026-04-23,9.55
2026-04-24,4.12
2026-04-25,19.24
2026-04-26,1.93
2026-04-27,1.24
2026-04-28,1.44
2026-04-29,2.51
2026-04-30,10.08
2026-05-01,10.19
2026-05-02,5.73
2026-05-03,3.84
2026-05-04,7.51
2026-05-05,10.73
2026-05-06,3.85
2026-05-07,8.6
2026-05-08,17.24
2026-05-09,11.29
2026-05-10,7.75
2026-05-11,7.53
2026-05-12,6.7
2026-05-13,8.14
2026-05-14,8.73
2026-05-15,6.72
2026-05-16,24.04
2026-05-17,5.12
2026-05-18,0.86
2026-05-19,2.16
2026-05-20,1.4
2026-05-21,13.74
2026-05-22,31.15
2026-05-23,2.39
2026-05-24,10.82
2026-05-25,7.12
2026-05-26,2.85
2026-05-27,5.53
2026-05-28,1.88
2026-05-29,2.49
2026-05-30,2.09
2026-05-31,1.02
2026-06-01,2.16
2026-06-02,2.69
2026-06-03,4.53
2026-06-04,5.51
2026-06-05,3.0
2026-06-06,6.27
2026-06-07,8.58
2026-06-08,6.1
2026-06-09,6.15
2026-06-10,2.24
2026-06-11,0.24
2026-06-12,0.73
2026-06-13,2.2
2026-06-14,6.68
2026-06-15,9.93
2026-06-16,6.41
2026-06-17,4.62
2026-06-18,7.2
2026-06-19,8.56
2026-06-20,6.15
2026-06-21,1.92
2026-06-22,3.73
2026-06-23,4.29
2026-06-24,2.11
2026-06-25,0.45
2026-06-26,0.5
2026-06-27,3.27
2026-06-28,5.56
2026-06-29,5.47
2026-06-30,5.91
2026-07-01,0.13
2026-07-02,0.17
2026-07-03,0.27
2026-07-04,0.97
2026-07-05,6.65
2026-07-06,1.76
2026-07-07,0.29
2026-07-08,1.84
2026-07-09,5.34
2026-07-10,0.16
2026-07-11,0.46
2026-07-12,0.38
2026-07-13,0.34
2026-07-14,4.43
2026-07-15,4.6
2026-07-16,2.28
2026-07-17,1.08
2026-07-18,0.22
2026-07-19,0.17
2026-07-20,0.8
2026-07-21,2.7
2026-07-22,7.61
2026-07-23,4.69
2026-07-24,1.71
2026-07-25,1.68
2026-07-26,0.28
2026-07-27,0.36
2026-07-28,1.51
2026-07-29,5.3
2026-07-30,6.47
2026-07-31,1.85
2026-08-01,0.29
2026-08-02,0.16
2026-08-03,0.1
2026-08-04,0.34
2026-08-05,3.02
2026-08-06,1.71
2026-08-07,0.1
2026-08-08,0.02
2026-08-09,0.67
2026-08-10,0.35
2026-08-11,0.11
2026-08-12,0.1
2026-08-13,1.06
2026-08-14,3.29
2026-08-15,1.19
2026-08-16,1.63
2026-08-17,2.44
2026-08-18,0.35
2026-08-19,0.01
2026-08-20,0.08
2026-08-21,0.0
2026-08-22,0.1
2026-08-23,0.27
2026-08-24,1.15
2026-08-25,0.13
2026-08-26,0.41
2026-08-27,0.12
2026-08-28,1.92
2026-08-29,0.47
2026-08-30,0.74
2026-08-31,0.71
2026-09-01,0.0
2026-09-02,0.0
2026-09-03,0.1
2026-09-04,0.02
2026-09-05,0.02
2026-09-06,0.07
2026-09-07,0.11
2026-09-08,0.09
2026-09-09,0.6
2026-09-10,0.69
2026-09-11,0.55
2026-09-12,0.0
2026-09-13,1.1
2026-09-14,0.04
2026-09-15,0.01
2026-09-16,0.0
2026-09-17,0.06
2026-09-18,0.75
2026-09-19,2.27
2026-09-20,1.28
2026-09-21,2.41
2026-09-22,4.41
2026-09-23,2.69
2026-09-24,1.09
2026-09-25,0.79
2026-09-26,2.33
2026-09-27,2.48
2026-09-28,0.61
2026-09-29,0.21
2026-09-30,4.8
2026-10-01,2.01
2026-10-02,
2026-10-03,
2026-10-04,
