{"type":"FeatureCollection","metadata":{"source":"geoBoundaries gbOpen IDN ADM1 (OpenStreetMap, Wambacher), commit 9469f09","license":"Open Data Commons Open Database License (ODbL) 1.0","attribution":"\u00a9 OpenStreetMap contributors; geoBoundaries (Runfola et al., 2020)","processing":"disederhanakan (simplify 0.01\u00b0), pulau < 0.002 deg\u00b2 dibuang, ring diorientasikan searah jarum jam untuk d3/Plotly"},"features":[{"type":"Feature","id":1,"properties":{"province_id":1,"province":"Aceh","iso":"ID-AC"},"geometry":{"type":"MultiPolygon","coordinates":[[[[98.252,4.289],[98.215,4.287],[98.2,4.302],[98.147,4.29],[98.146,4.266],[98.122,4.256],[98.069,4.256],[98.095,4.217],[98.091,4.197],[98.059,4.191],[98.074,4.15],[98.054,4.143],[98.053,4.108],[98.041,4.104],[98.046,4.037],[98.03,4.026],[98.024,3.973],[97.958,3.929],[97.949,3.891],[97.904,3.911],[97.921,3.844],[97.91,3.823],[97.799,3.726],[97.869,3.612],[97.867,3.575],[97.904,3.557],[97.921,3.498],[97.956,3.481],[97.932,3.445],[97.95,3.392],[98.003,3.37],[98.027,3.331],[98.019,3.299],[97.985,3.276],[97.872,3.249],[97.927,3.225],[97.944,3.162],[97.981,3.123],[97.975,3.07],[97.931,3.063],[97.941,2.991],[97.957,2.973],[97.955,2.902],[98.007,2.89],[98.043,2.826],[98.092,2.821],[98.112,2.79],[98.086,2.738],[98.103,2.687],[98.129,2.662],[98.084,2.632],[98.08,2.527],[98.109,2.471],[98.112,2.424],[98.154,2.415],[98.188,2.323],[98.145,2.153],[98.096,2.196],[97.948,2.271],[97.914,2.272],[97.88,2.243],[97.868,2.249],[97.889,2.257],[97.897,2.281],[97.861,2.265],[97.865,2.248],[97.8,2.27],[97.788,2.234],[97.778,2.24],[97.663,2.403],[97.649,2.678],[97.595,2.879],[97.579,2.892],[97.54,2.884],[97.485,2.921],[97.445,2.925],[97.373,2.986],[97.316,3.056],[97.259,3.22],[97.194,3.26],[97.169,3.258],[97.003,3.546],[96.903,3.602],[96.868,3.69],[96.77,3.739],[96.672,3.746],[96.546,3.731],[96.497,3.75],[96.384,3.849],[96.289,3.992],[96.167,4.127],[96.14,4.142],[96.127,4.124],[96.046,4.21],[96.024,4.194],[95.728,4.517],[95.61,4.62],[95.567,4.627],[95.583,4.657],[95.562,4.668],[95.54,4.656],[95.492,4.751],[95.448,4.805],[95.412,4.819],[95.426,4.836],[95.366,4.948],[95.382,4.968],[95.357,5.0],[95.367,5.026],[95.308,5.081],[95.321,5.09],[95.303,5.112],[95.307,5.169],[95.242,5.222],[95.254,5.236],[95.233,5.257],[95.243,5.279],[95.213,5.28],[95.219,5.324],[95.236,5.319],[95.228,5.359],[95.241,5.339],[95.253,5.381],[95.23,5.433],[95.241,5.468],[95.194,5.528],[95.225,5.576],[95.247,5.549],[95.278,5.551],[95.431,5.656],[95.457,5.651],[95.518,5.595],[95.531,5.614],[95.615,5.627],[95.887,5.505],[95.892,5.463],[95.922,5.422],[96.077,5.294],[96.185,5.261],[96.258,5.264],[96.391,5.21],[96.466,5.237],[96.501,5.202],[96.612,5.21],[96.851,5.277],[96.88,5.249],[96.985,5.262],[97.103,5.225],[97.101,5.215],[97.148,5.193],[97.142,5.155],[97.202,5.141],[97.501,5.248],[97.556,5.211],[97.548,5.204],[97.594,5.143],[97.654,5.116],[97.646,5.075],[97.845,4.906],[97.903,4.89],[97.977,4.673],[97.967,4.682],[97.964,4.668],[98.019,4.61],[98.019,4.587],[98.009,4.605],[97.976,4.564],[97.985,4.536],[98.04,4.548],[98.04,4.527],[98.065,4.554],[98.087,4.523],[98.163,4.507],[98.238,4.461],[98.236,4.436],[98.252,4.445],[98.286,4.418],[98.28,4.331],[98.252,4.289]]],[[[95.733,2.832],[95.789,2.826],[95.763,2.861],[95.791,2.929],[95.807,2.928],[95.8,2.912],[95.826,2.92],[95.823,2.899],[95.836,2.895],[95.836,2.915],[95.904,2.896],[95.913,2.845],[95.877,2.872],[95.879,2.833],[95.911,2.828],[95.916,2.844],[95.931,2.825],[95.976,2.811],[95.981,2.791],[96.027,2.756],[96.063,2.76],[96.1,2.754],[96.096,2.752],[96.084,2.756],[96.08,2.736],[96.09,2.747],[96.118,2.735],[96.117,2.711],[96.128,2.7],[96.146,2.711],[96.152,2.689],[96.092,2.684],[96.102,2.65],[96.118,2.636],[96.155,2.645],[96.183,2.616],[96.185,2.65],[96.162,2.678],[96.241,2.615],[96.253,2.585],[96.351,2.546],[96.339,2.524],[96.365,2.517],[96.369,2.487],[96.393,2.475],[96.385,2.456],[96.406,2.456],[96.409,2.511],[96.426,2.477],[96.431,2.491],[96.467,2.461],[96.467,2.428],[96.487,2.412],[96.477,2.397],[96.499,2.363],[96.444,2.329],[96.387,2.349],[96.344,2.341],[96.314,2.359],[96.336,2.39],[96.313,2.386],[96.315,2.418],[96.229,2.442],[96.161,2.512],[96.129,2.52],[96.076,2.57],[96.056,2.563],[96.011,2.591],[95.997,2.566],[95.98,2.588],[95.95,2.569],[95.915,2.599],[95.887,2.602],[95.888,2.621],[95.859,2.637],[95.839,2.622],[95.82,2.646],[95.799,2.629],[95.792,2.666],[95.755,2.699],[95.765,2.711],[95.751,2.73],[95.696,2.755],[95.692,2.775],[95.733,2.832]]],[[[97.237,2.235],[97.298,2.23],[97.306,2.208],[97.293,2.2],[97.311,2.175],[97.331,2.172],[97.333,2.152],[97.339,2.165],[97.348,2.124],[97.337,2.117],[97.36,2.093],[97.339,2.033],[97.337,2.06],[97.314,2.057],[97.269,2.105],[97.263,2.134],[97.231,2.15],[97.234,2.168],[97.223,2.156],[97.214,2.179],[97.174,2.178],[97.113,2.215],[97.18,2.234],[97.195,2.202],[97.222,2.206],[97.237,2.235]]],[[[95.239,5.851],[95.216,5.907],[95.293,5.838],[95.304,5.841],[95.302,5.873],[95.315,5.866],[95.324,5.882],[95.311,5.894],[95.328,5.901],[95.374,5.847],[95.375,5.806],[95.346,5.827],[95.33,5.773],[95.285,5.78],[95.258,5.842],[95.239,5.851]]],[[[95.057,5.647],[95.07,5.668],[95.044,5.671],[95.059,5.685],[95.039,5.707],[95.059,5.72],[95.046,5.737],[95.011,5.724],[95.03,5.751],[95.069,5.747],[95.075,5.722],[95.106,5.712],[95.105,5.695],[95.144,5.666],[95.073,5.668],[95.078,5.657],[95.057,5.647]]],[[[97.077,2.079],[97.099,2.091],[97.099,2.114],[97.154,2.086],[97.164,2.072],[97.152,2.053],[97.119,2.036],[97.124,2.006],[97.114,2.003],[97.077,2.079]]],[[[96.617,2.113],[96.663,2.123],[96.688,2.086],[96.635,2.061],[96.614,2.082],[96.617,2.113]]],[[[95.128,5.625],[95.145,5.636],[95.138,5.659],[95.155,5.66],[95.194,5.605],[95.148,5.592],[95.138,5.607],[95.127,5.595],[95.128,5.625]]]]}},{"type":"Feature","id":2,"properties":{"province_id":2,"province":"Sumatera Utara","iso":"ID-SU"},"geometry":{"type":"MultiPolygon","coordinates":[[[[98.145,2.153],[98.188,2.323],[98.154,2.415],[98.112,2.424],[98.109,2.471],[98.08,2.527],[98.084,2.632],[98.129,2.662],[98.103,2.687],[98.086,2.738],[98.112,2.79],[98.092,2.821],[98.043,2.826],[98.007,2.89],[97.955,2.902],[97.957,2.973],[97.941,2.991],[97.931,3.063],[97.975,3.07],[97.981,3.123],[97.944,3.162],[97.927,3.225],[97.872,3.249],[97.985,3.276],[98.019,3.299],[98.027,3.331],[98.003,3.37],[97.95,3.392],[97.932,3.445],[97.956,3.481],[97.921,3.498],[97.904,3.557],[97.867,3.575],[97.869,3.612],[97.799,3.726],[97.91,3.823],[97.921,3.844],[97.904,3.911],[97.949,3.891],[97.958,3.929],[98.024,3.973],[98.03,4.026],[98.046,4.037],[98.041,4.104],[98.053,4.108],[98.054,4.143],[98.074,4.15],[98.059,4.191],[98.091,4.197],[98.095,4.217],[98.067,4.253],[98.122,4.256],[98.146,4.266],[98.147,4.29],[98.2,4.302],[98.215,4.287],[98.252,4.289],[98.24,4.27],[98.255,4.203],[98.162,4.151],[98.274,4.121],[98.298,4.106],[98.311,4.072],[98.388,4.077],[98.436,4.041],[98.491,4.03],[98.489,4.01],[98.54,4.011],[98.553,3.944],[98.689,3.892],[98.709,3.8],[98.692,3.788],[98.72,3.795],[98.706,3.772],[98.748,3.767],[98.781,3.725],[98.871,3.689],[98.956,3.676],[99.21,3.528],[99.278,3.472],[99.29,3.478],[99.33,3.427],[99.324,3.412],[99.339,3.424],[99.486,3.346],[99.487,3.32],[99.538,3.253],[99.69,3.205],[99.759,3.168],[99.768,3.139],[99.859,3.038],[99.891,3.039],[99.919,2.987],[99.979,2.943],[99.987,2.96],[99.993,2.782],[99.949,2.697],[99.965,2.678],[100.015,2.671],[99.991,2.643],[100.031,2.617],[100.001,2.579],[99.972,2.591],[99.996,2.571],[100.036,2.608],[100.034,2.631],[99.997,2.647],[100.031,2.668],[100.001,2.701],[99.969,2.705],[100.035,2.741],[100.086,2.712],[100.092,2.615],[100.11,2.55],[100.134,2.51],[100.081,2.473],[100.143,2.51],[100.165,2.501],[100.148,2.486],[100.149,2.467],[100.184,2.465],[100.198,2.433],[100.222,2.443],[100.217,2.446],[100.201,2.436],[100.185,2.47],[100.149,2.474],[100.174,2.505],[100.143,2.524],[100.122,2.646],[100.164,2.706],[100.22,2.705],[100.238,2.639],[100.315,2.556],[100.277,2.38],[100.276,2.317],[100.307,2.216],[100.321,2.088],[100.296,1.905],[100.379,1.812],[100.434,1.667],[100.44,1.607],[100.406,1.562],[100.072,1.391],[100.085,1.343],[100.121,1.307],[100.144,1.227],[100.213,1.18],[100.221,1.153],[100.215,0.873],[100.174,0.82],[100.181,0.754],[100.135,0.75],[99.858,0.865],[99.764,0.864],[99.713,0.895],[99.699,0.883],[99.704,0.856],[99.791,0.78],[99.818,0.712],[99.864,0.666],[99.915,0.569],[99.91,0.5],[99.83,0.462],[99.774,0.484],[99.717,0.454],[99.675,0.475],[99.64,0.547],[99.587,0.517],[99.533,0.52],[99.503,0.54],[99.404,0.492],[99.312,0.344],[99.236,0.328],[99.191,0.288],[99.166,0.236],[99.139,0.251],[99.161,0.289],[99.146,0.333],[99.109,0.346],[99.141,0.398],[99.129,0.478],[99.113,0.511],[99.095,0.503],[99.089,0.529],[99.108,0.534],[99.107,0.578],[99.086,0.62],[99.067,0.632],[99.051,0.622],[99.046,0.638],[99.066,0.659],[99.047,0.671],[99.062,0.69],[99.058,0.742],[99.012,0.825],[98.995,0.821],[98.971,0.847],[98.986,0.853],[98.974,0.922],[98.912,1.12],[98.842,1.278],[98.851,1.316],[98.784,1.424],[98.763,1.496],[98.713,1.561],[98.731,1.567],[98.762,1.527],[98.783,1.578],[98.808,1.567],[98.799,1.593],[98.827,1.604],[98.842,1.637],[98.82,1.661],[98.825,1.678],[98.787,1.691],[98.782,1.717],[98.797,1.725],[98.742,1.783],[98.671,1.78],[98.683,1.775],[98.67,1.768],[98.702,1.77],[98.717,1.754],[98.732,1.768],[98.734,1.718],[98.674,1.743],[98.603,1.844],[98.564,1.868],[98.512,1.94],[98.496,1.936],[98.497,1.954],[98.464,1.987],[98.376,2.016],[98.359,2.002],[98.368,2.021],[98.34,2.046],[98.264,2.028],[98.264,2.06],[98.145,2.153]]],[[[97.78,0.561],[97.744,0.554],[97.737,0.582],[97.712,0.56],[97.686,0.584],[97.696,0.619],[97.662,0.676],[97.667,0.702],[97.633,0.8],[97.486,0.94],[97.417,0.95],[97.406,0.94],[97.408,0.98],[97.379,1.06],[97.321,1.159],[97.296,1.168],[97.287,1.202],[97.258,1.218],[97.254,1.259],[97.206,1.268],[97.155,1.364],[97.096,1.408],[97.071,1.391],[97.061,1.415],[97.136,1.432],[97.181,1.396],[97.19,1.419],[97.203,1.401],[97.271,1.417],[97.346,1.481],[97.34,1.537],[97.369,1.531],[97.396,1.499],[97.416,1.522],[97.44,1.473],[97.481,1.479],[97.516,1.427],[97.541,1.42],[97.543,1.39],[97.678,1.217],[97.687,1.182],[97.799,1.151],[97.857,1.065],[97.897,1.055],[97.947,0.954],[97.908,0.904],[97.894,0.856],[97.912,0.801],[97.887,0.743],[97.901,0.625],[97.837,0.558],[97.82,0.568],[97.828,0.544],[97.78,0.561]]],[[[98.438,-0.247],[98.485,-0.296],[98.507,-0.373],[98.522,-0.38],[98.515,-0.396],[98.5,-0.392],[98.514,-0.414],[98.506,-0.493],[98.48,-0.506],[98.506,-0.556],[98.493,-0.572],[98.489,-0.55],[98.471,-0.57],[98.478,-0.536],[98.453,-0.545],[98.43,-0.532],[98.418,-0.598],[98.393,-0.562],[98.288,-0.523],[98.324,-0.507],[98.332,-0.524],[98.35,-0.514],[98.355,-0.471],[98.377,-0.458],[98.384,-0.343],[98.445,-0.298],[98.414,-0.243],[98.438,-0.247]]],[[[98.853,0.108],[98.854,0.081],[98.783,0.096],[98.736,0.07],[98.673,0.079],[98.629,0.065],[98.646,0.079],[98.63,0.094],[98.536,0.102],[98.525,0.142],[98.567,0.173],[98.612,0.181],[98.71,0.175],[98.72,0.148],[98.715,0.161],[98.76,0.154],[98.775,0.169],[98.82,0.152],[98.853,0.108]]],[[[98.389,0.006],[98.397,-0.014],[98.415,0.002],[98.419,-0.037],[98.471,-0.094],[98.469,-0.108],[98.479,-0.122],[98.485,-0.124],[98.479,-0.135],[98.489,-0.137],[98.475,-0.148],[98.493,-0.21],[98.574,-0.283],[98.568,-0.331],[98.538,-0.342],[98.557,-0.39],[98.505,-0.292],[98.368,-0.107],[98.389,-0.103],[98.354,-0.049],[98.294,-0.021],[98.389,0.006]]],[[[98.459,1.701],[98.486,1.7],[98.506,1.678],[98.495,1.654],[98.535,1.64],[98.548,1.682],[98.572,1.669],[98.57,1.651],[98.588,1.665],[98.611,1.613],[98.552,1.62],[98.541,1.636],[98.501,1.624],[98.461,1.638],[98.443,1.67],[98.459,1.701]]]]}},{"type":"Feature","id":3,"properties":{"province_id":3,"province":"Sumatera Barat","iso":"ID-SB"},"geometry":{"type":"MultiPolygon","coordinates":[[[[101.293,-2.277],[101.245,-2.345],[101.025,-2.484],[100.994,-2.432],[100.892,-2.327],[100.875,-2.244],[100.821,-2.154],[100.867,-2.095],[100.88,-2.049],[100.864,-1.928],[100.685,-1.66],[100.644,-1.622],[100.624,-1.503],[100.597,-1.493],[100.561,-1.442],[100.584,-1.421],[100.558,-1.406],[100.593,-1.394],[100.578,-1.37],[100.561,-1.372],[100.575,-1.358],[100.568,-1.337],[100.544,-1.31],[100.489,-1.299],[100.452,-1.258],[100.423,-1.277],[100.401,-1.271],[100.407,-1.237],[100.433,-1.255],[100.436,-1.231],[100.421,-1.225],[100.431,-1.202],[100.38,-1.178],[100.379,-1.146],[100.348,-1.172],[100.361,-1.127],[100.385,-1.116],[100.364,-1.076],[100.382,-1.064],[100.409,-1.075],[100.414,-1.058],[100.399,-1.029],[100.378,-1.04],[100.391,-1.009],[100.382,-0.993],[100.365,-1.005],[100.348,-0.969],[100.343,-0.889],[100.325,-0.851],[100.128,-0.646],[100.052,-0.517],[99.914,-0.403],[99.887,-0.347],[99.818,-0.3],[99.798,-0.22],[99.748,-0.145],[99.763,-0.068],[99.742,-0.031],[99.606,0.072],[99.484,0.129],[99.398,0.15],[99.392,0.186],[99.372,0.192],[99.377,0.208],[99.353,0.231],[99.284,0.235],[99.263,0.202],[99.21,0.216],[99.19,0.254],[99.166,0.229],[99.191,0.288],[99.236,0.328],[99.327,0.357],[99.404,0.492],[99.503,0.54],[99.533,0.52],[99.587,0.517],[99.64,0.547],[99.675,0.475],[99.717,0.454],[99.774,0.484],[99.83,0.462],[99.91,0.5],[99.915,0.569],[99.864,0.666],[99.818,0.712],[99.791,0.78],[99.704,0.856],[99.699,0.883],[99.713,0.895],[99.764,0.864],[99.858,0.865],[100.135,0.75],[100.181,0.754],[100.208,0.706],[100.159,0.657],[100.162,0.626],[100.259,0.455],[100.364,0.41],[100.497,0.445],[100.578,0.37],[100.669,0.331],[100.755,0.255],[100.813,0.268],[100.842,0.19],[100.824,0.118],[100.85,0.055],[100.845,0.015],[100.809,-0.041],[100.777,-0.012],[100.734,-0.043],[100.754,-0.08],[100.793,-0.1],[100.796,-0.122],[100.767,-0.12],[100.762,-0.141],[100.783,-0.191],[100.776,-0.214],[100.805,-0.267],[100.839,-0.291],[100.833,-0.32],[100.847,-0.339],[100.861,-0.332],[100.908,-0.372],[100.925,-0.343],[100.915,-0.326],[100.996,-0.314],[101.036,-0.349],[101.043,-0.384],[101.025,-0.398],[101.069,-0.501],[101.106,-0.502],[101.162,-0.536],[101.254,-0.625],[101.308,-0.627],[101.36,-0.659],[101.355,-0.687],[101.396,-0.7],[101.408,-0.721],[101.396,-0.739],[101.482,-0.781],[101.503,-0.811],[101.597,-0.85],[101.646,-0.908],[101.65,-0.934],[101.822,-0.977],[101.825,-1.094],[101.86,-1.114],[101.873,-1.095],[101.886,-1.1],[101.814,-1.215],[101.71,-1.241],[101.687,-1.278],[101.717,-1.354],[101.689,-1.391],[101.719,-1.427],[101.699,-1.473],[101.562,-1.576],[101.496,-1.674],[101.447,-1.689],[101.416,-1.671],[101.268,-1.691],[101.221,-1.715],[101.188,-1.677],[101.162,-1.698],[101.123,-1.677],[101.139,-1.905],[101.19,-1.985],[101.24,-2.017],[101.273,-2.082],[101.307,-2.218],[101.293,-2.277]]],[[[98.898,-0.906],[98.912,-0.914],[98.911,-0.941],[98.902,-0.927],[98.899,-0.942],[98.907,-0.946],[98.93,-0.934],[98.952,-1.013],[98.945,-1.017],[98.92,-0.988],[98.936,-1.062],[98.949,-1.09],[98.958,-1.091],[98.959,-1.077],[99.002,-1.118],[99.009,-1.166],[99.041,-1.205],[99.026,-1.222],[99.053,-1.229],[99.068,-1.252],[99.072,-1.269],[99.053,-1.273],[99.065,-1.289],[99.051,-1.295],[99.069,-1.303],[99.078,-1.291],[99.098,-1.362],[99.117,-1.378],[99.102,-1.388],[99.114,-1.397],[99.129,-1.386],[99.128,-1.409],[99.145,-1.398],[99.171,-1.47],[99.115,-1.44],[99.185,-1.521],[99.195,-1.509],[99.203,-1.52],[99.198,-1.579],[99.23,-1.609],[99.26,-1.593],[99.29,-1.637],[99.27,-1.646],[99.293,-1.653],[99.275,-1.662],[99.284,-1.699],[99.302,-1.719],[99.28,-1.752],[99.22,-1.625],[99.2,-1.641],[99.216,-1.64],[99.241,-1.677],[99.221,-1.664],[99.263,-1.773],[99.241,-1.797],[99.17,-1.779],[99.108,-1.812],[98.876,-1.677],[98.825,-1.616],[98.837,-1.586],[98.804,-1.519],[98.603,-1.226],[98.596,-1.199],[98.656,-1.09],[98.663,-0.98],[98.712,-0.945],[98.793,-0.957],[98.898,-0.906]]],[[[100.177,-2.812],[100.189,-2.791],[100.236,-2.784],[100.268,-2.843],[100.354,-2.9],[100.436,-3.006],[100.471,-3.02],[100.465,-3.034],[100.448,-3.025],[100.459,-3.052],[100.469,-3.046],[100.458,-3.115],[100.472,-3.143],[100.359,-3.163],[100.367,-3.172],[100.397,-3.176],[100.411,-3.194],[100.393,-3.198],[100.375,-3.18],[100.464,-3.313],[100.465,-3.347],[100.442,-3.346],[100.417,-3.308],[100.38,-3.288],[100.379,-3.256],[100.334,-3.243],[100.326,-3.208],[100.35,-3.23],[100.37,-3.228],[100.327,-3.178],[100.341,-3.163],[100.333,-3.133],[100.292,-3.081],[100.265,-3.091],[100.248,-3.082],[100.263,-3.068],[100.248,-3.061],[100.255,-3.048],[100.233,-3.058],[100.223,-3.023],[100.189,-2.991],[100.181,-2.963],[100.203,-2.934],[100.177,-2.812]]],[[[100.018,-2.812],[99.984,-2.774],[100.013,-2.742],[100.0,-2.7],[100.013,-2.683],[99.977,-2.63],[99.989,-2.609],[99.964,-2.571],[99.976,-2.565],[99.971,-2.513],[99.993,-2.503],[100.072,-2.58],[100.173,-2.648],[100.223,-2.752],[100.218,-2.776],[100.142,-2.808],[100.145,-2.841],[100.093,-2.829],[100.075,-2.842],[100.051,-2.815],[100.042,-2.852],[100.021,-2.851],[99.997,-2.831],[100.015,-2.83],[100.018,-2.812]]],[[[99.86,-2.403],[99.843,-2.397],[99.838,-2.364],[99.799,-2.371],[99.783,-2.344],[99.738,-2.345],[99.672,-2.288],[99.633,-2.29],[99.626,-2.273],[99.615,-2.293],[99.601,-2.284],[99.609,-2.246],[99.593,-2.253],[99.589,-2.222],[99.575,-2.246],[99.528,-2.154],[99.573,-2.148],[99.546,-2.075],[99.566,-2.063],[99.562,-2.042],[99.588,-2.025],[99.584,-2.04],[99.626,-2.029],[99.616,-2.04],[99.637,-2.034],[99.702,-2.085],[99.721,-2.183],[99.78,-2.255],[99.782,-2.292],[99.813,-2.297],[99.86,-2.403]]]]}},{"type":"Feature","id":4,"properties":{"province_id":4,"province":"Riau","iso":"ID-RI"},"geometry":{"type":"MultiPolygon","coordinates":[[[[103.485,-0.77],[103.41,-0.774],[103.36,-0.803],[103.346,-0.786],[103.126,-0.746],[103.009,-0.755],[102.913,-0.886],[102.79,-0.977],[102.77,-1.008],[102.779,-1.027],[102.755,-1.024],[102.73,-1.072],[102.685,-1.079],[102.667,-1.109],[102.638,-1.12],[102.617,-1.095],[102.484,-1.081],[102.443,-1.025],[102.382,-1.027],[102.386,-0.993],[102.326,-0.963],[102.307,-0.917],[102.256,-0.922],[102.204,-0.949],[102.165,-0.899],[102.139,-0.899],[102.117,-0.921],[102.062,-0.89],[102.042,-0.9],[101.984,-0.88],[101.962,-0.912],[101.947,-0.9],[101.921,-0.911],[101.907,-0.951],[101.855,-0.965],[101.845,-0.983],[101.65,-0.934],[101.646,-0.908],[101.597,-0.85],[101.503,-0.811],[101.482,-0.781],[101.396,-0.739],[101.408,-0.721],[101.396,-0.7],[101.355,-0.687],[101.36,-0.659],[101.308,-0.627],[101.254,-0.625],[101.162,-0.536],[101.106,-0.502],[101.069,-0.501],[101.025,-0.398],[101.043,-0.384],[101.036,-0.349],[100.996,-0.314],[100.915,-0.326],[100.925,-0.343],[100.908,-0.372],[100.861,-0.332],[100.847,-0.339],[100.833,-0.32],[100.839,-0.291],[100.805,-0.267],[100.776,-0.214],[100.783,-0.191],[100.762,-0.141],[100.767,-0.12],[100.796,-0.122],[100.793,-0.1],[100.754,-0.08],[100.734,-0.043],[100.777,-0.012],[100.809,-0.041],[100.845,0.015],[100.85,0.055],[100.824,0.118],[100.842,0.19],[100.813,0.268],[100.755,0.255],[100.669,0.331],[100.578,0.37],[100.497,0.445],[100.364,0.41],[100.299,0.433],[100.259,0.455],[100.162,0.626],[100.159,0.657],[100.208,0.706],[100.181,0.754],[100.174,0.82],[100.215,0.873],[100.221,1.153],[100.213,1.18],[100.144,1.227],[100.121,1.307],[100.085,1.343],[100.072,1.391],[100.406,1.562],[100.44,1.607],[100.434,1.667],[100.379,1.812],[100.296,1.905],[100.321,2.088],[100.307,2.216],[100.276,2.317],[100.277,2.38],[100.315,2.556],[100.395,2.321],[100.475,2.227],[100.566,2.157],[100.783,2.075],[100.881,1.96],[100.892,1.965],[100.887,2.022],[100.877,2.044],[100.789,2.119],[100.766,2.27],[100.866,2.298],[101.04,2.292],[101.057,2.28],[101.078,2.211],[101.305,2.039],[101.364,1.829],[101.357,1.778],[101.41,1.698],[101.478,1.683],[101.561,1.637],[101.665,1.665],[101.753,1.664],[102.005,1.458],[102.148,1.379],[102.159,1.362],[102.15,1.268],[102.164,1.231],[102.196,1.217],[102.209,1.189],[102.192,1.087],[102.227,1.002],[102.339,0.901],[102.422,0.8],[102.51,0.748],[102.571,0.737],[102.674,0.756],[102.764,0.733],[102.883,0.733],[103.021,0.592],[103.097,0.493],[103.108,0.456],[103.188,0.461],[103.248,0.502],[103.299,0.511],[103.328,0.544],[103.407,0.526],[103.584,0.395],[103.605,0.352],[103.713,0.305],[103.77,0.187],[103.784,0.064],[103.814,-0.005],[103.686,-0.022],[103.663,-0.052],[103.595,-0.025],[103.593,-0.052],[103.565,-0.055],[103.556,-0.072],[103.595,-0.092],[103.584,-0.104],[103.527,-0.123],[103.463,-0.112],[103.446,-0.089],[103.454,-0.112],[103.501,-0.146],[103.471,-0.172],[103.438,-0.143],[103.405,-0.149],[103.454,-0.161],[103.462,-0.175],[103.438,-0.196],[103.45,-0.214],[103.515,-0.202],[103.71,-0.257],[103.787,-0.342],[103.698,-0.355],[103.597,-0.396],[103.604,-0.435],[103.542,-0.504],[103.439,-0.519],[103.42,-0.603],[103.431,-0.614],[103.401,-0.639],[103.421,-0.666],[103.389,-0.718],[103.464,-0.737],[103.485,-0.77]]],[[[101.388,1.907],[101.406,2.023],[101.466,2.063],[101.522,2.036],[101.558,2.045],[101.578,2.032],[101.568,2.065],[101.656,2.125],[101.717,2.084],[101.726,2.045],[101.781,1.98],[101.786,1.937],[101.751,1.879],[101.731,1.759],[101.616,1.688],[101.452,1.729],[101.388,1.907]]],[[[102.656,0.788],[102.589,0.766],[102.511,0.786],[102.413,0.854],[102.408,0.885],[102.448,0.935],[102.481,0.927],[102.59,1.001],[102.641,0.989],[102.741,1.022],[102.745,0.998],[102.696,0.951],[102.692,0.936],[102.699,0.927],[102.715,0.931],[102.747,0.906],[102.777,0.913],[102.791,0.94],[102.782,0.929],[102.779,0.922],[102.776,0.914],[102.76,0.92],[102.748,0.908],[102.717,0.934],[102.696,0.936],[102.765,1.01],[102.798,0.98],[102.879,0.952],[102.935,0.896],[103.046,0.826],[103.056,0.786],[103.049,0.719],[103.021,0.685],[102.99,0.693],[102.918,0.776],[102.853,0.793],[102.656,0.788]]],[[[102.473,1.251],[102.486,1.199],[102.44,1.064],[102.485,0.945],[102.436,0.949],[102.392,0.911],[102.283,0.994],[102.248,1.073],[102.244,1.207],[102.206,1.276],[102.229,1.347],[102.213,1.412],[102.296,1.409],[102.375,1.325],[102.473,1.251]]],[[[102.387,1.334],[102.295,1.429],[102.186,1.438],[102.107,1.467],[102.027,1.539],[102.002,1.601],[102.065,1.605],[102.461,1.518],[102.496,1.469],[102.508,1.256],[102.387,1.334]]],[[[102.656,1.011],[102.624,1.018],[102.656,1.032],[102.678,1.101],[102.735,1.152],[102.781,1.158],[102.902,1.122],[103.003,1.072],[103.152,0.9],[103.155,0.85],[103.12,0.83],[103.071,0.834],[102.881,0.968],[102.804,0.995],[102.794,1.028],[102.816,1.032],[102.839,1.054],[102.874,1.045],[102.876,1.051],[102.868,1.06],[102.882,1.058],[102.862,1.071],[102.848,1.074],[102.822,1.068],[102.817,1.072],[102.811,1.035],[102.795,1.036],[102.778,1.019],[102.736,1.04],[102.656,1.011]]],[[[103.154,0.676],[103.182,0.697],[103.248,0.688],[103.299,0.617],[103.288,0.533],[103.167,0.499],[103.139,0.558],[103.154,0.676]]],[[[102.609,1.005],[102.59,1.003],[102.499,0.945],[102.459,1.066],[102.479,1.123],[102.538,1.129],[102.615,1.045],[102.609,1.005]]],[[[100.735,2.262],[100.752,2.254],[100.778,2.185],[100.785,2.121],[100.742,2.144],[100.721,2.176],[100.712,2.227],[100.735,2.262]]],[[[100.876,2.035],[100.883,1.998],[100.87,1.996],[100.793,2.095],[100.818,2.09],[100.876,2.035]]],[[[103.029,0.636],[103.034,0.659],[103.056,0.651],[103.084,0.59],[103.07,0.565],[103.066,0.565],[103.029,0.636]]]]}},{"type":"Feature","id":5,"properties":{"province_id":5,"province":"Kepulauan Riau","iso":"ID-KR"},"geometry":{"type":"MultiPolygon","coordinates":[[[[108.387,3.793],[108.313,3.737],[108.298,3.659],[108.224,3.663],[108.157,3.629],[108.127,3.674],[108.091,3.678],[108.093,3.694],[108.118,3.745],[108.149,3.744],[108.155,3.765],[108.201,3.772],[108.276,3.715],[108.233,3.817],[108.223,3.789],[108.061,3.835],[108.019,3.88],[108.029,3.906],[107.99,3.943],[107.994,3.983],[107.963,4.005],[108.015,4.028],[108.023,4.056],[108.064,4.065],[108.226,4.233],[108.242,4.216],[108.226,4.19],[108.234,4.129],[108.265,4.092],[108.299,4.087],[108.294,4.056],[108.344,4.017],[108.347,3.999],[108.403,3.964],[108.382,3.931],[108.39,3.897],[108.354,3.901],[108.378,3.878],[108.377,3.856],[108.409,3.886],[108.387,3.793]]],[[[104.414,0.975],[104.483,0.973],[104.491,0.981],[104.441,1.001],[104.496,1.035],[104.487,1.036],[104.477,1.027],[104.453,1.054],[104.417,1.04],[104.417,1.055],[104.403,1.055],[104.405,1.034],[104.381,1.021],[104.379,1.011],[104.339,1.025],[104.332,0.995],[104.256,1.002],[104.226,1.02],[104.237,1.038],[104.215,1.066],[104.239,1.124],[104.328,1.138],[104.318,1.16],[104.331,1.165],[104.31,1.178],[104.339,1.19],[104.371,1.179],[104.379,1.197],[104.407,1.202],[104.499,1.168],[104.537,1.182],[104.552,1.224],[104.584,1.229],[104.578,1.155],[104.598,1.126],[104.633,1.111],[104.658,1.045],[104.636,0.99],[104.66,0.914],[104.62,0.9],[104.61,0.827],[104.593,0.809],[104.555,0.814],[104.52,0.826],[104.516,0.846],[104.475,0.85],[104.494,0.875],[104.439,0.906],[104.438,0.926],[104.466,0.932],[104.476,0.919],[104.482,0.931],[104.421,0.952],[104.414,0.975]]],[[[104.495,0.0],[104.507,0.007],[104.512,-0.009],[104.558,-0.0],[104.552,0.029],[104.61,-0.013],[104.668,-0.075],[104.652,-0.086],[104.628,-0.076],[104.633,-0.098],[104.668,-0.115],[104.664,-0.085],[104.687,-0.088],[104.735,-0.143],[104.75,-0.188],[104.816,-0.204],[104.813,-0.154],[104.829,-0.135],[104.89,-0.224],[104.952,-0.275],[104.999,-0.28],[105.002,-0.304],[104.917,-0.278],[104.9,-0.294],[104.906,-0.316],[104.929,-0.325],[104.919,-0.336],[104.848,-0.322],[104.703,-0.202],[104.599,-0.25],[104.565,-0.241],[104.522,-0.275],[104.499,-0.244],[104.43,-0.237],[104.428,-0.185],[104.475,-0.159],[104.471,-0.138],[104.506,-0.13],[104.511,-0.062],[104.495,0.0]]],[[[104.447,-0.344],[104.483,-0.337],[104.5,-0.361],[104.531,-0.365],[104.601,-0.468],[104.591,-0.494],[104.565,-0.502],[104.534,-0.541],[104.505,-0.644],[104.456,-0.621],[104.43,-0.574],[104.397,-0.603],[104.388,-0.665],[104.359,-0.683],[104.318,-0.542],[104.331,-0.513],[104.322,-0.511],[104.309,-0.54],[104.244,-0.486],[104.259,-0.477],[104.276,-0.399],[104.311,-0.39],[104.325,-0.34],[104.338,-0.388],[104.311,-0.417],[104.345,-0.445],[104.347,-0.389],[104.364,-0.408],[104.403,-0.408],[104.447,-0.344]]],[[[103.89,1.097],[103.914,1.099],[103.92,1.074],[103.937,1.083],[103.92,1.143],[103.948,1.132],[103.949,1.135],[103.942,1.139],[103.944,1.145],[103.961,1.144],[103.966,1.125],[103.978,1.137],[104.0,1.12],[103.985,1.144],[104.001,1.147],[104.006,1.187],[104.025,1.192],[104.024,1.175],[104.053,1.167],[104.048,1.136],[104.075,1.12],[104.079,1.145],[104.095,1.147],[104.069,1.167],[104.083,1.195],[104.104,1.197],[104.144,1.163],[104.137,1.04],[104.106,1.044],[104.083,1.029],[104.101,0.983],[104.072,0.999],[104.066,0.985],[104.032,1.015],[104.028,1.007],[104.039,0.997],[104.046,0.998],[104.041,0.983],[104.009,0.986],[103.99,1.026],[103.966,1.006],[103.943,1.009],[103.919,1.025],[103.89,1.097]]],[[[103.37,0.892],[103.397,0.888],[103.414,0.839],[103.426,0.83],[103.471,0.817],[103.511,0.761],[103.505,0.718],[103.459,0.638],[103.4,0.648],[103.405,0.681],[103.351,0.742],[103.345,0.803],[103.37,0.892]]],[[[105.851,2.987],[105.841,2.98],[105.851,2.957],[105.82,2.97],[105.811,2.945],[105.829,2.91],[105.795,2.909],[105.823,2.887],[105.785,2.907],[105.769,2.873],[105.722,2.873],[105.77,2.84],[105.727,2.817],[105.695,2.851],[105.706,2.924],[105.695,2.933],[105.715,2.962],[105.693,2.968],[105.712,2.983],[105.677,3.01],[105.692,3.006],[105.704,3.034],[105.69,3.061],[105.705,3.061],[105.718,3.033],[105.739,3.05],[105.723,2.988],[105.741,2.972],[105.788,2.974],[105.8,2.999],[105.851,2.987]]],[[[104.156,0.924],[104.153,0.895],[104.171,0.899],[104.167,0.867],[104.185,0.887],[104.181,0.868],[104.209,0.882],[104.234,0.876],[104.235,0.86],[104.263,0.863],[104.245,0.821],[104.169,0.787],[104.145,0.858],[104.121,0.862],[104.116,0.878],[104.092,0.871],[104.095,0.927],[104.078,0.96],[104.094,0.95],[104.12,0.962],[104.156,0.924]]],[[[108.847,2.851],[108.818,2.843],[108.776,2.892],[108.827,2.935],[108.838,2.996],[108.864,3.012],[108.889,3.003],[108.885,2.945],[108.87,2.937],[108.886,2.937],[108.885,2.88],[108.863,2.879],[108.847,2.851]]],[[[103.359,1.131],[103.371,1.123],[103.374,1.137],[103.39,1.12],[103.38,1.097],[103.398,1.057],[103.376,1.056],[103.423,1.047],[103.443,0.991],[103.352,1.005],[103.316,1.035],[103.31,1.054],[103.324,1.067],[103.311,1.087],[103.359,1.131]]],[[[104.546,0.141],[104.549,0.151],[104.565,0.14],[104.552,0.164],[104.537,0.15],[104.506,0.191],[104.529,0.189],[104.478,0.242],[104.53,0.21],[104.531,0.214],[104.528,0.221],[104.513,0.248],[104.526,0.238],[104.664,0.072],[104.702,0.049],[104.702,0.018],[104.633,0.062],[104.625,0.091],[104.604,0.082],[104.546,0.141]]],[[[106.275,3.178],[106.287,3.18],[106.291,3.161],[106.279,3.077],[106.256,3.119],[106.237,3.096],[106.224,3.131],[106.211,3.121],[106.198,3.23],[106.213,3.215],[106.228,3.23],[106.252,3.221],[106.279,3.193],[106.275,3.178]]],[[[103.968,0.966],[103.96,0.934],[103.943,0.926],[103.944,0.909],[103.832,0.99],[103.834,1.018],[103.857,1.013],[103.849,1.027],[103.868,1.037],[103.968,0.966]]],[[[103.821,0.752],[103.82,0.772],[103.758,0.804],[103.72,0.853],[103.725,0.882],[103.783,0.872],[103.834,0.812],[103.831,0.793],[103.821,0.752]]],[[[104.218,0.727],[104.197,0.721],[104.171,0.782],[104.19,0.775],[104.202,0.797],[104.213,0.783],[104.277,0.797],[104.258,0.77],[104.264,0.743],[104.311,0.708],[104.259,0.704],[104.254,0.721],[104.259,0.693],[104.218,0.727]]],[[[104.38,0.127],[104.43,0.091],[104.397,0.145],[104.406,0.162],[104.494,0.073],[104.486,0.044],[104.463,0.057],[104.495,0.015],[104.45,0.042],[104.38,0.127]]],[[[106.284,3.227],[106.227,3.26],[106.248,3.291],[106.235,3.302],[106.243,3.342],[106.26,3.36],[106.265,3.336],[106.282,3.384],[106.307,3.367],[106.291,3.348],[106.289,3.252],[106.275,3.297],[106.259,3.287],[106.284,3.227]]],[[[109.028,2.483],[109.007,2.5],[109.034,2.515],[109.009,2.531],[108.979,2.521],[108.977,2.556],[109.007,2.56],[109.067,2.522],[109.12,2.531],[109.113,2.504],[109.082,2.489],[109.051,2.503],[109.028,2.483]]],[[[103.883,0.797],[103.83,0.848],[103.812,0.898],[103.864,0.88],[103.904,0.848],[103.883,0.797]]],[[[103.522,0.81],[103.528,0.766],[103.476,0.82],[103.42,0.844],[103.411,0.885],[103.453,0.857],[103.491,0.848],[103.522,0.81]]],[[[104.477,-0.279],[104.491,-0.306],[104.479,-0.319],[104.457,-0.308],[104.461,-0.327],[104.439,-0.33],[104.386,-0.298],[104.408,-0.282],[104.477,-0.279]]],[[[104.331,0.376],[104.425,0.327],[104.434,0.308],[104.399,0.315],[104.421,0.299],[104.39,0.289],[104.389,0.308],[104.382,0.297],[104.378,0.316],[104.374,0.305],[104.345,0.325],[104.338,0.341],[104.36,0.341],[104.331,0.376]]],[[[103.487,0.856],[103.435,0.87],[103.407,0.91],[103.422,0.911],[103.437,0.926],[103.475,0.915],[103.487,0.856]]],[[[107.965,4.668],[107.929,4.68],[107.993,4.773],[108.008,4.774],[108.006,4.757],[107.965,4.668]]],[[[106.213,3.298],[106.201,3.327],[106.189,3.301],[106.172,3.332],[106.201,3.345],[106.203,3.38],[106.223,3.394],[106.215,3.358],[106.238,3.345],[106.213,3.298]]],[[[107.555,0.995],[107.535,0.985],[107.533,1.026],[107.603,0.997],[107.586,0.976],[107.561,0.975],[107.569,0.962],[107.553,0.948],[107.551,0.97],[107.574,1.008],[107.543,0.972],[107.555,0.995]]],[[[103.748,1.03],[103.77,1.033],[103.775,1.051],[103.792,1.046],[103.805,0.972],[103.785,0.976],[103.748,1.03]]],[[[104.214,0.719],[104.267,0.668],[104.26,0.689],[104.279,0.672],[104.289,0.611],[104.264,0.621],[104.247,0.668],[104.214,0.719]]],[[[106.251,2.727],[106.203,2.757],[106.223,2.77],[106.195,2.809],[106.227,2.805],[106.247,2.773],[106.239,2.76],[106.254,2.761],[106.242,2.753],[106.251,2.727]]]]}},{"type":"Feature","id":6,"properties":{"province_id":6,"province":"Jambi","iso":"ID-JA"},"geometry":{"type":"Polygon","coordinates":[[[102.063,-2.77],[101.99,-2.723],[101.924,-2.741],[101.861,-2.724],[101.733,-2.608],[101.67,-2.529],[101.629,-2.546],[101.569,-2.545],[101.548,-2.569],[101.557,-2.449],[101.293,-2.277],[101.307,-2.218],[101.273,-2.082],[101.24,-2.017],[101.19,-1.985],[101.145,-1.918],[101.13,-1.851],[101.123,-1.677],[101.138,-1.681],[101.162,-1.698],[101.188,-1.677],[101.221,-1.715],[101.268,-1.691],[101.413,-1.671],[101.43,-1.69],[101.492,-1.677],[101.562,-1.576],[101.689,-1.488],[101.719,-1.427],[101.689,-1.399],[101.717,-1.354],[101.687,-1.278],[101.722,-1.234],[101.814,-1.215],[101.886,-1.1],[101.873,-1.095],[101.86,-1.114],[101.825,-1.094],[101.822,-0.977],[101.845,-0.983],[101.855,-0.965],[101.907,-0.951],[101.921,-0.911],[101.947,-0.9],[101.962,-0.912],[101.984,-0.88],[102.042,-0.9],[102.062,-0.89],[102.117,-0.921],[102.139,-0.899],[102.165,-0.899],[102.204,-0.949],[102.256,-0.922],[102.307,-0.917],[102.326,-0.963],[102.386,-0.993],[102.382,-1.027],[102.443,-1.025],[102.484,-1.081],[102.617,-1.095],[102.645,-1.12],[102.685,-1.079],[102.73,-1.072],[102.755,-1.024],[102.779,-1.027],[102.77,-1.008],[102.79,-0.977],[102.913,-0.886],[103.009,-0.755],[103.118,-0.746],[103.346,-0.786],[103.36,-0.803],[103.41,-0.774],[103.485,-0.77],[103.477,-0.796],[103.432,-0.821],[103.338,-0.833],[103.428,-0.83],[103.49,-0.803],[103.551,-0.813],[103.556,-0.856],[103.754,-0.992],[103.803,-0.994],[103.81,-1.065],[103.838,-1.089],[103.813,-1.06],[103.828,-1.02],[103.912,-0.982],[104.023,-0.999],[104.206,-1.07],[104.266,-1.043],[104.371,-1.028],[104.405,-1.125],[104.392,-1.217],[104.457,-1.337],[104.438,-1.509],[104.489,-1.661],[104.427,-1.631],[104.374,-1.64],[104.356,-1.671],[104.365,-1.71],[104.345,-1.738],[104.229,-1.741],[104.093,-1.786],[104.064,-1.773],[103.952,-1.774],[103.916,-1.745],[103.878,-1.743],[103.85,-1.755],[103.822,-1.796],[103.72,-1.801],[103.621,-1.835],[103.537,-1.904],[103.518,-2.102],[103.558,-2.14],[103.501,-2.175],[103.453,-2.178],[103.442,-2.213],[103.456,-2.263],[103.449,-2.358],[103.403,-2.334],[103.37,-2.287],[103.302,-2.237],[103.273,-2.148],[103.223,-2.137],[103.219,-2.172],[103.184,-2.19],[103.161,-2.234],[103.201,-2.27],[103.205,-2.321],[103.122,-2.357],[103.066,-2.341],[103.055,-2.318],[103.037,-2.316],[103.022,-2.35],[102.874,-2.311],[102.84,-2.372],[102.869,-2.391],[102.877,-2.418],[102.813,-2.483],[102.793,-2.539],[102.735,-2.582],[102.72,-2.559],[102.702,-2.59],[102.623,-2.624],[102.615,-2.662],[102.592,-2.683],[102.534,-2.678],[102.502,-2.702],[102.462,-2.703],[102.402,-2.687],[102.36,-2.65],[102.319,-2.654],[102.288,-2.626],[102.256,-2.623],[102.236,-2.64],[102.228,-2.692],[102.124,-2.727],[102.088,-2.767],[102.063,-2.77]]]}},{"type":"Feature","id":7,"properties":{"province_id":7,"province":"Bengkulu","iso":"ID-BE"},"geometry":{"type":"MultiPolygon","coordinates":[[[[101.025,-2.484],[101.245,-2.345],[101.293,-2.277],[101.557,-2.449],[101.548,-2.569],[101.569,-2.545],[101.629,-2.546],[101.67,-2.529],[101.733,-2.608],[101.861,-2.724],[101.924,-2.741],[101.99,-2.723],[102.026,-2.755],[102.06,-2.763],[102.083,-2.806],[102.125,-2.833],[102.133,-2.876],[102.218,-2.929],[102.253,-3.033],[102.289,-3.04],[102.323,-3.068],[102.39,-3.044],[102.462,-3.073],[102.492,-3.132],[102.488,-3.205],[102.502,-3.217],[102.492,-3.245],[102.586,-3.329],[102.633,-3.35],[102.79,-3.285],[102.812,-3.336],[102.868,-3.346],[102.898,-3.333],[102.901,-3.38],[102.956,-3.364],[102.998,-3.37],[103.01,-3.396],[102.994,-3.519],[102.97,-3.533],[102.956,-3.568],[102.902,-3.615],[102.859,-3.549],[102.814,-3.526],[102.806,-3.617],[102.746,-3.67],[102.734,-3.742],[102.66,-3.768],[102.62,-3.801],[102.663,-3.816],[102.684,-3.855],[102.743,-3.889],[102.822,-3.97],[102.877,-3.985],[102.907,-3.966],[102.969,-4.017],[103.09,-4.007],[103.128,-4.026],[103.152,-4.1],[103.184,-4.143],[103.183,-4.239],[103.296,-4.258],[103.365,-4.315],[103.46,-4.32],[103.473,-4.352],[103.513,-4.376],[103.564,-4.354],[103.6,-4.358],[103.625,-4.425],[103.572,-4.501],[103.636,-4.555],[103.598,-4.591],[103.641,-4.595],[103.686,-4.634],[103.705,-4.701],[103.682,-4.728],[103.773,-4.749],[103.772,-4.803],[103.72,-4.801],[103.708,-4.831],[103.639,-4.869],[103.625,-4.891],[103.605,-4.891],[103.596,-4.924],[103.534,-4.917],[103.525,-4.888],[103.482,-4.87],[103.413,-4.865],[103.404,-4.82],[103.382,-4.802],[103.329,-4.809],[103.31,-4.782],[103.319,-4.762],[103.284,-4.71],[103.151,-4.6],[103.015,-4.525],[102.901,-4.489],[102.893,-4.456],[102.796,-4.354],[102.292,-3.975],[102.266,-3.914],[102.276,-3.898],[102.292,-3.924],[102.307,-3.891],[102.282,-3.901],[102.302,-3.869],[102.248,-3.793],[102.262,-3.761],[102.233,-3.715],[102.245,-3.703],[102.231,-3.677],[102.099,-3.566],[101.924,-3.476],[101.898,-3.428],[101.616,-3.24],[101.521,-3.115],[101.525,-3.099],[101.488,-3.052],[101.48,-3.014],[101.403,-2.925],[101.323,-2.738],[101.144,-2.629],[101.025,-2.484]]],[[[102.088,-5.357],[102.094,-5.323],[102.135,-5.313],[102.146,-5.282],[102.237,-5.319],[102.276,-5.355],[102.386,-5.39],[102.367,-5.457],[102.339,-5.455],[102.375,-5.489],[102.356,-5.506],[102.312,-5.476],[102.303,-5.488],[102.282,-5.478],[102.266,-5.512],[102.204,-5.414],[102.168,-5.41],[102.088,-5.357]]]]}},{"type":"Feature","id":8,"properties":{"province_id":8,"province":"Sumatera Selatan","iso":"ID-SS"},"geometry":{"type":"Polygon","coordinates":[[[103.779,-4.795],[103.763,-4.741],[103.682,-4.728],[103.705,-4.701],[103.686,-4.634],[103.641,-4.595],[103.598,-4.591],[103.636,-4.555],[103.572,-4.501],[103.625,-4.425],[103.6,-4.358],[103.564,-4.354],[103.513,-4.376],[103.473,-4.352],[103.46,-4.32],[103.365,-4.315],[103.296,-4.258],[103.183,-4.239],[103.184,-4.143],[103.152,-4.1],[103.128,-4.026],[103.09,-4.007],[102.969,-4.017],[102.907,-3.966],[102.877,-3.985],[102.822,-3.97],[102.743,-3.889],[102.684,-3.855],[102.663,-3.816],[102.62,-3.801],[102.66,-3.768],[102.734,-3.742],[102.746,-3.67],[102.806,-3.617],[102.814,-3.526],[102.859,-3.549],[102.902,-3.615],[102.956,-3.568],[102.97,-3.533],[102.994,-3.519],[103.01,-3.396],[102.998,-3.37],[102.956,-3.364],[102.901,-3.38],[102.898,-3.333],[102.868,-3.346],[102.812,-3.336],[102.79,-3.285],[102.633,-3.35],[102.586,-3.329],[102.492,-3.245],[102.502,-3.217],[102.488,-3.205],[102.492,-3.132],[102.462,-3.073],[102.39,-3.044],[102.323,-3.068],[102.289,-3.04],[102.253,-3.033],[102.218,-2.929],[102.133,-2.876],[102.125,-2.833],[102.083,-2.806],[102.063,-2.767],[102.088,-2.767],[102.124,-2.727],[102.166,-2.708],[102.228,-2.692],[102.236,-2.64],[102.256,-2.623],[102.288,-2.626],[102.319,-2.654],[102.36,-2.65],[102.402,-2.687],[102.462,-2.703],[102.502,-2.702],[102.534,-2.678],[102.592,-2.683],[102.615,-2.662],[102.623,-2.624],[102.702,-2.59],[102.72,-2.559],[102.735,-2.582],[102.793,-2.539],[102.813,-2.483],[102.877,-2.418],[102.869,-2.391],[102.84,-2.372],[102.874,-2.311],[103.022,-2.35],[103.037,-2.316],[103.055,-2.318],[103.066,-2.341],[103.122,-2.357],[103.205,-2.321],[103.201,-2.27],[103.161,-2.234],[103.184,-2.19],[103.219,-2.172],[103.223,-2.137],[103.273,-2.148],[103.302,-2.237],[103.37,-2.287],[103.403,-2.334],[103.449,-2.358],[103.456,-2.263],[103.442,-2.213],[103.453,-2.178],[103.501,-2.175],[103.558,-2.14],[103.518,-2.102],[103.521,-2.03],[103.537,-1.904],[103.586,-1.858],[103.72,-1.801],[103.822,-1.796],[103.85,-1.755],[103.878,-1.743],[103.916,-1.745],[103.952,-1.774],[104.064,-1.773],[104.093,-1.786],[104.229,-1.741],[104.345,-1.738],[104.365,-1.71],[104.356,-1.671],[104.371,-1.642],[104.427,-1.631],[104.489,-1.661],[104.524,-1.709],[104.545,-1.778],[104.507,-1.806],[104.474,-1.862],[104.466,-1.911],[104.497,-1.932],[104.52,-1.927],[104.553,-1.854],[104.598,-1.877],[104.644,-1.925],[104.608,-1.963],[104.608,-1.998],[104.562,-2.001],[104.611,-2.005],[104.658,-1.964],[104.687,-1.993],[104.673,-2.02],[104.684,-2.055],[104.694,-2.011],[104.719,-1.994],[104.83,-2.005],[104.879,-2.053],[104.903,-2.192],[104.792,-2.278],[104.744,-2.36],[104.728,-2.352],[104.71,-2.367],[104.772,-2.391],[104.839,-2.337],[104.849,-2.284],[104.903,-2.28],[104.918,-2.292],[104.911,-2.334],[104.999,-2.331],[105.041,-2.356],[105.045,-2.377],[105.025,-2.393],[105.044,-2.391],[105.065,-2.362],[105.115,-2.378],[105.211,-2.327],[105.297,-2.372],[105.488,-2.388],[105.556,-2.4],[105.579,-2.419],[105.622,-2.391],[105.633,-2.434],[105.606,-2.573],[105.635,-2.644],[105.7,-2.685],[105.779,-2.682],[105.787,-2.873],[105.853,-2.953],[105.932,-2.962],[105.958,-2.944],[105.974,-2.965],[106.044,-2.988],[106.05,-3.127],[106.097,-3.229],[106.078,-3.264],[105.931,-3.358],[105.899,-3.42],[105.884,-3.422],[105.824,-3.594],[105.832,-3.712],[105.851,-3.741],[105.926,-3.775],[105.961,-3.831],[105.865,-4.03],[105.842,-4.163],[105.776,-4.111],[105.745,-4.145],[105.726,-4.131],[105.702,-4.137],[105.71,-4.104],[105.686,-4.099],[105.681,-4.076],[105.651,-4.086],[105.661,-4.046],[105.626,-4.04],[105.608,-4.057],[105.631,-4.005],[105.59,-3.954],[105.606,-3.933],[105.563,-3.929],[105.573,-3.903],[105.547,-3.881],[105.526,-3.895],[105.513,-3.873],[105.524,-3.84],[105.494,-3.842],[105.481,-3.822],[105.433,-3.827],[105.432,-3.784],[105.388,-3.779],[105.357,-3.797],[105.332,-3.724],[105.304,-3.794],[105.284,-3.798],[105.293,-3.841],[105.277,-3.877],[105.244,-3.907],[105.23,-3.89],[105.204,-3.892],[105.164,-3.939],[105.139,-3.936],[105.135,-3.99],[105.106,-4.015],[105.12,-4.047],[105.093,-4.048],[105.063,-4.121],[105.012,-4.173],[104.968,-4.172],[104.873,-4.219],[104.873,-4.234],[104.79,-4.262],[104.756,-4.245],[104.643,-4.246],[104.622,-4.217],[104.481,-4.291],[104.476,-4.308],[104.445,-4.301],[104.37,-4.353],[104.323,-4.456],[104.342,-4.601],[104.3,-4.642],[104.289,-4.68],[104.32,-4.701],[104.321,-4.752],[104.368,-4.798],[104.334,-4.871],[104.303,-4.884],[104.277,-4.865],[104.233,-4.879],[104.219,-4.86],[104.194,-4.861],[104.153,-4.915],[104.112,-4.92],[104.06,-4.886],[104.048,-4.9],[103.96,-4.913],[103.927,-4.876],[103.85,-4.918],[103.866,-4.846],[103.824,-4.821],[103.815,-4.788],[103.779,-4.795]]]}},{"type":"Feature","id":9,"properties":{"province_id":9,"province":"Kepulauan Bangka Belitung","iso":"ID-BB"},"geometry":{"type":"MultiPolygon","coordinates":[[[[105.951,-2.813],[105.953,-2.779],[105.92,-2.743],[105.887,-2.643],[105.892,-2.587],[105.938,-2.528],[105.936,-2.476],[105.88,-2.422],[105.835,-2.411],[105.803,-2.365],[105.827,-2.314],[105.788,-2.247],[105.788,-2.169],[105.727,-2.126],[105.592,-2.121],[105.56,-2.083],[105.505,-2.085],[105.447,-2.131],[105.418,-2.116],[105.364,-2.12],[105.305,-2.152],[105.228,-2.065],[105.132,-2.084],[105.126,-2.073],[105.11,-2.021],[105.127,-1.996],[105.127,-1.958],[105.162,-1.93],[105.268,-1.893],[105.36,-1.834],[105.388,-1.799],[105.4,-1.769],[105.379,-1.722],[105.321,-1.697],[105.361,-1.671],[105.345,-1.668],[105.347,-1.647],[105.389,-1.636],[105.392,-1.606],[105.418,-1.606],[105.461,-1.561],[105.535,-1.562],[105.566,-1.529],[105.806,-1.531],[105.916,-1.501],[105.912,-1.533],[105.925,-1.547],[105.981,-1.549],[106.049,-1.599],[106.055,-1.618],[106.033,-1.615],[106.022,-1.639],[106.031,-1.685],[106.095,-1.755],[106.105,-1.792],[106.13,-1.804],[106.119,-1.822],[106.135,-1.855],[106.187,-1.897],[106.162,-1.929],[106.151,-1.993],[106.156,-2.09],[106.229,-2.259],[106.237,-2.328],[106.301,-2.42],[106.38,-2.473],[106.447,-2.471],[106.482,-2.496],[106.572,-2.521],[106.849,-2.571],[106.807,-2.594],[106.821,-2.581],[106.791,-2.585],[106.773,-2.605],[106.764,-2.597],[106.711,-2.641],[106.663,-2.717],[106.601,-2.866],[106.595,-2.945],[106.609,-2.961],[106.677,-2.974],[106.695,-3.001],[106.744,-3.006],[106.729,-3.031],[106.739,-3.085],[106.706,-3.096],[106.687,-3.088],[106.66,-3.1],[106.643,-3.081],[106.586,-3.076],[106.556,-3.089],[106.554,-3.107],[106.514,-3.114],[106.493,-3.091],[106.493,-3.053],[106.442,-3.011],[106.428,-2.972],[106.337,-2.966],[106.324,-2.935],[106.276,-2.9],[106.233,-2.899],[106.182,-2.869],[106.142,-2.874],[106.096,-2.837],[105.951,-2.813]]],[[[107.598,-2.812],[107.581,-2.796],[107.63,-2.747],[107.628,-2.714],[107.613,-2.703],[107.647,-2.626],[107.629,-2.595],[107.669,-2.554],[107.761,-2.557],[107.816,-2.526],[107.833,-2.532],[107.833,-2.553],[107.903,-2.575],[107.923,-2.56],[107.959,-2.578],[107.99,-2.572],[108.011,-2.585],[108.002,-2.618],[108.025,-2.643],[108.043,-2.635],[108.042,-2.598],[108.089,-2.6],[108.156,-2.654],[108.153,-2.669],[108.197,-2.683],[108.267,-2.747],[108.298,-2.848],[108.294,-2.879],[108.254,-2.913],[108.248,-2.952],[108.21,-3.008],[108.217,-3.053],[108.182,-3.119],[108.207,-3.147],[108.145,-3.174],[108.082,-3.169],[108.069,-3.187],[108.087,-3.209],[108.08,-3.247],[108.023,-3.243],[107.985,-3.272],[107.966,-3.243],[107.971,-3.18],[107.923,-3.124],[107.885,-3.116],[107.899,-3.096],[107.86,-3.059],[107.81,-3.086],[107.85,-3.121],[107.829,-3.168],[107.767,-3.191],[107.721,-3.19],[107.641,-3.239],[107.608,-3.243],[107.585,-3.196],[107.629,-3.142],[107.595,-3.104],[107.562,-3.003],[107.591,-2.974],[107.615,-2.914],[107.531,-2.937],[107.529,-2.921],[107.599,-2.857],[107.598,-2.812]]],[[[106.823,-3.033],[106.709,-2.967],[106.731,-2.927],[106.782,-2.911],[106.803,-2.886],[106.847,-2.919],[106.893,-2.929],[106.91,-2.947],[106.88,-3.009],[106.896,-3.03],[106.823,-3.033]]],[[[108.897,-1.534],[108.938,-1.55],[108.983,-1.602],[108.958,-1.641],[108.858,-1.678],[108.819,-1.649],[108.841,-1.629],[108.827,-1.59],[108.846,-1.584],[108.799,-1.593],[108.807,-1.581],[108.79,-1.582],[108.834,-1.553],[108.857,-1.573],[108.897,-1.534]]],[[[107.339,-2.882],[107.374,-2.885],[107.367,-2.866],[107.38,-2.85],[107.423,-2.828],[107.468,-2.823],[107.48,-2.845],[107.465,-2.851],[107.487,-2.85],[107.47,-2.908],[107.429,-2.93],[107.412,-2.919],[107.413,-2.929],[107.425,-2.931],[107.411,-2.947],[107.339,-2.882]]],[[[107.021,-2.874],[107.058,-2.82],[107.058,-2.85],[107.068,-2.836],[107.093,-2.861],[107.087,-2.911],[107.05,-2.907],[107.021,-2.874]]]]}},{"type":"Feature","id":10,"properties":{"province_id":10,"province":"Lampung","iso":"ID-LA"},"geometry":{"type":"MultiPolygon","coordinates":[[[[103.596,-4.924],[103.605,-4.891],[103.625,-4.891],[103.639,-4.869],[103.708,-4.831],[103.72,-4.801],[103.768,-4.805],[103.815,-4.788],[103.824,-4.821],[103.866,-4.846],[103.85,-4.918],[103.927,-4.876],[103.96,-4.913],[104.048,-4.9],[104.06,-4.886],[104.112,-4.92],[104.153,-4.915],[104.194,-4.861],[104.219,-4.86],[104.233,-4.879],[104.277,-4.865],[104.303,-4.884],[104.334,-4.871],[104.368,-4.798],[104.321,-4.752],[104.32,-4.701],[104.289,-4.68],[104.3,-4.642],[104.342,-4.601],[104.323,-4.456],[104.37,-4.353],[104.445,-4.301],[104.476,-4.308],[104.481,-4.291],[104.622,-4.217],[104.643,-4.246],[104.756,-4.245],[104.79,-4.262],[104.873,-4.234],[104.873,-4.219],[104.968,-4.172],[105.012,-4.173],[105.063,-4.121],[105.093,-4.048],[105.12,-4.047],[105.106,-4.015],[105.135,-3.99],[105.139,-3.936],[105.164,-3.939],[105.204,-3.892],[105.23,-3.89],[105.244,-3.907],[105.277,-3.877],[105.293,-3.841],[105.284,-3.798],[105.304,-3.794],[105.318,-3.734],[105.334,-3.724],[105.357,-3.797],[105.388,-3.779],[105.432,-3.784],[105.433,-3.827],[105.481,-3.822],[105.494,-3.842],[105.524,-3.84],[105.513,-3.873],[105.526,-3.895],[105.547,-3.881],[105.573,-3.903],[105.563,-3.929],[105.606,-3.933],[105.59,-3.954],[105.631,-4.005],[105.608,-4.057],[105.626,-4.04],[105.661,-4.046],[105.651,-4.086],[105.681,-4.076],[105.686,-4.099],[105.71,-4.104],[105.702,-4.137],[105.726,-4.131],[105.745,-4.145],[105.773,-4.111],[105.818,-4.136],[105.825,-4.343],[105.859,-4.379],[105.855,-4.411],[105.888,-4.439],[105.913,-4.438],[105.899,-4.495],[105.906,-4.551],[105.885,-4.598],[105.916,-4.647],[105.898,-4.682],[105.875,-4.679],[105.884,-4.7],[105.861,-4.785],[105.871,-4.873],[105.902,-4.94],[105.875,-4.96],[105.86,-5.036],[105.864,-5.256],[105.82,-5.329],[105.814,-5.551],[105.828,-5.589],[105.792,-5.714],[105.799,-5.795],[105.718,-5.908],[105.706,-5.85],[105.605,-5.832],[105.583,-5.803],[105.589,-5.733],[105.557,-5.703],[105.558,-5.667],[105.526,-5.693],[105.47,-5.647],[105.409,-5.622],[105.364,-5.54],[105.325,-5.502],[105.32,-5.469],[105.29,-5.445],[105.254,-5.464],[105.266,-5.521],[105.246,-5.522],[105.249,-5.546],[105.262,-5.544],[105.243,-5.589],[105.194,-5.584],[105.167,-5.606],[105.193,-5.649],[105.211,-5.649],[105.172,-5.667],[105.219,-5.721],[105.181,-5.721],[105.154,-5.752],[105.176,-5.779],[105.207,-5.767],[105.223,-5.78],[105.163,-5.807],[105.127,-5.798],[105.119,-5.776],[105.087,-5.795],[105.109,-5.775],[105.103,-5.763],[105.091,-5.776],[105.086,-5.757],[105.064,-5.766],[105.058,-5.75],[105.026,-5.751],[105.028,-5.727],[104.968,-5.714],[104.966,-5.694],[104.958,-5.71],[104.937,-5.703],[104.901,-5.656],[104.875,-5.66],[104.77,-5.6],[104.708,-5.522],[104.605,-5.496],[104.561,-5.512],[104.531,-5.545],[104.643,-5.691],[104.647,-5.746],[104.712,-5.834],[104.697,-5.879],[104.734,-5.933],[104.581,-5.943],[104.553,-5.918],[104.574,-5.907],[104.564,-5.865],[104.45,-5.763],[104.416,-5.708],[104.301,-5.642],[104.319,-5.619],[104.311,-5.589],[104.069,-5.409],[104.056,-5.377],[104.027,-5.361],[104.027,-5.334],[103.998,-5.324],[103.992,-5.308],[104.008,-5.286],[103.988,-5.26],[103.904,-5.232],[103.9,-5.218],[103.935,-5.174],[103.914,-5.132],[103.867,-5.11],[103.839,-5.067],[103.784,-5.032],[103.748,-5.042],[103.748,-4.997],[103.719,-4.969],[103.694,-4.961],[103.661,-4.993],[103.658,-4.959],[103.628,-4.929],[103.596,-4.924]]],[[[104.781,-5.76],[104.853,-5.802],[104.855,-5.847],[104.814,-5.825],[104.781,-5.76]]]]}},{"type":"Feature","id":11,"properties":{"province_id":11,"province":"Banten","iso":"ID-BT"},"geometry":{"type":"MultiPolygon","coordinates":[[[[106.726,-6.089],[106.688,-6.097],[106.688,-6.172],[106.724,-6.185],[106.718,-6.224],[106.746,-6.231],[106.75,-6.272],[106.78,-6.316],[106.77,-6.361],[106.594,-6.363],[106.577,-6.339],[106.516,-6.324],[106.515,-6.332],[106.532,-6.34],[106.53,-6.347],[106.49,-6.355],[106.476,-6.351],[106.484,-6.325],[106.469,-6.304],[106.426,-6.35],[106.455,-6.427],[106.44,-6.45],[106.401,-6.453],[106.413,-6.483],[106.403,-6.517],[106.43,-6.591],[106.429,-6.682],[106.467,-6.751],[106.526,-6.768],[106.436,-6.82],[106.431,-6.862],[106.393,-6.901],[106.397,-6.979],[106.381,-6.995],[106.31,-6.996],[106.308,-6.98],[106.27,-6.976],[106.24,-6.956],[106.239,-6.932],[106.106,-6.883],[106.032,-6.817],[105.919,-6.816],[105.887,-6.846],[105.869,-6.833],[105.774,-6.851],[105.708,-6.836],[105.638,-6.843],[105.649,-6.838],[105.538,-6.874],[105.479,-6.865],[105.438,-6.836],[105.414,-6.854],[105.401,-6.827],[105.326,-6.803],[105.295,-6.805],[105.273,-6.844],[105.238,-6.836],[105.239,-6.796],[105.21,-6.763],[105.212,-6.746],[105.263,-6.761],[105.33,-6.696],[105.327,-6.669],[105.37,-6.647],[105.401,-6.717],[105.39,-6.742],[105.43,-6.767],[105.441,-6.82],[105.469,-6.828],[105.5,-6.792],[105.507,-6.73],[105.572,-6.68],[105.569,-6.658],[105.611,-6.634],[105.626,-6.591],[105.616,-6.56],[105.65,-6.481],[105.678,-6.476],[105.674,-6.51],[105.713,-6.533],[105.784,-6.508],[105.825,-6.437],[105.825,-6.397],[105.807,-6.407],[105.826,-6.39],[105.82,-6.362],[105.842,-6.306],[105.826,-6.288],[105.825,-6.239],[105.883,-6.072],[105.96,-6.008],[105.973,-6.016],[106.003,-5.948],[105.992,-5.923],[106.041,-5.876],[106.07,-5.88],[106.101,-5.912],[106.113,-5.974],[106.098,-5.982],[106.12,-6.009],[106.175,-6.027],[106.168,-6.038],[106.201,-6.016],[106.219,-6.021],[106.255,-5.957],[106.325,-5.986],[106.356,-5.961],[106.357,-5.976],[106.363,-5.964],[106.363,-5.978],[106.391,-5.979],[106.412,-6.026],[106.481,-6.047],[106.535,-6.01],[106.578,-6.032],[106.641,-6.003],[106.657,-6.02],[106.679,-6.013],[106.712,-6.039],[106.726,-6.089]]],[[[105.195,-6.62],[105.169,-6.575],[105.129,-6.623],[105.112,-6.603],[105.1,-6.613],[105.184,-6.539],[105.209,-6.55],[105.216,-6.533],[105.266,-6.523],[105.239,-6.567],[105.261,-6.597],[105.243,-6.636],[105.229,-6.643],[105.218,-6.628],[105.183,-6.68],[105.17,-6.661],[105.195,-6.62]]]]}},{"type":"Feature","id":12,"properties":{"province_id":12,"province":"Jawa Barat","iso":"ID-JB"},"geometry":{"type":"Polygon","coordinates":[[[106.396,-6.98],[106.393,-6.901],[106.431,-6.862],[106.436,-6.82],[106.526,-6.768],[106.467,-6.751],[106.429,-6.682],[106.43,-6.591],[106.403,-6.517],[106.413,-6.483],[106.401,-6.453],[106.44,-6.45],[106.455,-6.427],[106.426,-6.35],[106.469,-6.304],[106.484,-6.325],[106.476,-6.351],[106.49,-6.355],[106.53,-6.347],[106.516,-6.324],[106.577,-6.339],[106.594,-6.363],[106.77,-6.361],[106.779,-6.317],[106.809,-6.315],[106.795,-6.365],[106.836,-6.355],[106.84,-6.335],[106.883,-6.372],[106.914,-6.365],[106.922,-6.303],[106.904,-6.262],[106.944,-6.252],[106.971,-6.199],[106.971,-6.088],[107.014,-6.076],[106.983,-6.053],[107.015,-6.032],[106.993,-6.028],[106.988,-6.007],[107.016,-5.981],[107.01,-5.944],[106.99,-5.942],[107.005,-5.922],[107.098,-5.937],[107.159,-5.987],[107.273,-5.96],[107.34,-5.97],[107.386,-6.014],[107.467,-6.149],[107.539,-6.182],[107.621,-6.189],[107.664,-6.251],[107.764,-6.22],[107.815,-6.187],[107.85,-6.189],[107.855,-6.212],[107.888,-6.182],[107.888,-6.227],[107.903,-6.244],[108.127,-6.335],[108.211,-6.267],[108.175,-6.224],[108.299,-6.249],[108.336,-6.274],[108.345,-6.247],[108.355,-6.263],[108.361,-6.258],[108.358,-6.248],[108.371,-6.29],[108.369,-6.312],[108.385,-6.357],[108.462,-6.442],[108.538,-6.483],[108.562,-6.691],[108.602,-6.763],[108.63,-6.771],[108.653,-6.747],[108.677,-6.764],[108.684,-6.799],[108.75,-6.814],[108.804,-6.783],[108.8,-6.752],[108.834,-6.748],[108.869,-6.807],[108.885,-6.809],[108.882,-6.869],[108.811,-6.957],[108.817,-7.026],[108.855,-7.048],[108.837,-7.084],[108.834,-7.147],[108.786,-7.156],[108.753,-7.194],[108.682,-7.18],[108.621,-7.212],[108.641,-7.27],[108.612,-7.327],[108.615,-7.375],[108.64,-7.392],[108.718,-7.386],[108.739,-7.412],[108.742,-7.441],[108.776,-7.475],[108.773,-7.527],[108.81,-7.603],[108.79,-7.659],[108.805,-7.672],[108.784,-7.706],[108.775,-7.688],[108.675,-7.684],[108.66,-7.699],[108.677,-7.716],[108.671,-7.73],[108.64,-7.688],[108.539,-7.691],[108.503,-7.711],[108.504,-7.785],[108.475,-7.807],[108.442,-7.82],[108.301,-7.814],[107.939,-7.733],[107.848,-7.737],[107.832,-7.702],[107.805,-7.686],[107.69,-7.668],[107.68,-7.633],[107.607,-7.572],[107.481,-7.537],[107.473,-7.517],[107.4,-7.492],[107.282,-7.492],[107.04,-7.448],[106.56,-7.417],[106.439,-7.361],[106.41,-7.367],[106.406,-7.382],[106.398,-7.333],[106.373,-7.307],[106.385,-7.261],[106.374,-7.237],[106.391,-7.229],[106.401,-7.186],[106.463,-7.181],[106.45,-7.153],[106.458,-7.129],[106.545,-7.055],[106.543,-6.987],[106.513,-6.966],[106.443,-6.953],[106.396,-6.98]]]}},{"type":"Feature","id":13,"properties":{"province_id":13,"province":"DKI Jakarta","iso":"ID-JK"},"geometry":{"type":"Polygon","coordinates":[[[106.78,-6.316],[106.75,-6.272],[106.745,-6.229],[106.718,-6.224],[106.724,-6.185],[106.688,-6.172],[106.688,-6.097],[106.726,-6.089],[106.742,-6.102],[106.78,-6.099],[106.783,-6.109],[106.793,-6.093],[106.796,-6.109],[106.804,-6.094],[106.812,-6.123],[106.841,-6.124],[106.859,-6.114],[106.841,-6.111],[106.864,-6.114],[106.879,-6.095],[106.892,-6.107],[106.969,-6.092],[106.971,-6.199],[106.944,-6.252],[106.904,-6.262],[106.922,-6.303],[106.914,-6.365],[106.883,-6.372],[106.84,-6.335],[106.836,-6.355],[106.795,-6.365],[106.809,-6.315],[106.78,-6.316]]]}},{"type":"Feature","id":14,"properties":{"province_id":14,"province":"Jawa Tengah","iso":"ID-JT"},"geometry":{"type":"MultiPolygon","coordinates":[[[[108.885,-6.809],[108.952,-6.829],[108.969,-6.805],[109.04,-6.804],[109.068,-6.784],[109.089,-6.829],[109.119,-6.847],[109.162,-6.843],[109.194,-6.861],[109.291,-6.873],[109.442,-6.84],[109.521,-6.772],[109.575,-6.837],[109.659,-6.848],[109.866,-6.915],[109.995,-6.923],[110.13,-6.882],[110.172,-6.844],[110.219,-6.861],[110.25,-6.907],[110.317,-6.94],[110.379,-6.956],[110.419,-6.936],[110.426,-6.955],[110.424,-6.937],[110.437,-6.951],[110.464,-6.931],[110.473,-6.944],[110.529,-6.848],[110.522,-6.835],[110.559,-6.805],[110.576,-6.771],[110.537,-6.769],[110.54,-6.746],[110.561,-6.75],[110.551,-6.726],[110.582,-6.733],[110.635,-6.678],[110.647,-6.648],[110.639,-6.616],[110.656,-6.597],[110.644,-6.585],[110.662,-6.574],[110.645,-6.556],[110.682,-6.527],[110.664,-6.502],[110.69,-6.499],[110.738,-6.443],[110.725,-6.433],[110.732,-6.433],[110.738,-6.443],[110.757,-6.442],[110.838,-6.407],[110.918,-6.403],[111.047,-6.426],[111.062,-6.515],[111.11,-6.614],[111.151,-6.655],[111.245,-6.693],[111.38,-6.702],[111.461,-6.664],[111.494,-6.62],[111.563,-6.639],[111.677,-6.742],[111.636,-6.845],[111.607,-6.853],[111.615,-6.906],[111.578,-6.959],[111.568,-7.098],[111.622,-7.135],[111.615,-7.151],[111.599,-7.145],[111.587,-7.186],[111.564,-7.189],[111.567,-7.207],[111.536,-7.216],[111.543,-7.226],[111.489,-7.243],[111.488,-7.261],[111.451,-7.248],[111.451,-7.275],[111.439,-7.269],[111.442,-7.289],[111.424,-7.31],[111.457,-7.321],[111.446,-7.337],[111.462,-7.346],[111.442,-7.35],[111.462,-7.357],[111.461,-7.385],[111.44,-7.399],[111.412,-7.385],[111.406,-7.398],[111.302,-7.306],[111.234,-7.283],[111.215,-7.258],[111.146,-7.269],[111.134,-7.305],[111.145,-7.369],[111.118,-7.419],[111.154,-7.505],[111.146,-7.562],[111.194,-7.628],[111.182,-7.713],[111.23,-7.751],[111.284,-7.754],[111.278,-7.788],[111.313,-7.852],[111.251,-7.95],[111.184,-7.922],[111.141,-7.939],[111.147,-7.955],[111.124,-7.974],[111.136,-8.024],[111.117,-8.035],[111.113,-8.069],[111.08,-8.049],[111.033,-8.085],[110.954,-8.07],[110.911,-8.127],[110.897,-8.212],[110.835,-8.203],[110.839,-8.178],[110.816,-8.165],[110.83,-8.136],[110.799,-8.162],[110.786,-8.151],[110.779,-8.069],[110.756,-8.025],[110.786,-7.817],[110.77,-7.808],[110.753,-7.825],[110.713,-7.79],[110.71,-7.805],[110.682,-7.806],[110.671,-7.786],[110.658,-7.805],[110.65,-7.793],[110.586,-7.808],[110.569,-7.784],[110.531,-7.798],[110.492,-7.767],[110.446,-7.541],[110.304,-7.655],[110.273,-7.707],[110.261,-7.644],[110.241,-7.654],[110.141,-7.645],[110.117,-7.671],[110.139,-7.695],[110.13,-7.748],[110.063,-7.813],[110.032,-7.895],[109.551,-7.771],[109.469,-7.761],[109.412,-7.776],[109.387,-7.753],[109.393,-7.726],[109.287,-7.702],[109.105,-7.686],[109.061,-7.696],[109.021,-7.737],[109.022,-7.763],[109.049,-7.767],[109.041,-7.785],[108.864,-7.741],[108.785,-7.737],[108.8,-7.717],[108.784,-7.706],[108.805,-7.672],[108.79,-7.659],[108.81,-7.603],[108.773,-7.527],[108.776,-7.475],[108.718,-7.386],[108.64,-7.392],[108.615,-7.375],[108.612,-7.327],[108.641,-7.27],[108.621,-7.212],[108.682,-7.18],[108.753,-7.194],[108.786,-7.156],[108.834,-7.147],[108.837,-7.084],[108.855,-7.048],[108.817,-7.026],[108.811,-6.957],[108.882,-6.869],[108.885,-6.809]]],[[[110.452,-5.816],[110.453,-5.802],[110.487,-5.771],[110.474,-5.793],[110.494,-5.819],[110.484,-5.837],[110.467,-5.829],[110.477,-5.854],[110.447,-5.863],[110.448,-5.889],[110.41,-5.841],[110.453,-5.832],[110.479,-5.807],[110.47,-5.798],[110.468,-5.814],[110.46,-5.801],[110.452,-5.816]]]]}},{"type":"Feature","id":15,"properties":{"province_id":15,"province":"DI Yogyakarta","iso":"ID-YO"},"geometry":{"type":"Polygon","coordinates":[[[110.003,-7.888],[110.032,-7.895],[110.043,-7.884],[110.063,-7.813],[110.13,-7.748],[110.139,-7.695],[110.117,-7.671],[110.141,-7.645],[110.241,-7.654],[110.261,-7.644],[110.273,-7.707],[110.304,-7.655],[110.446,-7.541],[110.492,-7.767],[110.531,-7.798],[110.569,-7.784],[110.586,-7.808],[110.65,-7.793],[110.658,-7.805],[110.671,-7.786],[110.682,-7.806],[110.71,-7.805],[110.713,-7.79],[110.753,-7.825],[110.77,-7.808],[110.786,-7.817],[110.756,-8.025],[110.779,-8.069],[110.786,-8.151],[110.799,-8.162],[110.83,-8.136],[110.816,-8.165],[110.839,-8.178],[110.835,-8.203],[110.799,-8.189],[110.709,-8.201],[110.707,-8.184],[110.434,-8.099],[110.374,-8.07],[110.345,-8.033],[110.221,-7.991],[110.003,-7.888]]]}},{"type":"Feature","id":16,"properties":{"province_id":16,"province":"Jawa Timur","iso":"ID-JI"},"geometry":{"type":"MultiPolygon","coordinates":[[[[110.897,-8.212],[110.911,-8.127],[110.954,-8.07],[111.033,-8.085],[111.08,-8.049],[111.113,-8.069],[111.117,-8.035],[111.136,-8.024],[111.124,-7.974],[111.147,-7.955],[111.141,-7.939],[111.184,-7.922],[111.251,-7.95],[111.313,-7.852],[111.278,-7.788],[111.284,-7.754],[111.23,-7.751],[111.182,-7.713],[111.194,-7.628],[111.146,-7.562],[111.154,-7.505],[111.118,-7.419],[111.145,-7.369],[111.134,-7.305],[111.146,-7.269],[111.215,-7.258],[111.234,-7.283],[111.302,-7.306],[111.406,-7.398],[111.412,-7.385],[111.44,-7.399],[111.461,-7.385],[111.462,-7.357],[111.442,-7.35],[111.462,-7.346],[111.446,-7.337],[111.457,-7.321],[111.424,-7.31],[111.442,-7.289],[111.439,-7.269],[111.451,-7.275],[111.451,-7.248],[111.488,-7.261],[111.489,-7.243],[111.543,-7.226],[111.536,-7.216],[111.567,-7.207],[111.564,-7.189],[111.587,-7.186],[111.599,-7.145],[111.615,-7.151],[111.622,-7.135],[111.568,-7.098],[111.578,-6.959],[111.615,-6.906],[111.607,-6.853],[111.636,-6.845],[111.677,-6.742],[111.715,-6.768],[111.844,-6.801],[111.965,-6.762],[112.051,-6.885],[112.121,-6.902],[112.172,-6.898],[112.225,-6.872],[112.358,-6.863],[112.388,-6.876],[112.429,-6.867],[112.514,-6.907],[112.539,-6.884],[112.521,-6.87],[112.54,-6.861],[112.547,-6.836],[112.578,-6.852],[112.588,-6.89],[112.601,-6.894],[112.608,-6.875],[112.62,-6.91],[112.608,-6.926],[112.595,-6.913],[112.599,-6.957],[112.618,-6.997],[112.65,-7.019],[112.653,-7.042],[112.62,-7.106],[112.647,-7.112],[112.622,-7.122],[112.635,-7.137],[112.658,-7.141],[112.673,-7.17],[112.66,-7.208],[112.69,-7.188],[112.663,-7.21],[112.668,-7.221],[112.719,-7.232],[112.702,-7.196],[112.71,-7.197],[112.722,-7.211],[112.717,-7.199],[112.726,-7.21],[112.734,-7.196],[112.738,-7.222],[112.738,-7.21],[112.736,-7.196],[112.764,-7.196],[112.804,-7.252],[112.843,-7.277],[112.844,-7.313],[112.826,-7.343],[112.842,-7.332],[112.84,-7.481],[112.812,-7.479],[112.871,-7.533],[112.869,-7.575],[112.908,-7.629],[112.935,-7.632],[112.947,-7.618],[112.984,-7.657],[113.029,-7.645],[113.108,-7.72],[113.151,-7.741],[113.176,-7.725],[113.185,-7.747],[113.229,-7.725],[113.225,-7.737],[113.255,-7.739],[113.279,-7.783],[113.307,-7.768],[113.339,-7.777],[113.381,-7.737],[113.438,-7.734],[113.49,-7.697],[113.667,-7.737],[113.713,-7.706],[113.762,-7.738],[113.799,-7.725],[113.84,-7.685],[113.931,-7.701],[113.94,-7.676],[113.952,-7.681],[114.037,-7.604],[114.108,-7.707],[114.208,-7.718],[114.24,-7.698],[114.293,-7.747],[114.375,-7.751],[114.439,-7.789],[114.465,-7.825],[114.465,-7.886],[114.422,-7.92],[114.431,-8.059],[114.399,-8.121],[114.382,-8.202],[114.39,-8.235],[114.365,-8.284],[114.339,-8.427],[114.366,-8.493],[114.344,-8.522],[114.359,-8.551],[114.372,-8.544],[114.39,-8.448],[114.409,-8.51],[114.408,-8.569],[114.439,-8.631],[114.453,-8.64],[114.481,-8.618],[114.514,-8.65],[114.561,-8.656],[114.606,-8.717],[114.589,-8.763],[114.532,-8.781],[114.447,-8.753],[114.369,-8.751],[114.342,-8.739],[114.372,-8.718],[114.373,-8.677],[114.313,-8.621],[114.246,-8.6],[114.23,-8.603],[114.221,-8.645],[114.095,-8.615],[114.084,-8.629],[114.06,-8.626],[114.049,-8.646],[114.015,-8.59],[113.997,-8.594],[113.998,-8.608],[113.958,-8.613],[113.948,-8.598],[113.969,-8.583],[113.948,-8.56],[113.906,-8.578],[113.84,-8.555],[113.832,-8.527],[113.808,-8.556],[113.812,-8.502],[113.795,-8.489],[113.713,-8.528],[113.717,-8.485],[113.647,-8.495],[113.641,-8.456],[113.601,-8.436],[113.583,-8.444],[113.569,-8.425],[113.553,-8.436],[113.486,-8.416],[113.475,-8.384],[113.43,-8.379],[113.39,-8.401],[113.33,-8.32],[113.23,-8.283],[113.076,-8.288],[112.977,-8.328],[112.917,-8.399],[112.9,-8.38],[112.9,-8.402],[112.848,-8.405],[112.835,-8.37],[112.814,-8.401],[112.772,-8.387],[112.758,-8.421],[112.709,-8.418],[112.652,-8.449],[112.557,-8.403],[112.443,-8.398],[112.373,-8.375],[112.335,-8.333],[112.315,-8.343],[112.286,-8.332],[112.263,-8.35],[112.222,-8.344],[112.215,-8.323],[112.034,-8.319],[111.95,-8.277],[111.935,-8.308],[111.899,-8.304],[111.84,-8.259],[111.842,-8.282],[111.8,-8.27],[111.795,-8.255],[111.774,-8.26],[111.769,-8.314],[111.782,-8.325],[111.754,-8.34],[111.739,-8.333],[111.749,-8.311],[111.733,-8.29],[111.712,-8.293],[111.713,-8.322],[111.689,-8.336],[111.723,-8.369],[111.704,-8.367],[111.702,-8.383],[111.667,-8.356],[111.653,-8.367],[111.648,-8.352],[111.625,-8.354],[111.634,-8.339],[111.617,-8.32],[111.605,-8.34],[111.598,-8.322],[111.57,-8.335],[111.574,-8.318],[111.554,-8.306],[111.532,-8.316],[111.533,-8.333],[111.482,-8.32],[111.478,-8.306],[111.455,-8.321],[111.453,-8.277],[111.43,-8.26],[111.41,-8.278],[111.377,-8.276],[111.367,-8.261],[111.325,-8.273],[111.304,-8.257],[111.289,-8.26],[111.292,-8.275],[111.26,-8.248],[111.154,-8.285],[111.133,-8.273],[111.137,-8.262],[111.093,-8.247],[111.093,-8.222],[111.075,-8.224],[111.071,-8.249],[111.028,-8.257],[110.897,-8.212]]],[[[113.906,-7.049],[113.866,-7.093],[113.888,-7.105],[113.889,-7.134],[113.675,-7.109],[113.644,-7.13],[113.606,-7.126],[113.574,-7.161],[113.55,-7.231],[113.51,-7.254],[113.504,-7.229],[113.47,-7.222],[113.327,-7.214],[113.171,-7.228],[113.153,-7.205],[113.15,-7.224],[113.1,-7.229],[112.865,-7.163],[112.798,-7.157],[112.723,-7.176],[112.692,-7.155],[112.706,-7.099],[112.686,-7.096],[112.673,-7.071],[112.682,-7.032],[112.723,-7.038],[112.787,-6.987],[112.828,-6.93],[112.827,-6.907],[113.011,-6.881],[113.116,-6.895],[113.418,-6.887],[113.507,-6.897],[113.797,-6.885],[113.91,-6.863],[113.966,-6.873],[114.101,-6.934],[114.125,-6.978],[114.038,-7.013],[113.989,-7.009],[113.957,-7.047],[113.917,-7.013],[113.948,-7.052],[113.906,-7.049]]],[[[115.312,-6.949],[115.284,-6.968],[115.293,-7.013],[115.264,-6.987],[115.272,-6.934],[115.211,-6.937],[115.21,-6.891],[115.242,-6.889],[115.253,-6.863],[115.25,-6.844],[115.227,-6.843],[115.232,-6.833],[115.407,-6.838],[115.518,-6.881],[115.576,-6.932],[115.547,-6.963],[115.523,-6.944],[115.5,-6.947],[115.454,-6.906],[115.446,-6.925],[115.422,-6.918],[115.416,-6.942],[115.397,-6.924],[115.397,-6.907],[115.384,-6.917],[115.369,-6.893],[115.363,-6.924],[115.35,-6.91],[115.32,-6.922],[115.335,-6.95],[115.348,-6.939],[115.356,-6.958],[115.376,-6.955],[115.39,-6.972],[115.369,-6.974],[115.404,-6.989],[115.333,-6.996],[115.315,-6.968],[115.34,-6.981],[115.312,-6.949]]],[[[112.742,-5.788],[112.734,-5.831],[112.711,-5.848],[112.629,-5.843],[112.621,-5.871],[112.621,-5.855],[112.577,-5.844],[112.579,-5.789],[112.643,-5.732],[112.672,-5.736],[112.687,-5.716],[112.726,-5.737],[112.742,-5.788]]],[[[114.273,-7.089],[114.3,-7.061],[114.337,-7.058],[114.37,-7.086],[114.406,-7.17],[114.369,-7.18],[114.313,-7.16],[114.273,-7.089]]],[[[113.396,-8.494],[113.31,-8.51],[113.264,-8.487],[113.297,-8.444],[113.398,-8.455],[113.404,-8.472],[113.42,-8.469],[113.396,-8.494]]],[[[115.895,-7.187],[115.828,-7.206],[115.741,-7.153],[115.755,-7.144],[115.778,-7.158],[115.792,-7.142],[115.843,-7.171],[115.894,-7.165],[115.895,-7.187]]],[[[113.94,-7.063],[114.049,-7.074],[114.065,-7.11],[113.942,-7.09],[113.94,-7.063]]],[[[115.647,-6.995],[115.619,-7.003],[115.565,-6.96],[115.579,-6.968],[115.572,-6.947],[115.589,-6.942],[115.646,-6.969],[115.683,-7.014],[115.647,-6.995]]],[[[114.45,-5.547],[114.455,-5.565],[114.435,-5.588],[114.394,-5.568],[114.401,-5.535],[114.45,-5.547]]]]}},{"type":"Feature","id":17,"properties":{"province_id":17,"province":"Bali","iso":"ID-BA"},"geometry":{"type":"MultiPolygon","coordinates":[[[[114.735,-8.396],[114.582,-8.398],[114.519,-8.33],[114.518,-8.307],[114.448,-8.219],[114.433,-8.165],[114.442,-8.187],[114.477,-8.165],[114.445,-8.156],[114.436,-8.097],[114.494,-8.096],[114.524,-8.155],[114.556,-8.131],[114.569,-8.142],[114.561,-8.132],[114.58,-8.121],[114.594,-8.14],[114.617,-8.123],[114.867,-8.196],[115.0,-8.176],[115.116,-8.082],[115.185,-8.062],[115.454,-8.163],[115.56,-8.233],[115.629,-8.324],[115.698,-8.358],[115.712,-8.39],[115.688,-8.432],[115.634,-8.462],[115.612,-8.506],[115.581,-8.517],[115.531,-8.501],[115.508,-8.513],[115.508,-8.541],[115.443,-8.572],[115.361,-8.578],[115.263,-8.661],[115.263,-8.707],[115.224,-8.715],[115.212,-8.747],[115.206,-8.746],[115.205,-8.737],[115.21,-8.718],[115.189,-8.735],[115.183,-8.724],[115.178,-8.777],[115.221,-8.79],[115.221,-8.753],[115.24,-8.804],[115.217,-8.833],[115.167,-8.849],[115.084,-8.829],[115.119,-8.794],[115.168,-8.773],[115.152,-8.747],[115.169,-8.722],[115.146,-8.675],[114.94,-8.478],[114.735,-8.396]]],[[[115.451,-8.748],[115.448,-8.722],[115.493,-8.673],[115.561,-8.672],[115.629,-8.773],[115.588,-8.82],[115.528,-8.799],[115.451,-8.748]]]]}},{"type":"Feature","id":18,"properties":{"province_id":18,"province":"Nusa Tenggara Barat","iso":"ID-NB"},"geometry":{"type":"MultiPolygon","coordinates":[[[[117.097,-8.416],[117.088,-8.398],[117.123,-8.378],[117.122,-8.377],[117.121,-8.377],[117.119,-8.376],[117.107,-8.376],[117.105,-8.373],[117.144,-8.379],[117.154,-8.364],[117.202,-8.406],[117.238,-8.4],[117.388,-8.473],[117.435,-8.413],[117.428,-8.396],[117.473,-8.416],[117.562,-8.406],[117.57,-8.43],[117.554,-8.457],[117.567,-8.449],[117.558,-8.468],[117.571,-8.504],[117.593,-8.504],[117.577,-8.468],[117.582,-8.428],[117.6,-8.428],[117.635,-8.464],[117.623,-8.538],[117.636,-8.581],[117.644,-8.557],[117.689,-8.578],[117.737,-8.563],[117.726,-8.59],[117.755,-8.59],[117.763,-8.605],[117.751,-8.631],[117.781,-8.632],[117.749,-8.645],[117.769,-8.655],[117.775,-8.713],[117.808,-8.726],[117.831,-8.71],[117.848,-8.718],[117.871,-8.696],[117.893,-8.7],[117.903,-8.711],[117.888,-8.725],[117.906,-8.741],[117.919,-8.72],[117.939,-8.722],[117.942,-8.751],[117.974,-8.739],[118.036,-8.672],[118.088,-8.651],[118.166,-8.652],[118.194,-8.672],[118.24,-8.65],[118.248,-8.665],[118.257,-8.651],[118.269,-8.658],[118.269,-8.636],[118.278,-8.645],[118.288,-8.625],[118.279,-8.593],[118.25,-8.587],[118.232,-8.552],[118.194,-8.571],[118.18,-8.532],[118.143,-8.514],[118.131,-8.482],[118.105,-8.495],[118.081,-8.45],[117.98,-8.464],[117.847,-8.372],[117.818,-8.368],[117.765,-8.289],[117.693,-8.239],[117.724,-8.15],[117.743,-8.155],[117.786,-8.124],[117.829,-8.129],[117.924,-8.08],[117.96,-8.107],[118.007,-8.094],[118.044,-8.108],[118.081,-8.1],[118.144,-8.134],[118.163,-8.241],[118.218,-8.284],[118.23,-8.33],[118.257,-8.35],[118.275,-8.334],[118.279,-8.364],[118.317,-8.371],[118.335,-8.365],[118.338,-8.345],[118.356,-8.352],[118.388,-8.329],[118.389,-8.304],[118.44,-8.278],[118.464,-8.246],[118.647,-8.291],[118.686,-8.344],[118.696,-8.378],[118.685,-8.394],[118.698,-8.397],[118.683,-8.412],[118.687,-8.459],[118.664,-8.488],[118.671,-8.52],[118.649,-8.551],[118.713,-8.498],[118.725,-8.436],[118.698,-8.412],[118.712,-8.405],[118.702,-8.388],[118.766,-8.309],[118.821,-8.281],[118.986,-8.304],[119.004,-8.314],[118.992,-8.376],[119.017,-8.398],[119.027,-8.44],[119.047,-8.438],[119.037,-8.456],[119.053,-8.454],[119.035,-8.467],[119.049,-8.485],[119.039,-8.503],[119.054,-8.51],[119.013,-8.538],[119.026,-8.551],[119.014,-8.559],[119.019,-8.587],[119.037,-8.596],[119.036,-8.642],[119.079,-8.651],[119.131,-8.629],[119.109,-8.597],[119.153,-8.592],[119.148,-8.567],[119.166,-8.556],[119.176,-8.563],[119.159,-8.581],[119.183,-8.585],[119.193,-8.61],[119.173,-8.61],[119.183,-8.633],[119.15,-8.636],[119.171,-8.648],[119.158,-8.674],[119.176,-8.701],[119.148,-8.709],[119.172,-8.725],[119.142,-8.731],[119.133,-8.753],[119.105,-8.726],[119.099,-8.752],[119.036,-8.732],[118.971,-8.749],[118.907,-8.68],[118.873,-8.699],[118.888,-8.709],[118.846,-8.73],[118.836,-8.711],[118.775,-8.71],[118.762,-8.692],[118.72,-8.739],[118.679,-8.742],[118.726,-8.759],[118.726,-8.784],[118.747,-8.764],[118.909,-8.765],[118.922,-8.787],[118.951,-8.79],[118.96,-8.818],[118.922,-8.843],[118.865,-8.846],[118.852,-8.834],[118.836,-8.846],[118.756,-8.797],[118.72,-8.793],[118.467,-8.889],[118.411,-8.867],[118.379,-8.827],[118.372,-8.78],[118.407,-8.759],[118.433,-8.677],[118.418,-8.659],[118.423,-8.626],[118.394,-8.621],[118.39,-8.607],[118.37,-8.634],[118.374,-8.639],[118.385,-8.634],[118.38,-8.662],[118.406,-8.664],[118.404,-8.676],[118.378,-8.695],[118.354,-8.685],[118.327,-8.729],[118.287,-8.74],[118.284,-8.769],[118.221,-8.808],[118.208,-8.835],[118.126,-8.878],[118.08,-8.84],[118.013,-8.853],[117.983,-8.894],[117.934,-8.9],[117.884,-8.944],[117.837,-8.931],[117.817,-8.899],[117.765,-8.934],[117.734,-8.915],[117.69,-8.919],[117.596,-8.982],[117.411,-9.049],[117.359,-9.055],[117.346,-9.042],[117.324,-9.055],[117.184,-9.021],[117.133,-9.085],[117.014,-9.109],[116.952,-9.052],[116.898,-9.065],[116.841,-9.039],[116.788,-9.036],[116.74,-8.997],[116.729,-9.007],[116.736,-8.974],[116.715,-8.969],[116.752,-8.924],[116.725,-8.91],[116.732,-8.892],[116.752,-8.893],[116.732,-8.869],[116.768,-8.856],[116.787,-8.814],[116.798,-8.826],[116.813,-8.817],[116.814,-8.83],[116.822,-8.82],[116.805,-8.778],[116.79,-8.765],[116.782,-8.775],[116.785,-8.754],[116.763,-8.737],[116.787,-8.722],[116.773,-8.674],[116.746,-8.663],[116.764,-8.654],[116.788,-8.59],[116.834,-8.557],[116.819,-8.516],[116.84,-8.539],[116.917,-8.526],[116.994,-8.475],[116.999,-8.507],[117.019,-8.479],[117.008,-8.46],[117.021,-8.467],[117.097,-8.416]]],[[[116.016,-8.75],[116.034,-8.742],[116.034,-8.72],[116.046,-8.724],[116.039,-8.763],[116.063,-8.774],[116.068,-8.768],[116.06,-8.751],[116.085,-8.725],[116.063,-8.731],[116.066,-8.699],[116.057,-8.728],[116.072,-8.564],[116.064,-8.521],[116.034,-8.485],[116.042,-8.422],[116.103,-8.391],[116.1,-8.361],[116.119,-8.37],[116.176,-8.342],[116.193,-8.306],[116.269,-8.245],[116.351,-8.211],[116.46,-8.227],[116.507,-8.256],[116.652,-8.289],[116.718,-8.348],[116.711,-8.443],[116.661,-8.49],[116.671,-8.503],[116.678,-8.481],[116.678,-8.504],[116.657,-8.539],[116.667,-8.559],[116.624,-8.602],[116.546,-8.753],[116.509,-8.778],[116.501,-8.807],[116.481,-8.808],[116.484,-8.816],[116.501,-8.811],[116.493,-8.848],[116.504,-8.859],[116.515,-8.832],[116.53,-8.841],[116.523,-8.826],[116.541,-8.833],[116.545,-8.847],[116.532,-8.849],[116.543,-8.869],[116.545,-8.855],[116.566,-8.853],[116.566,-8.868],[116.592,-8.859],[116.571,-8.892],[116.51,-8.915],[116.528,-8.899],[116.511,-8.869],[116.5,-8.896],[116.49,-8.885],[116.499,-8.9],[116.508,-8.886],[116.496,-8.912],[116.436,-8.92],[116.476,-8.826],[116.432,-8.823],[116.441,-8.842],[116.427,-8.825],[116.404,-8.865],[116.387,-8.86],[116.405,-8.9],[116.397,-8.947],[116.377,-8.956],[116.373,-8.901],[116.36,-8.91],[116.325,-8.895],[116.347,-8.931],[116.328,-8.908],[116.32,-8.92],[116.279,-8.893],[116.276,-8.913],[116.249,-8.903],[116.239,-8.917],[116.229,-8.9],[116.173,-8.914],[116.155,-8.864],[116.084,-8.873],[116.078,-8.895],[116.049,-8.886],[116.045,-8.87],[116.078,-8.865],[116.067,-8.851],[116.013,-8.863],[116.028,-8.884],[116.024,-8.904],[116.009,-8.904],[115.933,-8.833],[115.913,-8.845],[115.87,-8.818],[115.831,-8.815],[115.821,-8.752],[115.852,-8.72],[115.866,-8.721],[115.883,-8.764],[115.898,-8.746],[115.893,-8.763],[115.914,-8.775],[115.932,-8.774],[115.966,-8.73],[116.016,-8.75]]],[[[117.524,-8.388],[117.47,-8.356],[117.508,-8.273],[117.479,-8.257],[117.482,-8.186],[117.559,-8.144],[117.667,-8.152],[117.69,-8.181],[117.61,-8.238],[117.57,-8.335],[117.524,-8.388]]],[[[119.056,-8.127],[119.089,-8.133],[119.113,-8.157],[119.118,-8.216],[119.083,-8.254],[119.039,-8.26],[119.004,-8.236],[119.0,-8.183],[119.056,-8.127]]],[[[117.735,-8.558],[117.702,-8.495],[117.725,-8.473],[117.748,-8.538],[117.8,-8.552],[117.778,-8.562],[117.771,-8.553],[117.76,-8.57],[117.735,-8.558]]],[[[117.68,-8.522],[117.667,-8.514],[117.65,-8.533],[117.637,-8.51],[117.651,-8.448],[117.675,-8.466],[117.68,-8.522]]],[[[119.263,-8.437],[119.276,-8.393],[119.278,-8.417],[119.316,-8.399],[119.335,-8.428],[119.319,-8.428],[119.317,-8.457],[119.3,-8.433],[119.279,-8.468],[119.281,-8.448],[119.263,-8.437]]],[[[117.978,-8.691],[117.991,-8.648],[117.956,-8.668],[117.979,-8.639],[117.954,-8.63],[117.951,-8.613],[118.003,-8.629],[118.011,-8.678],[117.978,-8.691]]]]}},{"type":"Feature","id":19,"properties":{"province_id":19,"province":"Nusa Tenggara Timur","iso":"ID-NT"},"geometry":{"type":"MultiPolygon","coordinates":[[[[120.938,-8.935],[120.873,-8.887],[120.838,-8.83],[120.789,-8.84],[120.774,-8.888],[120.746,-8.894],[120.646,-8.867],[120.596,-8.815],[120.367,-8.815],[120.314,-8.855],[120.297,-8.844],[120.277,-8.854],[120.214,-8.837],[120.153,-8.784],[120.016,-8.819],[119.943,-8.821],[119.923,-8.843],[119.906,-8.839],[119.922,-8.862],[119.906,-8.867],[119.89,-8.858],[119.891,-8.813],[119.843,-8.797],[119.833,-8.806],[119.796,-8.741],[119.808,-8.732],[119.796,-8.692],[119.811,-8.67],[119.805,-8.571],[119.878,-8.505],[119.881,-8.477],[119.857,-8.43],[119.88,-8.427],[119.876,-8.444],[119.89,-8.443],[119.876,-8.46],[119.908,-8.476],[119.957,-8.45],[119.958,-8.461],[119.969,-8.428],[119.992,-8.463],[120.021,-8.439],[119.998,-8.417],[120.018,-8.413],[120.019,-8.384],[120.043,-8.386],[120.039,-8.401],[120.075,-8.377],[120.06,-8.399],[120.044,-8.401],[120.055,-8.407],[120.086,-8.388],[120.073,-8.419],[120.087,-8.417],[120.095,-8.407],[120.079,-8.429],[120.086,-8.455],[120.103,-8.452],[120.127,-8.417],[120.121,-8.356],[120.143,-8.365],[120.142,-8.395],[120.158,-8.374],[120.166,-8.382],[120.164,-8.362],[120.203,-8.305],[120.24,-8.302],[120.261,-8.283],[120.371,-8.294],[120.408,-8.281],[120.428,-8.241],[120.465,-8.295],[120.53,-8.273],[120.558,-8.3],[120.589,-8.298],[120.605,-8.277],[120.594,-8.254],[120.655,-8.289],[120.678,-8.323],[120.715,-8.326],[120.735,-8.349],[120.763,-8.337],[120.854,-8.358],[120.881,-8.349],[120.884,-8.372],[120.893,-8.353],[120.912,-8.365],[120.941,-8.349],[120.946,-8.372],[120.956,-8.369],[120.945,-8.344],[120.978,-8.347],[120.98,-8.369],[120.963,-8.37],[121.024,-8.413],[121.143,-8.425],[121.242,-8.475],[121.265,-8.466],[121.308,-8.48],[121.344,-8.547],[121.419,-8.592],[121.476,-8.564],[121.501,-8.578],[121.506,-8.614],[121.527,-8.612],[121.526,-8.596],[121.541,-8.6],[121.553,-8.576],[121.578,-8.575],[121.571,-8.531],[121.614,-8.556],[121.603,-8.505],[121.62,-8.472],[121.645,-8.478],[121.641,-8.498],[121.665,-8.493],[121.678,-8.512],[121.735,-8.495],[121.8,-8.511],[121.843,-8.482],[121.872,-8.499],[121.913,-8.496],[121.937,-8.488],[121.958,-8.443],[121.956,-8.473],[121.983,-8.447],[122.024,-8.44],[122.007,-8.487],[122.016,-8.53],[122.065,-8.521],[122.083,-8.544],[122.088,-8.528],[122.105,-8.529],[122.159,-8.555],[122.221,-8.62],[122.296,-8.642],[122.364,-8.611],[122.475,-8.608],[122.518,-8.547],[122.518,-8.526],[122.48,-8.493],[122.493,-8.474],[122.551,-8.465],[122.571,-8.429],[122.592,-8.424],[122.597,-8.393],[122.669,-8.389],[122.735,-8.358],[122.766,-8.363],[122.811,-8.298],[122.872,-8.294],[122.893,-8.278],[122.912,-8.217],[122.94,-8.199],[122.901,-8.175],[122.82,-8.187],[122.788,-8.235],[122.732,-8.227],[122.785,-8.15],[122.783,-8.108],[122.83,-8.097],[122.844,-8.07],[122.867,-8.063],[122.971,-8.133],[122.97,-8.179],[122.952,-8.196],[122.98,-8.214],[122.983,-8.251],[123.018,-8.281],[123.02,-8.317],[122.965,-8.352],[122.914,-8.329],[122.879,-8.384],[122.888,-8.449],[122.86,-8.452],[122.823,-8.427],[122.778,-8.421],[122.79,-8.484],[122.832,-8.518],[122.845,-8.563],[122.832,-8.589],[122.78,-8.612],[122.731,-8.61],[122.721,-8.634],[122.672,-8.623],[122.619,-8.655],[122.557,-8.666],[122.54,-8.701],[122.51,-8.718],[122.421,-8.745],[122.369,-8.753],[122.333,-8.739],[122.28,-8.755],[122.115,-8.73],[122.03,-8.795],[121.924,-8.831],[121.86,-8.836],[121.776,-8.883],[121.671,-8.848],[121.663,-8.89],[121.643,-8.906],[121.625,-8.893],[121.641,-8.84],[121.588,-8.802],[121.546,-8.81],[121.388,-8.789],[121.368,-8.826],[121.369,-8.879],[121.341,-8.906],[121.3,-8.908],[121.272,-8.887],[121.257,-8.898],[121.179,-8.885],[121.037,-8.956],[120.938,-8.935]]],[[[124.95,-8.958],[124.932,-9.028],[124.981,-9.067],[125.077,-9.022],[125.114,-8.966],[125.187,-9.029],[125.171,-9.123],[125.193,-9.156],[125.098,-9.2],[125.052,-9.169],[125.014,-9.169],[124.983,-9.191],[124.994,-9.29],[125.051,-9.329],[125.05,-9.359],[125.079,-9.389],[125.088,-9.462],[125.019,-9.517],[124.994,-9.559],[125.008,-9.517],[124.959,-9.536],[124.946,-9.566],[124.978,-9.605],[124.993,-9.567],[124.984,-9.638],[124.947,-9.678],[124.892,-9.698],[124.846,-9.74],[124.751,-9.881],[124.672,-9.921],[124.589,-10.0],[124.549,-10.01],[124.503,-10.099],[124.404,-10.167],[124.214,-10.165],[124.169,-10.154],[124.222,-10.157],[124.174,-10.127],[124.119,-10.153],[124.083,-10.218],[124.031,-10.249],[124.019,-10.273],[123.96,-10.278],[123.944,-10.296],[123.799,-10.356],[123.763,-10.349],[123.704,-10.367],[123.657,-10.35],[123.612,-10.37],[123.543,-10.328],[123.459,-10.358],[123.463,-10.326],[123.501,-10.274],[123.489,-10.225],[123.527,-10.217],[123.533,-10.176],[123.625,-10.14],[123.648,-10.147],[123.756,-10.093],[123.763,-10.034],[123.699,-10.008],[123.68,-10.021],[123.649,-10.01],[123.622,-10.019],[123.608,-10.046],[123.592,-10.041],[123.579,-9.942],[123.595,-9.903],[123.644,-9.893],[123.668,-9.853],[123.668,-9.81],[123.642,-9.775],[123.681,-9.748],[123.673,-9.629],[123.734,-9.567],[123.787,-9.543],[123.795,-9.491],[123.815,-9.499],[123.871,-9.476],[123.901,-9.429],[123.935,-9.421],[123.98,-9.352],[124.043,-9.336],[124.097,-9.408],[124.12,-9.407],[124.134,-9.426],[124.162,-9.419],[124.168,-9.394],[124.206,-9.37],[124.235,-9.375],[124.286,-9.45],[124.28,-9.503],[124.355,-9.485],[124.365,-9.46],[124.351,-9.429],[124.38,-9.397],[124.38,-9.357],[124.438,-9.334],[124.462,-9.301],[124.454,-9.267],[124.483,-9.198],[124.476,-9.174],[124.53,-9.19],[124.615,-9.154],[124.643,-9.126],[124.674,-9.121],[124.699,-9.053],[124.73,-9.066],[124.72,-9.057],[124.736,-9.056],[124.801,-9.009],[124.81,-9.019],[124.816,-9.003],[124.868,-9.004],[124.878,-8.981],[124.95,-8.958]]],[[[119.675,-9.829],[119.69,-9.815],[119.673,-9.782],[119.653,-9.776],[119.621,-9.801],[119.629,-9.772],[119.618,-9.762],[119.595,-9.779],[119.548,-9.752],[119.526,-9.767],[119.46,-9.741],[119.417,-9.761],[119.395,-9.797],[119.35,-9.76],[119.318,-9.766],[119.303,-9.745],[119.218,-9.738],[119.186,-9.758],[119.026,-9.675],[118.986,-9.607],[118.929,-9.56],[118.931,-9.537],[118.999,-9.45],[119.052,-9.425],[119.102,-9.421],[119.17,-9.377],[119.22,-9.391],[119.3,-9.357],[119.387,-9.383],[119.468,-9.358],[119.534,-9.378],[119.624,-9.345],[119.686,-9.382],[119.797,-9.4],[119.936,-9.276],[119.954,-9.316],[120.083,-9.469],[120.129,-9.485],[120.184,-9.468],[120.211,-9.491],[120.251,-9.647],[120.293,-9.641],[120.324,-9.67],[120.466,-9.615],[120.504,-9.686],[120.56,-9.698],[120.597,-9.731],[120.677,-9.898],[120.781,-9.946],[120.817,-9.977],[120.843,-10.035],[120.841,-10.017],[120.848,-10.039],[120.84,-10.081],[120.793,-10.126],[120.842,-10.089],[120.816,-10.125],[120.77,-10.145],[120.742,-10.188],[120.685,-10.225],[120.642,-10.229],[120.608,-10.254],[120.528,-10.242],[120.486,-10.263],[120.454,-10.317],[120.347,-10.249],[120.219,-10.254],[120.177,-10.227],[120.165,-10.24],[120.11,-10.177],[120.083,-10.177],[120.046,-10.125],[120.01,-10.124],[120.019,-10.079],[119.948,-9.999],[119.95,-9.974],[119.906,-9.975],[119.905,-9.95],[119.882,-9.958],[119.858,-9.921],[119.784,-9.922],[119.762,-9.892],[119.675,-9.829]]],[[[124.354,-8.438],[124.338,-8.42],[124.342,-8.391],[124.401,-8.326],[124.407,-8.297],[124.476,-8.255],[124.507,-8.26],[124.568,-8.218],[124.504,-8.22],[124.407,-8.279],[124.4,-8.22],[124.479,-8.13],[124.605,-8.127],[124.591,-8.186],[124.607,-8.197],[124.667,-8.161],[124.749,-8.147],[124.875,-8.168],[124.92,-8.164],[124.958,-8.141],[125.0,-8.157],[125.092,-8.147],[125.141,-8.237],[125.128,-8.283],[125.14,-8.319],[125.121,-8.34],[125.063,-8.356],[124.889,-8.364],[124.788,-8.401],[124.658,-8.39],[124.586,-8.434],[124.542,-8.442],[124.503,-8.416],[124.419,-8.46],[124.418,-8.438],[124.354,-8.438]]],[[[123.339,-8.398],[123.477,-8.34],[123.415,-8.284],[123.396,-8.3],[123.395,-8.285],[123.388,-8.3],[123.345,-8.305],[123.409,-8.252],[123.424,-8.275],[123.437,-8.262],[123.464,-8.269],[123.498,-8.241],[123.558,-8.241],[123.493,-8.36],[123.505,-8.357],[123.513,-8.351],[123.552,-8.369],[123.597,-8.332],[123.574,-8.296],[123.602,-8.287],[123.6,-8.319],[123.635,-8.291],[123.605,-8.22],[123.649,-8.218],[123.652,-8.254],[123.685,-8.26],[123.713,-8.241],[123.698,-8.218],[123.724,-8.215],[123.782,-8.171],[123.843,-8.204],[123.855,-8.23],[123.868,-8.214],[123.902,-8.218],[123.924,-8.245],[123.838,-8.285],[123.793,-8.273],[123.766,-8.288],[123.676,-8.427],[123.653,-8.427],[123.65,-8.404],[123.62,-8.406],[123.553,-8.47],[123.587,-8.531],[123.546,-8.572],[123.517,-8.563],[123.491,-8.515],[123.449,-8.534],[123.425,-8.577],[123.393,-8.586],[123.317,-8.527],[123.291,-8.549],[123.241,-8.539],[123.221,-8.555],[123.209,-8.515],[123.233,-8.51],[123.339,-8.398]]],[[[123.047,-10.726],[123.129,-10.644],[123.15,-10.653],[123.178,-10.637],[123.195,-10.594],[123.263,-10.61],[123.332,-10.58],[123.276,-10.579],[123.255,-10.603],[123.219,-10.585],[123.264,-10.521],[123.37,-10.479],[123.374,-10.432],[123.426,-10.472],[123.383,-10.488],[123.378,-10.502],[123.388,-10.493],[123.4,-10.506],[123.367,-10.546],[123.388,-10.545],[123.408,-10.494],[123.441,-10.492],[123.439,-10.511],[123.386,-10.56],[123.38,-10.547],[123.364,-10.548],[123.366,-10.534],[123.357,-10.545],[123.372,-10.562],[123.379,-10.553],[123.378,-10.577],[123.338,-10.585],[123.352,-10.6],[123.417,-10.609],[123.426,-10.658],[123.402,-10.687],[123.331,-10.679],[123.301,-10.72],[123.253,-10.734],[123.222,-10.828],[123.208,-10.82],[123.188,-10.837],[123.133,-10.816],[123.086,-10.859],[123.071,-10.848],[123.058,-10.864],[122.999,-10.856],[122.972,-10.868],[122.946,-10.886],[122.957,-10.908],[122.912,-10.925],[122.895,-10.908],[122.863,-10.917],[122.847,-10.943],[122.825,-10.924],[122.83,-10.855],[122.804,-10.803],[122.81,-10.782],[122.839,-10.79],[122.837,-10.809],[122.874,-10.83],[122.88,-10.821],[122.842,-10.806],[122.847,-10.804],[122.838,-10.788],[122.844,-10.774],[122.835,-10.776],[122.858,-10.759],[123.008,-10.73],[123.023,-10.74],[123.023,-10.728],[123.047,-10.726]]],[[[123.914,-8.438],[123.946,-8.407],[123.965,-8.348],[124.059,-8.293],[124.085,-8.315],[124.089,-8.381],[124.119,-8.392],[124.122,-8.37],[124.104,-8.364],[124.166,-8.312],[124.184,-8.275],[124.203,-8.274],[124.25,-8.193],[124.282,-8.174],[124.322,-8.183],[124.326,-8.228],[124.299,-8.268],[124.302,-8.33],[124.247,-8.362],[124.209,-8.416],[124.212,-8.461],[124.173,-8.487],[124.142,-8.538],[124.056,-8.544],[124.065,-8.489],[124.034,-8.42],[123.982,-8.42],[123.944,-8.46],[123.914,-8.438]]],[[[123.065,-8.412],[123.054,-8.399],[123.001,-8.41],[123.011,-8.338],[123.032,-8.308],[123.142,-8.234],[123.161,-8.251],[123.196,-8.225],[123.219,-8.244],[123.243,-8.226],[123.333,-8.27],[123.305,-8.296],[123.307,-8.362],[123.29,-8.391],[123.182,-8.385],[123.065,-8.412]]],[[[121.854,-10.44],[121.904,-10.419],[121.999,-10.443],[122.008,-10.465],[121.986,-10.551],[121.957,-10.552],[121.875,-10.618],[121.838,-10.626],[121.795,-10.606],[121.749,-10.615],[121.684,-10.578],[121.833,-10.499],[121.854,-10.44]]],[[[119.455,-8.427],[119.467,-8.437],[119.484,-8.487],[119.53,-8.484],[119.534,-8.497],[119.553,-8.479],[119.551,-8.499],[119.572,-8.489],[119.57,-8.533],[119.564,-8.53],[119.561,-8.514],[119.55,-8.532],[119.56,-8.588],[119.575,-8.595],[119.519,-8.602],[119.525,-8.581],[119.507,-8.569],[119.478,-8.604],[119.454,-8.603],[119.464,-8.628],[119.494,-8.62],[119.476,-8.652],[119.457,-8.648],[119.434,-8.676],[119.457,-8.702],[119.452,-8.745],[119.472,-8.737],[119.463,-8.746],[119.444,-8.751],[119.402,-8.723],[119.377,-8.738],[119.371,-8.718],[119.404,-8.689],[119.41,-8.647],[119.398,-8.622],[119.374,-8.631],[119.388,-8.6],[119.374,-8.585],[119.391,-8.559],[119.423,-8.551],[119.421,-8.53],[119.437,-8.525],[119.412,-8.502],[119.449,-8.491],[119.42,-8.449],[119.45,-8.452],[119.455,-8.427]]],[[[123.454,-10.115],[123.469,-10.162],[123.5,-10.158],[123.506,-10.178],[123.461,-10.196],[123.428,-10.23],[123.42,-10.207],[123.391,-10.207],[123.419,-10.26],[123.407,-10.267],[123.42,-10.296],[123.395,-10.293],[123.415,-10.314],[123.408,-10.335],[123.382,-10.337],[123.366,-10.304],[123.346,-10.305],[123.344,-10.326],[123.322,-10.339],[123.301,-10.271],[123.368,-10.204],[123.396,-10.135],[123.454,-10.115]]],[[[122.976,-8.438],[123.023,-8.451],[123.037,-8.435],[123.144,-8.423],[123.168,-8.436],[123.149,-8.462],[123.079,-8.489],[123.022,-8.476],[122.976,-8.515],[122.937,-8.595],[122.887,-8.609],[122.871,-8.581],[122.883,-8.529],[122.946,-8.493],[122.976,-8.438]]],[[[119.616,-8.789],[119.606,-8.734],[119.634,-8.742],[119.616,-8.725],[119.637,-8.725],[119.618,-8.708],[119.66,-8.707],[119.661,-8.682],[119.646,-8.665],[119.649,-8.683],[119.624,-8.682],[119.642,-8.659],[119.615,-8.609],[119.663,-8.612],[119.659,-8.666],[119.673,-8.689],[119.678,-8.673],[119.687,-8.686],[119.709,-8.671],[119.688,-8.638],[119.715,-8.657],[119.719,-8.622],[119.802,-8.619],[119.799,-8.657],[119.758,-8.665],[119.745,-8.698],[119.727,-8.7],[119.712,-8.678],[119.688,-8.72],[119.733,-8.756],[119.717,-8.757],[119.732,-8.766],[119.712,-8.778],[119.717,-8.793],[119.684,-8.811],[119.66,-8.773],[119.616,-8.789]]],[[[122.334,-8.437],[122.375,-8.429],[122.406,-8.449],[122.415,-8.436],[122.415,-8.477],[122.399,-8.499],[122.355,-8.488],[122.334,-8.437]]],[[[121.741,-8.344],[121.725,-8.355],[121.676,-8.337],[121.686,-8.304],[121.707,-8.293],[121.731,-8.3],[121.741,-8.344]]]]}},{"type":"Feature","id":20,"properties":{"province_id":20,"province":"Kalimantan Barat","iso":"ID-KB"},"geometry":{"type":"MultiPolygon","coordinates":[[[[113.84,0.668],[113.811,0.645],[113.771,0.566],[113.672,0.504],[113.658,0.443],[113.586,0.405],[113.461,0.281],[113.413,0.264],[113.343,0.279],[113.271,0.242],[113.328,0.177],[113.419,0.125],[113.41,0.047],[113.437,0.015],[113.417,-0.045],[113.44,-0.064],[113.419,-0.112],[113.397,-0.125],[113.419,-0.141],[113.409,-0.162],[113.387,-0.164],[113.356,-0.219],[113.284,-0.242],[113.208,-0.338],[113.263,-0.388],[113.267,-0.423],[113.218,-0.503],[113.143,-0.446],[113.111,-0.486],[113.062,-0.5],[112.992,-0.488],[112.975,-0.511],[112.887,-0.535],[112.845,-0.572],[112.753,-0.569],[112.743,-0.62],[112.699,-0.622],[112.684,-0.653],[112.627,-0.656],[112.585,-0.691],[112.488,-0.693],[112.475,-0.732],[112.456,-0.722],[112.449,-0.679],[112.433,-0.673],[112.365,-0.713],[112.329,-0.704],[112.302,-0.733],[112.244,-0.635],[112.197,-0.616],[112.161,-0.655],[112.159,-0.684],[112.147,-0.68],[112.158,-0.729],[112.023,-0.703],[112.029,-0.796],[111.954,-0.819],[111.91,-0.773],[111.902,-0.832],[111.919,-0.871],[111.872,-0.864],[111.854,-0.905],[111.73,-0.924],[111.718,-0.945],[111.625,-0.985],[111.622,-1.048],[111.571,-1.076],[111.554,-1.111],[111.571,-1.139],[111.556,-1.168],[111.573,-1.2],[111.485,-1.232],[111.409,-1.241],[111.4,-1.277],[111.379,-1.278],[111.361,-1.319],[111.327,-1.336],[111.297,-1.399],[111.275,-1.406],[111.279,-1.425],[111.22,-1.409],[111.207,-1.441],[111.185,-1.432],[111.192,-1.514],[111.175,-1.508],[111.168,-1.477],[111.147,-1.473],[111.107,-1.493],[111.119,-1.553],[111.078,-1.563],[111.059,-1.536],[111.014,-1.563],[110.984,-1.538],[110.952,-1.578],[110.909,-1.586],[110.858,-1.631],[110.86,-1.676],[110.887,-1.682],[110.914,-1.718],[110.939,-1.713],[110.977,-1.668],[111.006,-1.699],[111.014,-1.78],[110.982,-1.829],[110.976,-1.883],[110.997,-1.91],[110.975,-1.955],[111.004,-1.991],[111.085,-1.995],[111.081,-2.049],[111.038,-2.074],[111.08,-2.159],[111.032,-2.244],[111.071,-2.302],[111.104,-2.425],[111.137,-2.612],[111.119,-2.653],[111.165,-2.673],[111.171,-2.706],[111.136,-2.751],[111.012,-2.795],[110.969,-2.856],[110.893,-2.872],[110.774,-2.926],[110.727,-3.004],[110.658,-3.042],[110.611,-2.992],[110.639,-2.99],[110.616,-2.876],[110.572,-2.838],[110.469,-2.871],[110.375,-2.926],[110.306,-2.996],[110.261,-2.963],[110.224,-2.886],[110.261,-2.824],[110.259,-2.762],[110.22,-2.738],[110.233,-2.693],[110.211,-2.645],[110.149,-2.621],[110.185,-2.589],[110.2,-2.519],[110.181,-2.454],[110.149,-2.428],[110.138,-2.303],[110.094,-2.244],[110.063,-2.245],[110.093,-2.223],[110.085,-2.181],[110.11,-2.15],[110.118,-2.032],[110.065,-1.929],[109.922,-1.856],[109.901,-1.828],[109.915,-1.812],[109.91,-1.77],[109.941,-1.777],[109.931,-1.757],[109.972,-1.752],[110.032,-1.667],[110.036,-1.525],[110.074,-1.405],[110.062,-1.347],[110.017,-1.287],[109.962,-1.277],[109.939,-1.252],[109.948,-1.239],[109.934,-1.218],[109.909,-1.21],[109.945,-1.126],[109.819,-1.091],[109.804,-1.049],[109.769,-1.035],[109.765,-0.996],[109.732,-0.988],[109.734,-0.967],[109.682,-1.013],[109.628,-0.967],[109.613,-0.972],[109.59,-0.903],[109.553,-0.885],[109.455,-0.866],[109.439,-0.857],[109.448,-0.849],[109.406,-0.87],[109.432,-0.896],[109.421,-0.913],[109.403,-0.896],[109.403,-0.903],[109.405,-0.906],[109.419,-0.916],[109.397,-0.933],[109.307,-0.906],[109.257,-0.849],[109.239,-0.795],[109.248,-0.662],[109.319,-0.705],[109.398,-0.708],[109.469,-0.754],[109.539,-0.732],[109.459,-0.73],[109.445,-0.709],[109.47,-0.716],[109.391,-0.658],[109.372,-0.649],[109.36,-0.653],[109.351,-0.634],[109.385,-0.602],[109.376,-0.584],[109.295,-0.592],[109.252,-0.604],[109.202,-0.552],[109.186,-0.553],[109.189,-0.569],[109.147,-0.571],[109.115,-0.517],[109.103,-0.345],[109.056,-0.276],[109.055,-0.222],[109.077,-0.203],[109.094,-0.135],[109.162,-0.059],[109.169,0.028],[109.189,0.066],[109.137,0.13],[109.127,0.192],[109.092,0.245],[109.015,0.297],[108.928,0.318],[108.915,0.336],[108.947,0.387],[108.941,0.445],[108.908,0.48],[108.926,0.634],[108.897,0.694],[108.873,0.708],[108.881,0.764],[108.841,0.815],[108.893,0.871],[108.911,0.863],[108.939,0.885],[108.98,0.989],[108.962,1.065],[108.905,1.163],[108.925,1.176],[108.965,1.17],[108.989,1.201],[109.066,1.199],[109.141,1.24],[109.115,1.242],[109.06,1.206],[108.96,1.205],[108.987,1.275],[109.044,1.347],[109.049,1.505],[109.104,1.567],[109.221,1.633],[109.26,1.673],[109.303,1.773],[109.287,1.776],[109.338,1.832],[109.344,1.875],[109.323,1.927],[109.338,1.943],[109.431,1.95],[109.471,1.981],[109.587,1.991],[109.645,2.081],[109.627,1.991],[109.56,1.971],[109.552,1.956],[109.564,1.937],[109.538,1.925],[109.553,1.853],[109.583,1.835],[109.585,1.792],[109.636,1.805],[109.686,1.782],[109.661,1.693],[109.662,1.619],[109.689,1.61],[109.799,1.499],[109.807,1.466],[109.839,1.486],[109.836,1.422],[109.93,1.425],[109.962,1.403],[109.979,1.299],[110.065,1.265],[110.064,1.209],[110.086,1.217],[110.097,1.198],[110.155,1.199],[110.192,1.183],[110.213,1.15],[110.209,1.118],[110.241,1.117],[110.263,1.056],[110.286,1.044],[110.277,0.996],[110.324,0.993],[110.339,1.013],[110.359,0.983],[110.395,0.997],[110.406,0.953],[110.439,0.944],[110.446,0.908],[110.491,0.876],[110.576,0.854],[110.628,0.872],[110.633,0.909],[110.652,0.906],[110.668,0.876],[110.723,0.908],[110.755,0.9],[110.769,0.932],[110.805,0.9],[110.809,0.95],[110.86,0.95],[110.905,1.028],[110.997,1.027],[111.142,1.052],[111.198,1.065],[111.225,1.093],[111.254,1.064],[111.272,1.068],[111.405,1.009],[111.489,1.034],[111.514,1.007],[111.523,0.957],[111.54,0.949],[111.548,0.978],[111.577,0.974],[111.595,1.008],[111.667,1.043],[111.714,1.026],[111.716,1.008],[111.762,1.021],[111.776,0.999],[111.826,0.985],[111.866,1.009],[111.88,1.066],[111.928,1.088],[111.935,1.118],[112.154,1.142],[112.142,1.186],[112.168,1.219],[112.158,1.25],[112.174,1.26],[112.177,1.311],[112.199,1.322],[112.226,1.384],[112.226,1.399],[112.195,1.411],[112.208,1.45],[112.276,1.466],[112.319,1.505],[112.43,1.523],[112.447,1.55],[112.5,1.58],[112.66,1.569],[112.677,1.552],[112.776,1.562],[112.801,1.541],[112.842,1.537],[112.885,1.588],[112.975,1.563],[113.003,1.581],[113.006,1.569],[113.059,1.558],[113.071,1.529],[113.032,1.493],[113.04,1.474],[112.982,1.45],[112.975,1.409],[113.019,1.404],[113.106,1.445],[113.141,1.393],[113.181,1.379],[113.233,1.398],[113.326,1.377],[113.419,1.285],[113.544,1.32],[113.582,1.306],[113.596,1.26],[113.625,1.25],[113.617,1.227],[113.63,1.216],[113.665,1.215],[113.703,1.263],[113.81,1.299],[113.831,1.347],[113.815,1.364],[113.937,1.416],[113.954,1.442],[114.143,1.465],[114.207,1.41],[114.148,1.379],[114.142,1.293],[114.161,1.266],[114.126,1.224],[114.14,1.199],[114.11,1.15],[114.08,1.162],[114.046,1.132],[114.03,1.147],[113.986,1.144],[113.942,1.063],[113.894,1.052],[113.892,1.023],[113.915,1.008],[113.918,0.987],[113.875,0.893],[113.926,0.838],[113.889,0.787],[113.895,0.739],[113.875,0.713],[113.844,0.706],[113.84,0.668]]],[[[109.687,-1.217],[109.591,-1.248],[109.501,-1.31],[109.434,-1.295],[109.383,-1.26],[109.427,-1.205],[109.459,-1.003],[109.488,-0.973],[109.545,-1.002],[109.597,-0.981],[109.637,-0.986],[109.644,-1.01],[109.675,-1.02],[109.718,-0.989],[109.762,-1.004],[109.78,-1.147],[109.691,-1.193],[109.687,-1.217]]],[[[110.112,-2.673],[110.128,-2.694],[110.116,-2.718],[110.128,-2.742],[110.084,-2.761],[110.045,-2.748],[110.081,-2.693],[110.112,-2.673]]],[[[110.192,-2.91],[110.134,-2.899],[110.162,-2.854],[110.201,-2.882],[110.192,-2.91]]]]}},{"type":"Feature","id":21,"properties":{"province_id":21,"province":"Kalimantan Selatan","iso":"ID-KS"},"geometry":{"type":"MultiPolygon","coordinates":[[[[114.353,-3.447],[114.398,-3.257],[114.478,-3.127],[114.498,-3.001],[114.591,-2.821],[114.664,-2.802],[114.68,-2.741],[114.717,-2.743],[114.761,-2.722],[114.789,-2.678],[114.798,-2.592],[114.868,-2.516],[114.863,-2.48],[114.876,-2.464],[114.914,-2.452],[115.206,-2.241],[115.241,-2.198],[115.265,-2.226],[115.291,-2.226],[115.3,-2.144],[115.325,-2.085],[115.278,-2.001],[115.351,-1.93],[115.31,-1.807],[115.401,-1.435],[115.524,-1.43],[115.64,-1.369],[115.689,-1.366],[115.757,-1.302],[115.745,-1.36],[115.708,-1.415],[115.671,-1.444],[115.654,-1.422],[115.675,-1.394],[115.647,-1.388],[115.571,-1.483],[115.543,-1.491],[115.537,-1.532],[115.553,-1.544],[115.582,-1.524],[115.6,-1.547],[115.613,-1.535],[115.637,-1.547],[115.629,-1.606],[115.652,-1.642],[115.668,-1.639],[115.667,-1.707],[115.701,-1.731],[115.727,-1.787],[115.732,-1.889],[115.7,-1.987],[115.73,-2.008],[115.706,-2.036],[115.735,-2.058],[115.789,-2.051],[115.818,-2.066],[115.792,-2.104],[115.781,-2.198],[115.818,-2.294],[115.836,-2.301],[115.816,-2.325],[115.836,-2.387],[115.852,-2.397],[115.888,-2.379],[115.896,-2.338],[115.918,-2.345],[115.96,-2.32],[115.967,-2.293],[116.011,-2.325],[116.198,-2.336],[116.244,-2.362],[116.358,-2.357],[116.435,-2.371],[116.554,-2.419],[116.523,-2.518],[116.531,-2.537],[116.512,-2.562],[116.481,-2.572],[116.476,-2.512],[116.451,-2.502],[116.422,-2.501],[116.398,-2.528],[116.353,-2.518],[116.312,-2.535],[116.323,-2.58],[116.359,-2.55],[116.392,-2.584],[116.416,-2.579],[116.369,-2.662],[116.364,-2.879],[116.271,-3.002],[116.214,-3.002],[116.209,-2.942],[116.155,-2.9],[116.138,-2.816],[116.122,-2.821],[116.132,-2.889],[116.102,-2.933],[116.123,-2.96],[116.085,-2.99],[116.111,-2.996],[116.136,-2.975],[116.177,-2.998],[116.182,-3.059],[116.274,-3.13],[116.207,-3.129],[116.168,-3.167],[116.185,-3.242],[116.085,-3.282],[116.032,-3.363],[116.007,-3.433],[116.015,-3.483],[115.993,-3.518],[115.993,-3.556],[115.984,-3.57],[115.973,-3.562],[115.982,-3.571],[115.996,-3.565],[115.971,-3.607],[115.847,-3.627],[115.716,-3.732],[115.662,-3.739],[115.251,-3.908],[115.005,-4.014],[114.708,-4.171],[114.662,-4.178],[114.619,-4.161],[114.639,-4.039],[114.604,-3.83],[114.623,-3.701],[114.612,-3.64],[114.571,-3.573],[114.514,-3.543],[114.499,-3.511],[114.425,-3.494],[114.429,-3.48],[114.4,-3.449],[114.391,-3.464],[114.393,-3.451],[114.353,-3.447]]],[[[116.062,-3.849],[116.078,-3.847],[116.077,-3.811],[116.005,-3.682],[116.009,-3.614],[116.045,-3.545],[116.038,-3.482],[116.073,-3.448],[116.115,-3.304],[116.138,-3.306],[116.255,-3.21],[116.28,-3.214],[116.25,-3.374],[116.314,-3.474],[116.313,-3.507],[116.291,-3.507],[116.271,-3.544],[116.306,-3.59],[116.29,-3.611],[116.3,-3.712],[116.315,-3.729],[116.339,-3.728],[116.271,-3.816],[116.297,-3.849],[116.31,-3.917],[116.274,-3.907],[116.244,-3.942],[116.209,-3.952],[116.19,-3.973],[116.21,-3.985],[116.173,-3.997],[116.143,-4.035],[116.116,-4.022],[116.091,-4.085],[116.088,-4.079],[116.095,-4.07],[116.084,-4.07],[116.098,-4.055],[116.074,-4.04],[116.08,-4.026],[116.062,-4.026],[116.048,-4.062],[116.039,-4.024],[116.058,-4.007],[116.051,-3.989],[116.08,-3.924],[116.057,-3.904],[116.062,-3.849]]],[[[116.368,-3.651],[116.342,-3.567],[116.312,-3.555],[116.339,-3.459],[116.391,-3.413],[116.408,-3.36],[116.431,-3.368],[116.435,-3.421],[116.399,-3.627],[116.368,-3.651]]]]}},{"type":"Feature","id":22,"properties":{"province_id":22,"province":"Kalimantan Tengah","iso":"ID-KT"},"geometry":{"type":"Polygon","coordinates":[[[110.731,-2.997],[110.774,-2.926],[110.893,-2.872],[110.969,-2.856],[111.012,-2.795],[111.136,-2.751],[111.173,-2.69],[111.165,-2.673],[111.119,-2.653],[111.137,-2.612],[111.104,-2.425],[111.071,-2.302],[111.032,-2.244],[111.08,-2.159],[111.038,-2.074],[111.081,-2.049],[111.085,-1.995],[111.004,-1.991],[110.975,-1.955],[110.997,-1.91],[110.976,-1.883],[110.982,-1.829],[111.014,-1.78],[111.006,-1.699],[110.977,-1.668],[110.939,-1.713],[110.914,-1.718],[110.887,-1.682],[110.86,-1.676],[110.858,-1.631],[110.909,-1.586],[110.952,-1.578],[110.984,-1.538],[111.014,-1.563],[111.059,-1.536],[111.078,-1.563],[111.119,-1.553],[111.107,-1.493],[111.147,-1.473],[111.168,-1.477],[111.175,-1.508],[111.192,-1.514],[111.185,-1.432],[111.207,-1.441],[111.22,-1.409],[111.279,-1.425],[111.275,-1.406],[111.297,-1.399],[111.327,-1.336],[111.361,-1.319],[111.379,-1.278],[111.4,-1.277],[111.409,-1.241],[111.485,-1.232],[111.573,-1.2],[111.556,-1.168],[111.571,-1.139],[111.554,-1.111],[111.571,-1.076],[111.622,-1.048],[111.625,-0.985],[111.718,-0.945],[111.73,-0.924],[111.854,-0.905],[111.872,-0.864],[111.919,-0.871],[111.902,-0.832],[111.91,-0.773],[111.954,-0.819],[112.029,-0.796],[112.023,-0.703],[112.158,-0.729],[112.147,-0.68],[112.159,-0.684],[112.161,-0.655],[112.197,-0.616],[112.244,-0.635],[112.302,-0.733],[112.329,-0.704],[112.365,-0.713],[112.433,-0.673],[112.449,-0.679],[112.456,-0.722],[112.475,-0.732],[112.488,-0.693],[112.585,-0.691],[112.627,-0.656],[112.684,-0.653],[112.699,-0.622],[112.743,-0.62],[112.753,-0.569],[112.845,-0.572],[112.887,-0.535],[112.975,-0.511],[112.992,-0.488],[113.062,-0.5],[113.111,-0.486],[113.143,-0.446],[113.218,-0.503],[113.267,-0.423],[113.263,-0.388],[113.208,-0.338],[113.284,-0.242],[113.356,-0.219],[113.387,-0.164],[113.409,-0.162],[113.419,-0.141],[113.397,-0.125],[113.419,-0.112],[113.44,-0.064],[113.417,-0.045],[113.437,0.015],[113.41,0.047],[113.419,0.125],[113.328,0.177],[113.271,0.242],[113.343,0.279],[113.413,0.264],[113.461,0.281],[113.586,0.405],[113.658,0.443],[113.672,0.504],[113.771,0.566],[113.811,0.645],[113.84,0.668],[113.879,0.662],[113.889,0.645],[113.979,0.67],[114.005,0.655],[114.108,0.703],[114.155,0.668],[114.173,0.625],[114.148,0.588],[114.187,0.571],[114.197,0.542],[114.223,0.532],[114.316,0.545],[114.412,0.496],[114.433,0.51],[114.428,0.544],[114.459,0.571],[114.519,0.566],[114.541,0.598],[114.538,0.631],[114.615,0.642],[114.658,0.707],[114.7,0.729],[114.695,0.714],[114.711,0.707],[114.76,0.744],[114.784,0.735],[114.824,0.753],[114.848,0.716],[114.876,0.702],[114.864,0.739],[114.905,0.775],[114.908,0.795],[114.978,0.748],[115.008,0.618],[115.095,0.47],[115.136,0.43],[115.132,0.388],[115.05,0.303],[115.018,0.33],[114.955,0.315],[114.942,0.334],[114.908,0.319],[114.862,0.238],[114.835,0.229],[114.802,0.179],[114.811,0.158],[114.788,0.097],[114.809,0.071],[114.835,0.079],[114.895,0.044],[114.896,-0.027],[114.925,-0.094],[114.935,-0.188],[114.99,-0.173],[114.993,-0.185],[115.042,-0.19],[115.082,-0.152],[115.144,-0.137],[115.156,-0.102],[115.195,-0.073],[115.229,-0.072],[115.301,-0.032],[115.321,-0.095],[115.27,-0.146],[115.271,-0.185],[115.238,-0.237],[115.253,-0.291],[115.228,-0.297],[115.24,-0.377],[115.26,-0.393],[115.246,-0.445],[115.296,-0.489],[115.352,-0.582],[115.385,-0.808],[115.501,-0.847],[115.578,-0.942],[115.652,-0.992],[115.674,-1.054],[115.698,-1.055],[115.744,-1.09],[115.757,-1.133],[115.797,-1.111],[115.848,-1.162],[115.77,-1.23],[115.754,-1.31],[115.689,-1.366],[115.64,-1.369],[115.524,-1.43],[115.401,-1.435],[115.31,-1.807],[115.351,-1.93],[115.278,-2.001],[115.325,-2.085],[115.3,-2.144],[115.291,-2.226],[115.265,-2.226],[115.241,-2.198],[115.206,-2.241],[114.914,-2.452],[114.876,-2.464],[114.863,-2.48],[114.868,-2.516],[114.798,-2.592],[114.789,-2.678],[114.761,-2.722],[114.717,-2.743],[114.68,-2.741],[114.664,-2.802],[114.591,-2.821],[114.498,-3.001],[114.478,-3.127],[114.398,-3.257],[114.35,-3.456],[114.312,-3.451],[114.252,-3.397],[114.243,-3.369],[114.176,-3.392],[114.111,-3.371],[114.052,-3.316],[114.045,-3.347],[113.961,-3.366],[113.821,-3.45],[113.724,-3.468],[113.628,-3.465],[113.581,-3.442],[113.611,-3.396],[113.633,-3.297],[113.612,-3.191],[113.604,-3.166],[113.58,-3.162],[113.585,-3.141],[113.547,-3.155],[113.542,-3.138],[113.534,-3.156],[113.433,-3.169],[113.414,-3.218],[113.38,-3.234],[113.38,-3.257],[113.364,-3.251],[113.367,-3.271],[113.357,-3.271],[113.349,-3.266],[113.319,-3.23],[113.342,-3.279],[113.198,-3.094],[113.089,-3.035],[113.103,-3.034],[113.06,-3.011],[113.046,-2.974],[112.942,-3.112],[112.968,-3.158],[112.992,-3.165],[113.042,-3.13],[112.918,-3.242],[112.684,-3.363],[112.642,-3.404],[112.562,-3.445],[112.479,-3.414],[112.432,-3.36],[112.388,-3.337],[112.337,-3.316],[112.261,-3.313],[112.203,-3.332],[112.045,-3.428],[111.903,-3.541],[111.844,-3.541],[111.793,-3.529],[111.767,-3.504],[111.813,-3.417],[111.816,-3.303],[111.799,-3.202],[111.823,-3.03],[111.762,-2.907],[111.709,-2.851],[111.67,-2.895],[111.691,-2.92],[111.707,-2.904],[111.691,-2.943],[111.634,-2.959],[111.548,-3.023],[111.489,-2.945],[111.41,-2.907],[111.386,-2.921],[111.343,-2.909],[111.177,-2.998],[110.971,-3.067],[110.801,-2.977],[110.731,-2.997]]]}},{"type":"Feature","id":23,"properties":{"province_id":23,"province":"Kalimantan Timur","iso":"ID-KI"},"geometry":{"type":"MultiPolygon","coordinates":[[[[115.77,-1.23],[115.847,-1.155],[115.797,-1.111],[115.757,-1.133],[115.744,-1.09],[115.698,-1.055],[115.674,-1.054],[115.652,-0.992],[115.578,-0.942],[115.501,-0.847],[115.39,-0.816],[115.369,-0.768],[115.352,-0.582],[115.296,-0.489],[115.246,-0.445],[115.26,-0.393],[115.24,-0.377],[115.228,-0.297],[115.253,-0.291],[115.238,-0.237],[115.271,-0.185],[115.27,-0.146],[115.321,-0.095],[115.301,-0.032],[115.229,-0.072],[115.195,-0.073],[115.156,-0.102],[115.144,-0.137],[115.082,-0.152],[115.042,-0.19],[114.993,-0.185],[114.99,-0.173],[114.935,-0.188],[114.925,-0.094],[114.896,-0.027],[114.895,0.044],[114.835,0.079],[114.809,0.071],[114.788,0.097],[114.811,0.158],[114.802,0.179],[114.835,0.229],[114.862,0.238],[114.908,0.319],[114.942,0.334],[114.955,0.315],[115.018,0.33],[115.05,0.303],[115.132,0.388],[115.136,0.43],[115.095,0.47],[115.008,0.618],[114.978,0.748],[114.908,0.795],[114.905,0.775],[114.864,0.739],[114.876,0.702],[114.848,0.716],[114.824,0.753],[114.784,0.735],[114.76,0.744],[114.711,0.707],[114.695,0.714],[114.7,0.729],[114.658,0.707],[114.615,0.642],[114.538,0.631],[114.541,0.598],[114.519,0.566],[114.459,0.571],[114.428,0.544],[114.433,0.51],[114.412,0.496],[114.316,0.545],[114.212,0.535],[114.188,0.549],[114.187,0.571],[114.148,0.588],[114.173,0.625],[114.165,0.647],[114.108,0.703],[114.005,0.655],[113.979,0.67],[113.889,0.645],[113.879,0.662],[113.84,0.668],[113.844,0.706],[113.875,0.713],[113.895,0.739],[113.889,0.787],[113.926,0.838],[113.875,0.893],[113.918,0.987],[113.915,1.008],[113.892,1.023],[113.894,1.052],[113.942,1.063],[113.986,1.144],[114.03,1.147],[114.046,1.132],[114.08,1.162],[114.117,1.154],[114.14,1.199],[114.126,1.224],[114.161,1.266],[114.142,1.293],[114.152,1.385],[114.223,1.416],[114.24,1.447],[114.301,1.456],[114.383,1.492],[114.387,1.516],[114.409,1.521],[114.475,1.475],[114.496,1.477],[114.537,1.435],[114.562,1.432],[114.575,1.396],[114.6,1.394],[114.615,1.364],[114.697,1.358],[114.726,1.313],[114.722,1.268],[114.757,1.255],[114.844,1.17],[114.894,1.215],[114.937,1.182],[114.99,1.192],[115.015,1.124],[115.046,1.115],[115.13,1.13],[115.177,1.117],[115.205,1.064],[115.287,1.046],[115.31,1.068],[115.372,1.067],[115.383,1.101],[115.418,1.127],[115.425,1.162],[115.411,1.187],[115.436,1.223],[115.502,1.256],[115.638,1.286],[115.718,1.268],[115.777,1.358],[115.845,1.379],[115.868,1.409],[115.869,1.445],[115.959,1.488],[115.982,1.535],[116.013,1.527],[116.048,1.556],[116.044,1.606],[116.086,1.66],[116.135,1.661],[116.196,1.847],[116.183,1.894],[116.204,1.989],[116.237,2.016],[116.228,2.091],[116.264,2.109],[116.297,2.103],[116.301,2.124],[116.323,2.122],[116.355,2.157],[116.354,2.176],[116.3,2.233],[116.338,2.29],[116.423,2.305],[116.464,2.28],[116.486,2.286],[116.485,2.316],[116.511,2.346],[116.512,2.382],[116.497,2.398],[116.509,2.458],[116.573,2.453],[116.628,2.419],[116.649,2.457],[116.741,2.532],[116.792,2.396],[116.811,2.379],[116.862,2.464],[116.963,2.51],[117.037,2.524],[117.095,2.598],[117.252,2.578],[117.316,2.606],[117.415,2.609],[117.515,2.525],[117.561,2.522],[117.588,2.503],[117.608,2.522],[117.63,2.519],[117.723,2.399],[117.738,2.347],[117.764,2.329],[117.827,2.327],[117.876,2.392],[117.917,2.399],[117.951,2.385],[117.975,2.425],[118.001,2.435],[118.024,2.358],[118.045,2.38],[118.102,2.285],[118.021,2.197],[117.937,2.179],[117.925,2.14],[117.957,2.12],[117.914,2.098],[117.908,2.041],[117.858,2.023],[117.845,2.043],[117.761,2.019],[117.839,2.008],[117.864,1.966],[117.879,1.973],[117.861,1.874],[117.892,1.871],[117.898,1.837],[117.936,1.802],[118.049,1.783],[118.067,1.76],[118.053,1.73],[118.134,1.635],[118.165,1.628],[118.3,1.531],[118.386,1.501],[118.376,1.486],[118.411,1.487],[118.423,1.448],[118.376,1.426],[118.428,1.433],[118.416,1.428],[118.431,1.422],[118.424,1.408],[118.484,1.383],[118.485,1.363],[118.508,1.376],[118.516,1.356],[118.566,1.362],[118.714,1.249],[118.769,1.197],[118.764,1.159],[118.722,1.155],[118.774,1.156],[118.788,1.136],[118.777,1.133],[118.831,1.098],[118.836,1.053],[118.918,1.065],[118.978,1.037],[118.987,0.988],[118.965,0.943],[118.908,0.904],[118.894,0.875],[118.856,0.877],[118.792,0.801],[118.795,0.812],[118.768,0.804],[118.724,0.823],[118.71,0.813],[118.698,0.845],[118.67,0.856],[118.621,0.845],[118.592,0.811],[118.45,0.837],[118.386,0.802],[118.346,0.813],[118.34,0.84],[118.307,0.852],[118.063,0.904],[118.057,0.94],[118.01,0.959],[118.007,0.986],[118.005,0.992],[117.999,0.993],[117.973,0.975],[117.97,0.956],[118.024,0.856],[118.03,0.781],[117.968,0.777],[117.922,0.807],[117.916,0.836],[117.873,0.808],[117.81,0.796],[117.72,0.708],[117.71,0.624],[117.673,0.617],[117.634,0.515],[117.606,0.488],[117.606,0.42],[117.585,0.404],[117.554,0.422],[117.567,0.392],[117.552,0.335],[117.542,0.317],[117.522,0.321],[117.534,0.286],[117.516,0.269],[117.529,0.26],[117.516,0.243],[117.528,0.221],[117.493,0.185],[117.506,0.175],[117.487,0.176],[117.478,0.158],[117.495,0.148],[117.508,0.159],[117.522,0.125],[117.506,0.107],[117.478,0.11],[117.483,0.102],[117.492,0.105],[117.501,0.101],[117.498,0.098],[117.494,0.102],[117.493,0.099],[117.487,0.102],[117.483,0.102],[117.478,0.104],[117.486,0.083],[117.458,0.101],[117.477,0.083],[117.467,0.046],[117.475,0.046],[117.487,0.063],[117.512,0.058],[117.49,0.041],[117.492,0.028],[117.502,0.04],[117.519,0.025],[117.506,0.002],[117.519,-0.031],[117.478,-0.075],[117.443,-0.202],[117.417,-0.223],[117.426,-0.275],[117.452,-0.304],[117.453,-0.352],[117.492,-0.329],[117.494,-0.346],[117.526,-0.351],[117.54,-0.373],[117.53,-0.384],[117.557,-0.433],[117.602,-0.406],[117.628,-0.424],[117.619,-0.463],[117.581,-0.485],[117.58,-0.576],[117.55,-0.618],[117.569,-0.626],[117.563,-0.649],[117.525,-0.653],[117.529,-0.689],[117.462,-0.694],[117.515,-0.736],[117.605,-0.727],[117.612,-0.773],[117.601,-0.787],[117.561,-0.783],[117.552,-0.805],[117.513,-0.809],[117.488,-0.84],[117.446,-0.806],[117.43,-0.828],[117.442,-0.893],[117.406,-0.875],[117.34,-0.912],[117.315,-0.871],[117.295,-0.871],[117.197,-0.932],[117.156,-0.97],[117.066,-1.106],[117.023,-1.141],[117.004,-1.196],[116.884,-1.277],[116.811,-1.282],[116.819,-1.201],[116.807,-1.201],[116.798,-1.216],[116.784,-1.212],[116.781,-1.146],[116.751,-1.107],[116.729,-1.102],[116.777,-0.979],[116.736,-1.024],[116.721,-1.097],[116.715,-1.096],[116.701,-1.086],[116.714,-1.105],[116.702,-1.122],[116.767,-1.187],[116.71,-1.216],[116.747,-1.219],[116.779,-1.245],[116.759,-1.288],[116.762,-1.358],[116.59,-1.426],[116.545,-1.458],[116.533,-1.505],[116.559,-1.601],[116.535,-1.621],[116.315,-1.701],[116.309,-1.725],[116.284,-1.731],[116.25,-1.781],[116.209,-1.776],[116.218,-1.795],[116.264,-1.81],[116.388,-1.758],[116.451,-1.769],[116.452,-1.813],[116.421,-1.864],[116.442,-1.873],[116.457,-1.917],[116.46,-2.051],[116.455,-2.065],[116.349,-2.114],[116.435,-2.133],[116.504,-2.109],[116.518,-2.165],[116.553,-2.175],[116.546,-2.209],[116.587,-2.169],[116.591,-2.253],[116.554,-2.419],[116.435,-2.371],[116.358,-2.357],[116.244,-2.362],[116.198,-2.336],[116.011,-2.325],[115.967,-2.293],[115.96,-2.32],[115.918,-2.345],[115.896,-2.338],[115.888,-2.379],[115.852,-2.397],[115.836,-2.387],[115.816,-2.325],[115.836,-2.301],[115.818,-2.294],[115.781,-2.198],[115.792,-2.104],[115.818,-2.066],[115.789,-2.051],[115.735,-2.058],[115.706,-2.036],[115.73,-2.008],[115.7,-1.987],[115.732,-1.889],[115.727,-1.787],[115.701,-1.731],[115.667,-1.707],[115.668,-1.639],[115.652,-1.642],[115.629,-1.606],[115.637,-1.547],[115.613,-1.535],[115.6,-1.547],[115.582,-1.524],[115.553,-1.544],[115.537,-1.532],[115.543,-1.491],[115.571,-1.483],[115.647,-1.388],[115.675,-1.394],[115.654,-1.422],[115.671,-1.444],[115.708,-1.415],[115.745,-1.36],[115.77,-1.23]]],[[[118.504,1.381],[118.471,1.403],[118.465,1.425],[118.481,1.432],[118.458,1.464],[118.497,1.444],[118.494,1.422],[118.529,1.39],[118.504,1.381]]],[[[118.597,2.195],[118.563,2.242],[118.56,2.283],[118.569,2.312],[118.637,2.253],[118.597,2.272],[118.57,2.305],[118.564,2.277],[118.585,2.225],[118.651,2.17],[118.597,2.195]]]]}},{"type":"Feature","id":24,"properties":{"province_id":24,"province":"Kalimantan Utara","iso":"ID-KU"},"geometry":{"type":"MultiPolygon","coordinates":[[[[118.001,2.435],[117.975,2.425],[117.951,2.385],[117.917,2.399],[117.876,2.392],[117.827,2.327],[117.764,2.329],[117.738,2.347],[117.723,2.399],[117.63,2.519],[117.608,2.522],[117.588,2.503],[117.561,2.522],[117.515,2.525],[117.415,2.609],[117.316,2.606],[117.252,2.578],[117.095,2.598],[117.037,2.524],[116.963,2.51],[116.862,2.464],[116.811,2.379],[116.792,2.396],[116.741,2.532],[116.649,2.457],[116.628,2.419],[116.573,2.453],[116.509,2.458],[116.497,2.398],[116.512,2.382],[116.511,2.346],[116.485,2.316],[116.486,2.286],[116.464,2.28],[116.423,2.305],[116.338,2.29],[116.3,2.233],[116.354,2.176],[116.355,2.157],[116.323,2.122],[116.301,2.124],[116.297,2.103],[116.264,2.109],[116.228,2.091],[116.237,2.016],[116.204,1.989],[116.183,1.894],[116.196,1.847],[116.135,1.661],[116.086,1.66],[116.044,1.606],[116.048,1.556],[116.013,1.527],[115.982,1.535],[115.959,1.488],[115.869,1.445],[115.868,1.409],[115.845,1.379],[115.777,1.358],[115.718,1.268],[115.638,1.286],[115.502,1.256],[115.436,1.223],[115.411,1.187],[115.425,1.162],[115.418,1.127],[115.383,1.101],[115.364,1.062],[115.31,1.068],[115.295,1.048],[115.264,1.047],[115.193,1.07],[115.196,1.091],[115.172,1.119],[115.021,1.122],[114.993,1.159],[114.99,1.192],[114.937,1.182],[114.894,1.215],[114.844,1.17],[114.757,1.255],[114.722,1.268],[114.726,1.313],[114.697,1.358],[114.615,1.364],[114.6,1.394],[114.575,1.396],[114.564,1.426],[114.611,1.501],[114.614,1.574],[114.649,1.59],[114.711,1.671],[114.714,1.785],[114.692,1.808],[114.726,1.833],[114.716,1.856],[114.744,1.87],[114.792,1.85],[114.816,1.893],[114.879,1.915],[114.848,1.953],[114.879,2.039],[114.856,2.046],[114.809,2.023],[114.793,2.05],[114.808,2.064],[114.793,2.086],[114.81,2.1],[114.78,2.145],[114.779,2.199],[114.8,2.251],[114.864,2.272],[114.915,2.259],[114.966,2.295],[114.946,2.319],[114.958,2.368],[114.994,2.351],[115.034,2.394],[115.048,2.389],[115.046,2.408],[115.091,2.406],[115.099,2.443],[115.135,2.476],[115.195,2.471],[115.237,2.506],[115.233,2.536],[115.212,2.539],[115.172,2.606],[115.11,2.581],[115.087,2.604],[115.117,2.647],[115.112,2.685],[115.092,2.698],[115.141,2.744],[115.138,2.772],[115.153,2.787],[115.09,2.823],[115.151,2.872],[115.152,2.914],[115.249,2.967],[115.285,3.05],[115.323,3.012],[115.335,2.974],[115.406,2.982],[115.453,3.028],[115.484,3.015],[115.52,3.058],[115.519,3.114],[115.567,3.162],[115.522,3.193],[115.525,3.32],[115.541,3.33],[115.538,3.363],[115.58,3.45],[115.604,3.448],[115.619,3.409],[115.652,3.44],[115.611,3.513],[115.606,3.576],[115.576,3.611],[115.579,3.747],[115.62,3.869],[115.596,3.89],[115.584,3.885],[115.558,3.919],[115.581,3.942],[115.616,3.938],[115.642,3.966],[115.685,4.163],[115.705,4.198],[115.731,4.194],[115.766,4.251],[115.796,4.243],[115.801,4.226],[115.83,4.241],[115.824,4.262],[115.87,4.3],[115.862,4.343],[115.878,4.391],[115.908,4.392],[115.93,4.354],[116.007,4.348],[116.036,4.329],[116.039,4.295],[116.079,4.276],[116.12,4.339],[116.163,4.342],[116.171,4.393],[116.251,4.38],[116.272,4.363],[116.349,4.391],[116.433,4.326],[116.441,4.289],[116.475,4.304],[116.486,4.337],[116.537,4.323],[116.536,4.376],[116.568,4.408],[116.586,4.374],[116.612,4.377],[116.614,4.343],[116.63,4.334],[116.667,4.352],[116.702,4.333],[116.733,4.351],[116.752,4.389],[116.79,4.338],[116.811,4.351],[116.84,4.327],[116.908,4.369],[116.965,4.338],[117.004,4.346],[117.005,4.323],[117.019,4.319],[117.042,4.347],[117.106,4.333],[117.151,4.354],[117.197,4.336],[117.246,4.374],[117.296,4.31],[117.371,4.286],[117.382,4.262],[117.406,4.254],[117.457,4.179],[117.529,4.161],[117.566,4.18],[117.591,4.174],[117.543,4.136],[117.523,4.101],[117.431,4.134],[117.418,4.094],[117.472,4.081],[117.531,4.031],[117.598,3.934],[117.636,3.915],[117.683,3.916],[117.678,3.876],[117.705,3.86],[117.722,3.875],[117.757,3.869],[117.826,3.81],[117.826,3.704],[117.768,3.682],[117.742,3.637],[117.716,3.64],[117.664,3.615],[117.587,3.631],[117.521,3.674],[117.516,3.62],[117.493,3.598],[117.392,3.64],[117.282,3.619],[117.292,3.564],[117.371,3.562],[117.438,3.529],[117.442,3.504],[117.485,3.492],[117.505,3.498],[117.518,3.481],[117.485,3.432],[117.444,3.404],[117.436,3.372],[117.447,3.342],[117.507,3.321],[117.524,3.299],[117.518,3.275],[117.452,3.275],[117.414,3.249],[117.397,3.258],[117.378,3.23],[117.307,3.208],[117.32,3.169],[117.37,3.181],[117.399,3.159],[117.419,3.173],[117.446,3.161],[117.467,3.128],[117.452,3.123],[117.479,3.099],[117.447,3.082],[117.442,3.051],[117.516,3.068],[117.545,3.068],[117.571,3.046],[117.622,3.059],[117.621,3.018],[117.567,2.964],[117.666,2.99],[117.697,2.947],[117.555,2.908],[117.721,2.889],[117.71,2.861],[117.686,2.862],[117.642,2.821],[117.603,2.812],[117.618,2.797],[117.782,2.752],[117.79,2.644],[117.948,2.461],[118.001,2.435]]],[[[117.612,3.281],[117.595,3.28],[117.542,3.326],[117.519,3.366],[117.52,3.416],[117.547,3.442],[117.615,3.441],[117.669,3.405],[117.656,3.252],[117.638,3.239],[117.633,3.262],[117.623,3.267],[117.624,3.251],[117.612,3.281]]],[[[117.684,4.166],[117.9,4.166],[117.925,4.13],[117.927,4.061],[117.861,4.03],[117.684,4.166]]],[[[117.639,4.139],[117.668,4.145],[117.753,4.06],[117.723,3.987],[117.676,3.966],[117.601,4.013],[117.591,4.087],[117.639,4.139]]],[[[117.872,3.479],[117.867,3.45],[117.835,3.458],[117.761,3.515],[117.755,3.561],[117.801,3.59],[117.85,3.537],[117.872,3.479]]],[[[117.522,3.493],[117.504,3.507],[117.442,3.51],[117.446,3.535],[117.416,3.542],[117.416,3.556],[117.545,3.527],[117.547,3.507],[117.522,3.493]]],[[[117.529,3.579],[117.598,3.582],[117.666,3.552],[117.625,3.537],[117.539,3.559],[117.506,3.585],[117.529,3.579]]],[[[117.351,3.588],[117.301,3.579],[117.292,3.598],[117.396,3.613],[117.461,3.568],[117.435,3.563],[117.41,3.588],[117.351,3.588]]],[[[117.503,3.345],[117.452,3.349],[117.451,3.404],[117.498,3.405],[117.503,3.345]]],[[[117.642,2.815],[117.693,2.853],[117.738,2.816],[117.681,2.798],[117.642,2.815]]],[[[117.615,3.48],[117.548,3.471],[117.537,3.5],[117.544,3.498],[117.55,3.506],[117.55,3.525],[117.56,3.523],[117.612,3.497],[117.615,3.48]]],[[[117.703,2.932],[117.714,2.906],[117.698,2.902],[117.581,2.91],[117.618,2.923],[117.703,2.932]]]]}},{"type":"Feature","id":25,"properties":{"province_id":25,"province":"Gorontalo","iso":"ID-GO"},"geometry":{"type":"Polygon","coordinates":[[[121.337,0.474],[121.352,0.493],[121.328,0.521],[121.345,0.536],[121.335,0.575],[121.307,0.567],[121.277,0.583],[121.237,0.606],[121.227,0.639],[121.198,0.642],[121.156,0.68],[121.174,0.687],[121.182,0.746],[121.209,0.765],[121.214,0.788],[121.241,0.801],[121.321,0.787],[121.364,0.8],[121.353,0.848],[121.495,0.837],[121.53,0.849],[121.536,0.874],[121.602,0.872],[121.858,0.98],[121.92,0.927],[121.981,0.905],[121.988,0.934],[122.067,0.992],[122.103,0.987],[122.112,1.004],[122.132,0.999],[122.194,1.034],[122.259,1.007],[122.31,1.005],[122.335,1.039],[122.368,1.0],[122.44,0.997],[122.457,1.029],[122.478,1.001],[122.562,0.96],[122.612,0.944],[122.624,0.964],[122.664,0.935],[122.688,0.894],[122.722,0.887],[122.713,0.867],[122.74,0.88],[122.766,0.862],[122.772,0.879],[122.802,0.851],[122.785,0.849],[122.796,0.834],[122.823,0.84],[122.824,0.824],[122.857,0.806],[122.86,0.825],[122.871,0.819],[122.921,0.86],[122.951,0.895],[122.951,0.92],[122.975,0.936],[122.943,0.941],[122.947,0.964],[122.986,0.967],[123.003,0.955],[122.998,0.943],[123.047,0.939],[123.067,0.916],[123.084,0.93],[123.087,0.907],[123.095,0.93],[123.115,0.927],[123.122,0.889],[123.207,0.857],[123.271,0.801],[123.248,0.717],[123.278,0.697],[123.325,0.695],[123.379,0.643],[123.488,0.626],[123.488,0.602],[123.53,0.579],[123.525,0.543],[123.552,0.51],[123.521,0.489],[123.548,0.432],[123.48,0.35],[123.478,0.316],[123.459,0.338],[123.416,0.312],[123.345,0.306],[123.268,0.322],[123.228,0.348],[123.194,0.394],[123.153,0.406],[123.062,0.521],[123.047,0.49],[122.837,0.493],[122.693,0.472],[122.677,0.51],[122.652,0.517],[122.642,0.474],[122.589,0.503],[122.421,0.502],[122.401,0.526],[122.27,0.475],[122.253,0.489],[122.152,0.471],[122.129,0.493],[121.937,0.444],[121.863,0.442],[121.858,0.427],[121.804,0.41],[121.715,0.51],[121.721,0.521],[121.687,0.513],[121.666,0.535],[121.567,0.533],[121.532,0.555],[121.507,0.533],[121.522,0.496],[121.444,0.469],[121.387,0.497],[121.361,0.471],[121.337,0.474]]]}},{"type":"Feature","id":26,"properties":{"province_id":26,"province":"Sulawesi Selatan","iso":"ID-SN"},"geometry":{"type":"MultiPolygon","coordinates":[[[[119.813,-2.045],[119.886,-2.046],[119.966,-2.001],[119.99,-1.97],[120.099,-1.967],[120.121,-2.012],[120.177,-2.028],[120.263,-2.025],[120.325,-2.053],[120.388,-1.882],[120.584,-2.127],[120.695,-2.208],[120.746,-2.228],[120.817,-2.207],[120.903,-2.22],[121.16,-2.332],[121.346,-2.38],[121.483,-2.487],[121.594,-2.509],[121.702,-2.552],[121.793,-2.709],[121.738,-2.737],[121.713,-2.797],[121.638,-2.889],[121.576,-2.913],[121.479,-2.998],[121.358,-3.019],[121.295,-3.079],[121.253,-3.064],[121.234,-3.023],[121.138,-2.916],[121.107,-2.844],[121.118,-2.803],[121.093,-2.77],[120.997,-2.829],[120.978,-2.822],[120.978,-2.806],[121.001,-2.817],[121.032,-2.767],[121.058,-2.767],[121.098,-2.717],[121.08,-2.697],[121.037,-2.694],[121.037,-2.664],[121.06,-2.646],[121.032,-2.66],[121.045,-2.641],[121.037,-2.64],[121.03,-2.646],[121.035,-2.655],[121.025,-2.652],[121.023,-2.645],[121.021,-2.673],[121.0,-2.679],[120.942,-2.655],[120.908,-2.662],[120.889,-2.64],[120.858,-2.657],[120.817,-2.619],[120.755,-2.62],[120.746,-2.637],[120.672,-2.645],[120.634,-2.682],[120.566,-2.691],[120.574,-2.705],[120.535,-2.752],[120.45,-2.826],[120.352,-2.862],[120.322,-2.901],[120.288,-2.91],[120.255,-2.945],[120.193,-2.962],[120.229,-3.043],[120.259,-3.065],[120.255,-3.159],[120.381,-3.202],[120.389,-3.25],[120.407,-3.261],[120.418,-3.249],[120.422,-3.265],[120.4,-3.288],[120.404,-3.431],[120.379,-3.5],[120.416,-3.569],[120.412,-3.664],[120.438,-3.688],[120.441,-3.74],[120.344,-3.891],[120.336,-3.94],[120.353,-3.974],[120.337,-3.982],[120.349,-3.982],[120.342,-4.002],[120.361,-4.024],[120.355,-4.066],[120.321,-4.098],[120.335,-4.131],[120.338,-4.128],[120.337,-4.117],[120.333,-4.111],[120.341,-4.112],[120.341,-4.141],[120.348,-4.132],[120.373,-4.145],[120.381,-4.176],[120.358,-4.305],[120.378,-4.305],[120.393,-4.336],[120.369,-4.374],[120.351,-4.364],[120.35,-4.367],[120.36,-4.371],[120.362,-4.387],[120.338,-4.399],[120.373,-4.465],[120.402,-4.48],[120.377,-4.512],[120.397,-4.601],[120.458,-4.658],[120.4,-4.709],[120.383,-4.838],[120.337,-4.839],[120.306,-4.868],[120.312,-4.911],[120.292,-4.923],[120.308,-4.938],[120.294,-4.951],[120.306,-5.002],[120.287,-5.04],[120.3,-5.055],[120.27,-5.146],[120.311,-5.216],[120.294,-5.224],[120.302,-5.228],[120.315,-5.228],[120.331,-5.289],[120.362,-5.328],[120.405,-5.341],[120.403,-5.379],[120.435,-5.452],[120.423,-5.462],[120.452,-5.477],[120.445,-5.558],[120.474,-5.619],[120.401,-5.591],[120.353,-5.521],[120.318,-5.508],[120.285,-5.534],[120.221,-5.54],[120.129,-5.588],[120.084,-5.588],[119.936,-5.544],[119.847,-5.627],[119.853,-5.637],[119.839,-5.635],[119.854,-5.658],[119.843,-5.67],[119.789,-5.701],[119.703,-5.702],[119.647,-5.682],[119.639,-5.663],[119.659,-5.65],[119.655,-5.634],[119.612,-5.613],[119.585,-5.615],[119.577,-5.658],[119.557,-5.649],[119.545,-5.62],[119.554,-5.595],[119.56,-5.611],[119.571,-5.605],[119.542,-5.583],[119.534,-5.586],[119.511,-5.566],[119.517,-5.536],[119.502,-5.559],[119.481,-5.556],[119.46,-5.577],[119.471,-5.593],[119.486,-5.585],[119.488,-5.604],[119.441,-5.597],[119.418,-5.56],[119.439,-5.535],[119.421,-5.483],[119.383,-5.45],[119.359,-5.403],[119.354,-5.325],[119.38,-5.253],[119.381,-5.167],[119.409,-5.147],[119.41,-5.112],[119.451,-5.104],[119.448,-5.087],[119.479,-5.06],[119.466,-5.026],[119.525,-4.924],[119.5,-4.818],[119.481,-4.818],[119.499,-4.813],[119.482,-4.751],[119.517,-4.716],[119.525,-4.676],[119.594,-4.57],[119.581,-4.529],[119.599,-4.475],[119.597,-4.416],[119.638,-4.32],[119.596,-4.239],[119.624,-4.239],[119.609,-4.216],[119.638,-4.174],[119.614,-4.144],[119.621,-4.113],[119.606,-4.085],[119.623,-4.061],[119.635,-3.968],[119.611,-3.984],[119.586,-3.974],[119.593,-4.005],[119.614,-4.004],[119.593,-4.023],[119.598,-4.043],[119.587,-4.04],[119.571,-3.948],[119.453,-3.713],[119.461,-3.644],[119.511,-3.595],[119.514,-3.561],[119.474,-3.502],[119.493,-3.477],[119.479,-3.465],[119.463,-3.374],[119.436,-3.344],[119.449,-3.328],[119.44,-3.265],[119.391,-3.211],[119.418,-3.177],[119.486,-3.184],[119.547,-3.13],[119.631,-3.121],[119.552,-2.947],[119.537,-2.941],[119.513,-2.842],[119.527,-2.793],[119.495,-2.74],[119.56,-2.737],[119.646,-2.757],[119.73,-2.728],[119.76,-2.694],[119.753,-2.606],[119.702,-2.554],[119.722,-2.501],[119.69,-2.438],[119.717,-2.393],[119.691,-2.337],[119.597,-2.295],[119.63,-2.164],[119.733,-2.075],[119.764,-2.084],[119.813,-2.045]]],[[[120.479,-6.278],[120.443,-6.257],[120.446,-6.206],[120.43,-6.169],[120.449,-6.158],[120.466,-6.093],[120.451,-6.062],[120.445,-5.96],[120.461,-5.794],[120.493,-5.768],[120.509,-5.792],[120.503,-5.813],[120.53,-5.844],[120.568,-6.056],[120.552,-6.075],[120.524,-6.224],[120.539,-6.249],[120.539,-6.328],[120.495,-6.391],[120.51,-6.444],[120.484,-6.499],[120.46,-6.409],[120.47,-6.401],[120.454,-6.383],[120.471,-6.384],[120.479,-6.278]]],[[[120.632,-7.133],[120.623,-7.113],[120.635,-7.099],[120.604,-7.075],[120.628,-7.049],[120.621,-7.002],[120.737,-7.075],[120.761,-7.079],[120.787,-7.061],[120.768,-7.135],[120.646,-7.126],[120.671,-7.13],[120.68,-7.143],[120.632,-7.133]]],[[[120.938,-7.284],[121.005,-7.281],[121.064,-7.301],[121.052,-7.327],[121.003,-7.333],[120.931,-7.307],[120.83,-7.299],[120.796,-7.271],[120.84,-7.26],[120.938,-7.284]]],[[[121.828,-7.333],[121.84,-7.371],[121.781,-7.424],[121.755,-7.423],[121.744,-7.402],[121.754,-7.351],[121.828,-7.333]]],[[[121.166,-7.348],[121.157,-7.372],[121.099,-7.398],[121.06,-7.372],[121.082,-7.363],[121.083,-7.304],[121.166,-7.348]]]]}},{"type":"Feature","id":27,"properties":{"province_id":27,"province":"Sulawesi Tenggara","iso":"ID-SG"},"geometry":{"type":"MultiPolygon","coordinates":[[[[121.791,-2.712],[121.819,-2.764],[121.893,-2.793],[121.949,-2.943],[121.987,-2.962],[122.105,-2.965],[122.12,-3.012],[122.19,-3.03],[122.19,-3.094],[122.237,-3.137],[122.272,-3.135],[122.297,-3.218],[122.313,-3.219],[122.316,-3.27],[122.284,-3.307],[122.294,-3.357],[122.376,-3.384],[122.39,-3.407],[122.384,-3.457],[122.358,-3.462],[122.365,-3.44],[122.347,-3.408],[122.316,-3.426],[122.329,-3.374],[122.31,-3.385],[122.277,-3.363],[122.268,-3.399],[122.239,-3.389],[122.301,-3.467],[122.291,-3.491],[122.262,-3.483],[122.266,-3.492],[122.285,-3.49],[122.279,-3.553],[122.266,-3.53],[122.254,-3.541],[122.27,-3.539],[122.266,-3.56],[122.201,-3.565],[122.205,-3.622],[122.359,-3.751],[122.393,-3.726],[122.402,-3.749],[122.444,-3.751],[122.47,-3.823],[122.506,-3.854],[122.507,-3.881],[122.524,-3.895],[122.666,-3.898],[122.665,-3.925],[122.627,-3.937],[122.626,-3.959],[122.599,-3.979],[122.537,-3.967],[122.525,-3.972],[122.527,-3.974],[122.527,-3.974],[122.528,-3.973],[122.529,-3.973],[122.531,-3.973],[122.533,-3.973],[122.534,-3.977],[122.526,-3.979],[122.514,-3.996],[122.517,-3.994],[122.526,-3.98],[122.529,-3.993],[122.589,-3.978],[122.619,-4.003],[122.654,-4.006],[122.673,-4.035],[122.642,-4.081],[122.662,-4.081],[122.667,-4.116],[122.641,-4.13],[122.666,-4.137],[122.659,-4.151],[122.71,-4.165],[122.696,-4.135],[122.769,-4.157],[122.8,-4.156],[122.817,-4.136],[122.858,-4.192],[122.855,-4.16],[122.839,-4.162],[122.826,-4.135],[122.835,-4.121],[122.784,-4.097],[122.762,-4.066],[122.835,-4.056],[122.889,-4.13],[122.894,-4.218],[122.907,-4.231],[122.88,-4.295],[122.907,-4.323],[122.893,-4.336],[122.901,-4.38],[122.883,-4.415],[122.847,-4.422],[122.836,-4.449],[122.769,-4.408],[122.714,-4.348],[122.66,-4.338],[122.717,-4.41],[122.762,-4.435],[122.765,-4.477],[122.747,-4.51],[122.71,-4.499],[122.691,-4.472],[122.677,-4.484],[122.7,-4.503],[122.673,-4.511],[122.654,-4.474],[122.663,-4.453],[122.577,-4.396],[122.505,-4.456],[122.47,-4.453],[122.456,-4.436],[122.451,-4.452],[122.437,-4.437],[122.438,-4.449],[122.421,-4.433],[122.343,-4.477],[122.256,-4.493],[122.219,-4.479],[122.173,-4.519],[122.162,-4.511],[122.162,-4.531],[122.103,-4.531],[122.044,-4.644],[122.019,-4.649],[122.035,-4.662],[122.038,-4.756],[122.12,-4.819],[122.092,-4.825],[122.035,-4.879],[122.025,-4.871],[122.022,-4.893],[122.002,-4.898],[122.006,-4.884],[121.984,-4.901],[121.982,-4.888],[121.87,-4.871],[121.817,-4.835],[121.756,-4.844],[121.736,-4.832],[121.71,-4.855],[121.684,-4.849],[121.664,-4.81],[121.633,-4.804],[121.639,-4.778],[121.622,-4.775],[121.617,-4.795],[121.551,-4.773],[121.509,-4.734],[121.515,-4.711],[121.467,-4.683],[121.476,-4.552],[121.525,-4.402],[121.527,-4.244],[121.561,-4.244],[121.559,-4.249],[121.541,-4.254],[121.546,-4.268],[121.58,-4.245],[121.584,-4.199],[121.601,-4.187],[121.589,-4.177],[121.607,-4.182],[121.617,-4.152],[121.609,-4.067],[121.531,-4.03],[121.537,-4.019],[121.455,-4.007],[121.453,-4.024],[121.409,-3.997],[121.35,-3.991],[121.288,-3.883],[121.28,-3.882],[121.273,-3.89],[121.256,-3.919],[121.243,-3.913],[121.263,-3.884],[121.234,-3.87],[121.26,-3.855],[121.244,-3.828],[121.171,-3.826],[121.083,-3.714],[121.01,-3.679],[120.945,-3.62],[120.88,-3.529],[120.866,-3.441],[120.911,-3.359],[120.958,-3.33],[120.971,-3.264],[121.021,-3.245],[121.041,-3.203],[121.069,-3.205],[121.045,-3.108],[121.059,-3.06],[121.044,-3.045],[121.09,-2.999],[121.061,-2.984],[121.061,-2.958],[121.081,-2.958],[121.089,-2.924],[121.071,-2.896],[121.077,-2.867],[121.066,-2.88],[121.045,-2.87],[121.041,-2.839],[121.021,-2.852],[120.997,-2.836],[121.011,-2.868],[120.997,-2.87],[120.988,-2.833],[121.093,-2.77],[121.118,-2.803],[121.107,-2.844],[121.138,-2.916],[121.234,-3.023],[121.253,-3.064],[121.295,-3.079],[121.358,-3.019],[121.479,-2.998],[121.576,-2.913],[121.638,-2.889],[121.713,-2.797],[121.738,-2.737],[121.791,-2.712]]],[[[123.068,-5.162],[123.058,-5.192],[123.086,-5.174],[123.147,-5.259],[123.179,-5.246],[123.197,-5.26],[123.172,-5.294],[123.219,-5.272],[123.217,-5.303],[123.175,-5.355],[123.162,-5.336],[123.131,-5.397],[123.015,-5.444],[123.007,-5.411],[122.976,-5.394],[122.925,-5.436],[122.872,-5.455],[122.844,-5.522],[122.876,-5.506],[122.897,-5.517],[122.893,-5.567],[122.802,-5.697],[122.754,-5.694],[122.766,-5.667],[122.752,-5.639],[122.727,-5.691],[122.713,-5.682],[122.713,-5.619],[122.667,-5.69],[122.637,-5.695],[122.556,-5.504],[122.594,-5.455],[122.628,-5.46],[122.647,-5.443],[122.642,-5.413],[122.619,-5.406],[122.655,-5.324],[122.676,-5.308],[122.687,-5.32],[122.732,-5.243],[122.771,-5.254],[122.822,-5.214],[122.807,-5.215],[122.788,-5.183],[122.755,-5.229],[122.757,-5.186],[122.737,-5.176],[122.771,-5.111],[122.794,-5.104],[122.789,-5.08],[122.757,-5.108],[122.802,-5.046],[122.808,-5.009],[122.738,-5.052],[122.767,-5.008],[122.812,-4.982],[122.818,-4.934],[122.835,-4.921],[122.82,-4.841],[122.824,-4.839],[122.835,-4.848],[122.858,-4.815],[122.86,-4.782],[122.827,-4.677],[122.867,-4.526],[122.908,-4.46],[122.95,-4.426],[123.042,-4.37],[123.076,-4.367],[123.078,-4.402],[123.044,-4.422],[123.072,-4.435],[123.076,-4.458],[123.1,-4.454],[123.115,-4.483],[123.139,-4.482],[123.191,-4.579],[123.192,-4.626],[123.172,-4.626],[123.186,-4.658],[123.176,-4.651],[123.167,-4.667],[123.171,-4.684],[123.185,-4.691],[123.187,-4.671],[123.201,-4.694],[123.204,-4.662],[123.214,-4.851],[123.205,-4.867],[123.176,-4.841],[123.177,-4.771],[123.156,-4.746],[123.172,-4.737],[123.113,-4.692],[123.12,-4.675],[123.102,-4.652],[123.093,-4.691],[123.11,-4.721],[123.098,-4.729],[123.097,-4.794],[123.082,-4.738],[123.047,-4.744],[123.053,-4.712],[123.079,-4.708],[123.068,-4.687],[123.058,-4.707],[123.022,-4.694],[123.015,-4.731],[123.013,-4.718],[123.001,-4.729],[123.009,-4.744],[122.987,-4.743],[123.008,-4.753],[123.003,-4.782],[123.02,-4.769],[123.025,-4.789],[123.01,-4.826],[122.994,-4.826],[123.007,-4.913],[122.999,-4.939],[122.969,-4.952],[122.952,-5.02],[122.98,-5.059],[122.974,-5.116],[122.92,-5.182],[122.952,-5.218],[123.003,-5.149],[123.03,-5.136],[123.068,-5.162]]],[[[122.344,-4.794],[122.362,-4.777],[122.367,-4.78],[122.371,-4.793],[122.374,-4.791],[122.374,-4.743],[122.405,-4.766],[122.426,-4.753],[122.436,-4.768],[122.437,-4.763],[122.432,-4.754],[122.446,-4.75],[122.452,-4.765],[122.476,-4.749],[122.49,-4.762],[122.482,-4.747],[122.488,-4.747],[122.493,-4.755],[122.503,-4.726],[122.518,-4.734],[122.512,-4.725],[122.539,-4.702],[122.579,-4.681],[122.599,-4.662],[122.598,-4.641],[122.623,-4.667],[122.654,-4.635],[122.681,-4.649],[122.68,-4.642],[122.669,-4.636],[122.693,-4.619],[122.72,-4.634],[122.721,-4.662],[122.69,-4.672],[122.701,-4.686],[122.719,-4.663],[122.728,-4.676],[122.715,-4.711],[122.743,-4.754],[122.725,-4.847],[122.736,-4.881],[122.767,-4.894],[122.756,-4.903],[122.764,-4.965],[122.72,-4.965],[122.705,-5.006],[122.627,-5.073],[122.589,-5.16],[122.59,-5.198],[122.625,-5.192],[122.627,-5.204],[122.578,-5.251],[122.625,-5.251],[122.646,-5.297],[122.639,-5.357],[122.618,-5.371],[122.626,-5.344],[122.616,-5.345],[122.595,-5.364],[122.594,-5.435],[122.566,-5.411],[122.547,-5.44],[122.52,-5.437],[122.512,-5.406],[122.539,-5.332],[122.52,-5.311],[122.543,-5.259],[122.478,-5.3],[122.498,-5.346],[122.484,-5.374],[122.468,-5.361],[122.465,-5.403],[122.413,-5.402],[122.397,-5.383],[122.382,-5.332],[122.434,-5.313],[122.377,-5.325],[122.381,-5.37],[122.364,-5.39],[122.297,-5.396],[122.268,-5.383],[122.269,-5.313],[122.315,-5.242],[122.307,-5.15],[122.328,-5.104],[122.391,-5.089],[122.382,-5.067],[122.397,-5.04],[122.373,-5.04],[122.38,-5.005],[122.416,-5.007],[122.419,-4.994],[122.387,-4.993],[122.384,-4.985],[122.403,-4.981],[122.383,-4.976],[122.376,-4.944],[122.36,-4.946],[122.368,-4.918],[122.348,-4.901],[122.361,-4.892],[122.343,-4.895],[122.325,-4.855],[122.321,-4.827],[122.339,-4.803],[122.357,-4.811],[122.344,-4.794]]],[[[121.795,-5.275],[121.808,-5.208],[121.839,-5.191],[121.823,-5.169],[121.842,-5.147],[121.86,-5.161],[121.883,-5.153],[121.884,-5.139],[121.841,-5.117],[121.851,-5.098],[121.865,-5.12],[121.877,-5.11],[121.863,-5.103],[121.857,-5.106],[121.857,-5.083],[121.894,-5.056],[121.893,-5.092],[121.94,-5.116],[121.934,-5.083],[121.968,-5.063],[121.985,-5.091],[121.975,-5.122],[121.986,-5.164],[122.015,-5.169],[122.011,-5.153],[122.035,-5.148],[122.059,-5.182],[122.052,-5.199],[122.071,-5.202],[122.061,-5.214],[122.074,-5.233],[122.017,-5.241],[122.05,-5.267],[122.05,-5.318],[122.033,-5.345],[122.036,-5.37],[122.048,-5.365],[122.049,-5.461],[122.03,-5.475],[122.009,-5.463],[121.962,-5.477],[121.949,-5.494],[121.923,-5.403],[121.875,-5.386],[121.826,-5.317],[121.824,-5.29],[121.795,-5.275]]],[[[122.99,-4.2],[122.982,-4.168],[122.992,-4.184],[122.997,-4.163],[122.957,-4.142],[122.94,-4.095],[122.958,-4.089],[122.937,-4.07],[122.954,-4.073],[122.95,-4.055],[122.977,-4.061],[123.012,-3.978],[123.096,-4.024],[123.189,-4.011],[123.254,-4.065],[123.26,-4.089],[123.248,-4.124],[123.136,-4.256],[123.07,-4.247],[122.99,-4.2]]],[[[123.526,-5.252],[123.59,-5.249],[123.642,-5.287],[123.638,-5.371],[123.582,-5.383],[123.538,-5.344],[123.526,-5.252]]],[[[123.992,-5.967],[123.969,-5.937],[123.986,-5.878],[124.041,-5.908],[124.078,-6.02],[124.045,-6.035],[124.047,-5.984],[123.992,-5.967]]],[[[123.12,-3.636],[123.074,-3.625],[123.043,-3.592],[123.158,-3.558],[123.181,-3.614],[123.125,-3.61],[123.12,-3.636]]],[[[123.75,-5.498],[123.803,-5.545],[123.818,-5.602],[123.781,-5.591],[123.767,-5.548],[123.69,-5.47],[123.75,-5.498]]],[[[122.507,-5.625],[122.544,-5.628],[122.549,-5.679],[122.534,-5.694],[122.457,-5.693],[122.508,-5.648],[122.507,-5.625]]],[[[123.951,-5.726],[124.006,-5.764],[123.938,-5.78],[123.893,-5.741],[123.904,-5.72],[123.951,-5.726]]],[[[121.45,-4.102],[121.471,-4.111],[121.455,-4.118],[121.458,-4.138],[121.429,-4.13],[121.442,-4.169],[121.417,-4.154],[121.392,-4.167],[121.404,-4.136],[121.383,-4.105],[121.404,-4.114],[121.412,-4.085],[121.426,-4.085],[121.415,-4.109],[121.45,-4.102]]],[[[123.047,-4.815],[123.062,-4.822],[123.066,-4.801],[123.072,-4.812],[123.092,-4.796],[123.118,-4.827],[123.098,-4.849],[123.076,-4.848],[123.032,-4.833],[123.047,-4.815]]],[[[122.358,-3.578],[122.31,-3.576],[122.282,-3.591],[122.296,-3.535],[122.346,-3.543],[122.335,-3.554],[122.358,-3.578]]]]}},{"type":"Feature","id":28,"properties":{"province_id":28,"province":"Sulawesi Tengah","iso":"ID-ST"},"geometry":{"type":"MultiPolygon","coordinates":[[[[122.194,1.034],[122.132,0.999],[122.112,1.004],[122.103,0.987],[122.067,0.992],[122.033,0.973],[121.988,0.934],[121.981,0.905],[121.92,0.927],[121.858,0.98],[121.602,0.872],[121.536,0.874],[121.53,0.849],[121.495,0.837],[121.353,0.848],[121.364,0.8],[121.321,0.787],[121.241,0.801],[121.214,0.788],[121.209,0.765],[121.182,0.746],[121.174,0.687],[121.156,0.68],[121.198,0.642],[121.227,0.639],[121.237,0.606],[121.277,0.583],[121.307,0.567],[121.335,0.575],[121.345,0.536],[121.328,0.521],[121.352,0.493],[121.337,0.474],[121.272,0.495],[121.232,0.458],[121.174,0.46],[121.146,0.41],[121.078,0.398],[121.027,0.439],[120.898,0.396],[120.855,0.443],[120.809,0.453],[120.811,0.475],[120.771,0.457],[120.697,0.509],[120.647,0.521],[120.506,0.512],[120.44,0.467],[120.409,0.476],[120.358,0.453],[120.303,0.418],[120.201,0.263],[120.136,0.193],[120.124,0.163],[120.133,0.128],[120.105,0.095],[120.112,0.056],[120.095,-0.033],[120.067,-0.06],[120.034,-0.066],[120.042,-0.129],[120.009,-0.178],[120.007,-0.275],[120.036,-0.308],[120.035,-0.372],[120.072,-0.455],[120.051,-0.486],[120.059,-0.63],[120.113,-0.741],[120.133,-0.774],[120.174,-0.797],[120.187,-0.838],[120.204,-0.852],[120.221,-0.845],[120.311,-0.966],[120.351,-0.955],[120.368,-0.925],[120.409,-0.922],[120.458,-0.984],[120.506,-0.995],[120.586,-1.104],[120.59,-1.173],[120.573,-1.248],[120.64,-1.313],[120.643,-1.361],[120.686,-1.419],[120.73,-1.384],[120.751,-1.389],[120.766,-1.366],[120.788,-1.373],[120.824,-1.353],[120.845,-1.359],[120.84,-1.395],[120.863,-1.413],[120.946,-1.415],[120.98,-1.4],[121.019,-1.421],[121.039,-1.415],[121.039,-1.434],[121.1,-1.438],[121.181,-1.328],[121.217,-1.21],[121.279,-1.159],[121.304,-1.101],[121.352,-1.052],[121.392,-1.036],[121.394,-1.006],[121.448,-0.974],[121.487,-0.894],[121.55,-0.865],[121.589,-0.865],[121.601,-0.851],[121.592,-0.826],[121.635,-0.804],[121.666,-0.807],[121.66,-0.912],[121.707,-0.931],[121.707,-0.946],[121.956,-0.992],[122.006,-0.937],[122.099,-0.963],[122.124,-0.944],[122.15,-0.908],[122.149,-0.859],[122.169,-0.841],[122.162,-0.817],[122.189,-0.814],[122.202,-0.788],[122.415,-0.785],[122.46,-0.759],[122.512,-0.768],[122.522,-0.786],[122.578,-0.784],[122.616,-0.762],[122.685,-0.812],[122.725,-0.813],[122.79,-0.776],[122.961,-0.755],[122.958,-0.738],[122.893,-0.739],[122.867,-0.711],[122.782,-0.705],[122.723,-0.663],[122.777,-0.672],[122.807,-0.635],[122.84,-0.642],[122.864,-0.621],[122.879,-0.64],[122.897,-0.616],[122.954,-0.618],[122.939,-0.631],[122.954,-0.645],[122.969,-0.619],[123.041,-0.595],[123.058,-0.565],[123.167,-0.584],[123.199,-0.569],[123.259,-0.579],[123.412,-0.656],[123.377,-0.671],[123.392,-0.67],[123.421,-0.719],[123.441,-0.708],[123.426,-0.743],[123.458,-0.769],[123.434,-0.801],[123.444,-0.839],[123.41,-0.857],[123.391,-0.893],[123.384,-0.932],[123.397,-0.956],[123.347,-1.038],[123.31,-1.052],[123.267,-1.045],[123.254,-1.01],[123.176,-0.958],[123.144,-0.954],[123.134,-0.901],[123.154,-0.892],[123.099,-0.835],[123.057,-0.874],[123.068,-0.883],[123.058,-0.899],[123.037,-0.896],[123.039,-0.868],[123.025,-0.895],[123.041,-0.911],[123.006,-0.894],[122.802,-0.942],[122.786,-0.977],[122.796,-1.008],[122.728,-1.086],[122.715,-1.134],[122.666,-1.14],[122.662,-1.164],[122.637,-1.175],[122.632,-1.236],[122.561,-1.267],[122.571,-1.288],[122.56,-1.314],[122.492,-1.362],[122.475,-1.403],[122.422,-1.436],[122.391,-1.495],[122.303,-1.536],[122.218,-1.603],[122.185,-1.612],[122.159,-1.598],[122.09,-1.622],[122.031,-1.612],[121.958,-1.68],[121.924,-1.681],[121.905,-1.701],[121.889,-1.675],[121.878,-1.688],[121.863,-1.67],[121.864,-1.707],[121.886,-1.706],[121.859,-1.709],[121.851,-1.693],[121.807,-1.731],[121.807,-1.763],[121.775,-1.8],[121.743,-1.889],[121.676,-1.947],[121.639,-1.96],[121.602,-1.953],[121.574,-1.959],[121.553,-1.956],[121.542,-1.949],[121.563,-1.957],[121.56,-1.947],[121.519,-1.897],[121.527,-1.875],[121.504,-1.897],[121.488,-1.868],[121.458,-1.877],[121.469,-1.856],[121.448,-1.867],[121.469,-1.836],[121.457,-1.811],[121.419,-1.822],[121.4,-1.805],[121.372,-1.808],[121.324,-1.768],[121.299,-1.798],[121.296,-1.857],[121.328,-1.864],[121.345,-1.843],[121.345,-1.865],[121.363,-1.875],[121.333,-1.876],[121.35,-1.897],[121.332,-1.899],[121.312,-1.93],[121.351,-1.95],[121.343,-2.006],[121.381,-1.977],[121.379,-1.917],[121.409,-1.906],[121.421,-1.957],[121.453,-2.0],[121.499,-2.027],[121.493,-2.042],[121.509,-2.05],[121.499,-2.054],[121.516,-2.06],[121.53,-2.045],[121.531,-2.07],[121.533,-2.04],[121.534,-2.042],[121.535,-2.047],[121.532,-2.073],[121.54,-2.106],[121.537,-2.108],[121.547,-2.118],[121.538,-2.133],[121.551,-2.168],[121.614,-2.188],[121.662,-2.188],[121.677,-2.172],[121.726,-2.2],[121.797,-2.289],[121.824,-2.292],[121.841,-2.346],[121.968,-2.529],[122.001,-2.628],[122.035,-2.657],[122.032,-2.674],[122.011,-2.674],[122.011,-2.719],[122.061,-2.75],[122.087,-2.79],[122.14,-2.789],[122.185,-2.823],[122.184,-2.872],[122.208,-2.9],[122.252,-2.878],[122.315,-2.91],[122.307,-2.959],[122.25,-3.022],[122.305,-3.06],[122.308,-3.081],[122.335,-3.087],[122.367,-3.132],[122.427,-3.127],[122.451,-3.165],[122.466,-3.149],[122.487,-3.181],[122.43,-3.191],[122.424,-3.281],[122.405,-3.243],[122.357,-3.253],[122.368,-3.227],[122.323,-3.242],[122.297,-3.218],[122.272,-3.135],[122.237,-3.137],[122.19,-3.094],[122.192,-3.033],[122.12,-3.012],[122.105,-2.965],[121.987,-2.962],[121.949,-2.943],[121.893,-2.793],[121.819,-2.764],[121.702,-2.552],[121.594,-2.509],[121.483,-2.487],[121.346,-2.38],[121.16,-2.332],[120.971,-2.241],[120.862,-2.211],[120.817,-2.207],[120.772,-2.229],[120.695,-2.208],[120.584,-2.127],[120.388,-1.882],[120.325,-2.053],[120.263,-2.025],[120.177,-2.028],[120.121,-2.012],[120.099,-1.967],[119.99,-1.97],[119.966,-2.001],[119.886,-2.046],[119.813,-2.045],[119.818,-2.011],[119.872,-1.95],[119.86,-1.878],[119.901,-1.852],[119.905,-1.8],[119.866,-1.771],[119.755,-1.756],[119.776,-1.693],[119.754,-1.654],[119.728,-1.645],[119.735,-1.613],[119.669,-1.546],[119.657,-1.503],[119.694,-1.45],[119.621,-1.395],[119.589,-1.392],[119.572,-1.416],[119.526,-1.428],[119.498,-1.39],[119.451,-1.396],[119.423,-1.358],[119.434,-1.334],[119.505,-1.31],[119.504,-1.295],[119.467,-1.305],[119.471,-1.287],[119.567,-1.274],[119.581,-1.256],[119.58,-1.213],[119.61,-1.12],[119.587,-1.12],[119.57,-1.028],[119.55,-1.006],[119.552,-0.861],[119.613,-0.835],[119.624,-0.799],[119.68,-0.769],[119.685,-0.741],[119.661,-0.717],[119.708,-0.686],[119.727,-0.646],[119.761,-0.683],[119.757,-0.702],[119.768,-0.703],[119.837,-0.879],[119.868,-0.884],[119.879,-0.86],[119.883,-0.822],[119.857,-0.774],[119.86,-0.712],[119.823,-0.689],[119.758,-0.491],[119.764,-0.401],[119.751,-0.367],[119.818,-0.198],[119.798,-0.153],[119.81,-0.137],[119.794,-0.122],[119.709,-0.141],[119.665,-0.111],[119.604,-0.006],[119.666,-0.018],[119.666,0.018],[119.731,-0.021],[119.738,-0.061],[119.768,-0.077],[119.772,-0.107],[119.818,-0.117],[119.84,-0.102],[119.883,-0.022],[119.878,0.081],[119.771,0.213],[119.808,0.236],[119.836,0.215],[119.903,0.221],[119.892,0.289],[119.85,0.327],[119.848,0.357],[119.886,0.386],[119.882,0.459],[119.994,0.482],[120.045,0.514],[120.015,0.663],[120.038,0.718],[120.053,0.711],[120.065,0.734],[120.1,0.75],[120.121,0.741],[120.178,0.757],[120.239,0.802],[120.248,0.959],[120.284,0.986],[120.354,0.984],[120.328,0.851],[120.363,0.828],[120.373,0.867],[120.383,0.807],[120.402,0.79],[120.473,0.778],[120.534,0.792],[120.557,0.768],[120.543,0.757],[120.593,0.748],[120.574,0.769],[120.596,0.809],[120.609,0.808],[120.603,0.872],[120.638,0.919],[120.635,0.939],[120.671,0.949],[120.67,0.966],[120.687,0.953],[120.681,0.961],[120.695,0.961],[120.679,0.972],[120.696,0.987],[120.722,0.973],[120.719,0.958],[120.758,1.01],[120.808,1.028],[120.798,1.091],[120.776,1.108],[120.789,1.164],[120.799,1.158],[120.827,1.182],[120.81,1.22],[120.822,1.293],[120.808,1.325],[120.869,1.318],[120.903,1.356],[120.915,1.337],[120.885,1.317],[120.901,1.313],[120.894,1.304],[120.912,1.31],[120.919,1.325],[120.928,1.318],[120.921,1.33],[120.942,1.35],[120.996,1.34],[121.061,1.302],[121.078,1.319],[121.101,1.315],[121.254,1.23],[121.31,1.256],[121.339,1.262],[121.355,1.249],[121.403,1.262],[121.437,1.31],[121.465,1.307],[121.461,1.251],[121.414,1.234],[121.434,1.227],[121.42,1.19],[121.432,1.164],[121.511,1.087],[121.66,1.034],[121.666,1.068],[121.686,1.068],[121.711,1.036],[121.711,1.079],[121.743,1.059],[121.744,1.072],[121.818,1.08],[121.824,1.092],[121.883,1.08],[121.927,1.103],[121.949,1.057],[121.96,1.06],[121.95,1.044],[121.984,1.022],[122.063,1.063],[122.156,1.048],[122.164,1.032],[122.187,1.056],[122.194,1.034]]],[[[122.792,-1.406],[122.826,-1.284],[122.871,-1.25],[122.911,-1.181],[122.944,-1.184],[122.971,-1.216],[123.033,-1.178],[123.106,-1.161],[123.146,-1.206],[123.164,-1.151],[123.19,-1.151],[123.249,-1.229],[123.219,-1.27],[123.191,-1.261],[123.198,-1.288],[123.184,-1.32],[123.24,-1.388],[123.264,-1.388],[123.284,-1.357],[123.287,-1.307],[123.315,-1.302],[123.374,-1.222],[123.4,-1.235],[123.406,-1.219],[123.415,-1.229],[123.404,-1.252],[123.431,-1.27],[123.444,-1.237],[123.487,-1.27],[123.518,-1.263],[123.56,-1.281],[123.526,-1.43],[123.509,-1.46],[123.471,-1.467],[123.458,-1.519],[123.44,-1.508],[123.412,-1.531],[123.373,-1.503],[123.356,-1.526],[123.352,-1.474],[123.324,-1.454],[123.324,-1.422],[123.3,-1.41],[123.282,-1.442],[123.257,-1.448],[123.238,-1.552],[123.261,-1.623],[123.243,-1.649],[123.231,-1.604],[123.162,-1.641],[123.152,-1.611],[123.111,-1.6],[123.12,-1.56],[123.175,-1.511],[123.17,-1.426],[123.15,-1.409],[123.169,-1.387],[123.144,-1.378],[123.158,-1.3],[123.121,-1.318],[123.12,-1.296],[123.038,-1.42],[123.009,-1.504],[122.946,-1.548],[122.904,-1.601],[122.876,-1.6],[122.85,-1.578],[122.854,-1.552],[122.82,-1.483],[122.792,-1.484],[122.792,-1.406]]],[[[123.536,-1.727],[123.517,-1.701],[123.514,-1.725],[123.489,-1.713],[123.48,-1.689],[123.48,-1.615],[123.5,-1.591],[123.48,-1.585],[123.479,-1.549],[123.514,-1.481],[123.522,-1.512],[123.525,-1.482],[123.547,-1.489],[123.562,-1.602],[123.577,-1.61],[123.603,-1.594],[123.623,-1.624],[123.619,-1.639],[123.605,-1.63],[123.618,-1.653],[123.613,-1.698],[123.536,-1.727]]],[[[121.671,-0.527],[121.693,-0.479],[121.708,-0.48],[121.698,-0.471],[121.721,-0.477],[121.735,-0.449],[121.761,-0.454],[121.756,-0.426],[121.772,-0.416],[121.792,-0.443],[121.867,-0.41],[121.919,-0.447],[121.924,-0.491],[121.909,-0.5],[121.919,-0.519],[121.887,-0.541],[121.871,-0.535],[121.877,-0.527],[121.873,-0.515],[121.863,-0.497],[121.834,-0.496],[121.862,-0.518],[121.831,-0.533],[121.785,-0.499],[121.745,-0.512],[121.74,-0.495],[121.7,-0.563],[121.659,-0.577],[121.65,-0.54],[121.671,-0.527]]],[[[121.878,-0.351],[121.916,-0.338],[121.922,-0.371],[121.944,-0.356],[121.949,-0.366],[121.948,-0.354],[121.97,-0.366],[121.975,-0.356],[121.928,-0.336],[121.968,-0.326],[121.982,-0.334],[121.975,-0.348],[122.002,-0.34],[121.978,-0.354],[122.005,-0.356],[122.012,-0.375],[122.019,-0.354],[122.04,-0.362],[122.043,-0.347],[122.059,-0.348],[122.048,-0.39],[122.065,-0.395],[122.059,-0.407],[122.05,-0.396],[122.045,-0.424],[122.024,-0.409],[122.017,-0.419],[122.01,-0.399],[122.003,-0.42],[121.966,-0.412],[121.92,-0.444],[121.861,-0.389],[121.878,-0.351]]],[[[123.059,-1.83],[123.096,-1.76],[123.126,-1.775],[123.149,-1.818],[123.135,-1.868],[123.105,-1.875],[123.085,-1.916],[123.064,-1.925],[123.048,-1.91],[123.07,-1.887],[123.059,-1.83]]],[[[122.061,-0.351],[122.079,-0.346],[122.07,-0.305],[122.081,-0.308],[122.091,-0.272],[122.111,-0.318],[122.098,-0.33],[122.145,-0.362],[122.145,-0.419],[122.134,-0.409],[122.129,-0.424],[122.091,-0.393],[122.108,-0.435],[122.085,-0.431],[122.065,-0.409],[122.085,-0.394],[122.068,-0.393],[122.061,-0.351]]],[[[123.855,-2.013],[123.836,-1.994],[123.825,-2.027],[123.785,-1.983],[123.782,-1.929],[123.771,-1.942],[123.78,-1.911],[123.776,-1.892],[123.784,-1.879],[123.847,-1.942],[123.855,-2.013]]],[[[122.306,-0.261],[122.248,-0.256],[122.228,-0.213],[122.282,-0.222],[122.285,-0.243],[122.311,-0.236],[122.38,-0.274],[122.368,-0.331],[122.397,-0.39],[122.368,-0.354],[122.306,-0.261]]],[[[121.641,-0.127],[121.658,-0.15],[121.651,-0.194],[121.617,-0.216],[121.593,-0.211],[121.561,-0.179],[121.563,-0.161],[121.603,-0.129],[121.641,-0.127]]],[[[123.316,-1.782],[123.276,-1.798],[123.27,-1.785],[123.309,-1.722],[123.378,-1.673],[123.384,-1.723],[123.372,-1.718],[123.351,-1.742],[123.339,-1.735],[123.316,-1.782]]],[[[122.172,-0.256],[122.151,-0.263],[122.148,-0.242],[122.209,-0.21],[122.186,-0.25],[122.218,-0.248],[122.215,-0.263],[122.233,-0.258],[122.228,-0.273],[122.25,-0.282],[122.234,-0.298],[122.239,-0.281],[122.212,-0.291],[122.202,-0.276],[122.179,-0.28],[122.172,-0.256]]],[[[123.278,-1.197],[123.317,-1.175],[123.326,-1.201],[123.3,-1.283],[123.278,-1.197]]]]}},{"type":"Feature","id":29,"properties":{"province_id":29,"province":"Sulawesi Utara","iso":"ID-SA"},"geometry":{"type":"MultiPolygon","coordinates":[[[[123.478,0.316],[123.48,0.35],[123.548,0.432],[123.521,0.476],[123.552,0.51],[123.525,0.543],[123.53,0.579],[123.488,0.602],[123.488,0.626],[123.379,0.643],[123.325,0.695],[123.278,0.697],[123.248,0.717],[123.271,0.801],[123.207,0.857],[123.122,0.889],[123.116,0.925],[123.179,0.902],[123.199,0.92],[123.168,0.952],[123.212,0.938],[123.24,0.943],[123.248,0.959],[123.261,0.915],[123.269,0.925],[123.343,0.908],[123.351,0.92],[123.355,0.902],[123.373,0.913],[123.394,0.899],[123.4,0.916],[123.417,0.891],[123.451,0.903],[123.527,0.886],[123.598,0.904],[123.704,0.858],[123.713,0.874],[123.737,0.865],[123.75,0.831],[123.804,0.835],[123.791,0.855],[123.828,0.84],[123.913,0.852],[123.957,0.837],[123.965,0.847],[123.93,0.858],[124.068,0.919],[124.139,0.929],[124.202,0.989],[124.297,1.01],[124.357,1.134],[124.342,1.154],[124.354,1.165],[124.409,1.191],[124.517,1.187],[124.528,1.215],[124.564,1.179],[124.577,1.188],[124.612,1.253],[124.572,1.282],[124.55,1.272],[124.515,1.301],[124.532,1.353],[124.613,1.418],[124.638,1.398],[124.678,1.395],[124.754,1.456],[124.827,1.463],[124.845,1.519],[124.805,1.571],[124.868,1.601],[124.882,1.631],[124.933,1.661],[124.925,1.671],[124.94,1.691],[124.965,1.672],[124.971,1.689],[124.957,1.698],[124.972,1.703],[124.962,1.728],[124.984,1.72],[124.981,1.75],[125.025,1.732],[125.026,1.729],[125.025,1.729],[125.025,1.725],[125.017,1.715],[125.013,1.69],[125.042,1.673],[125.047,1.685],[125.111,1.662],[125.118,1.676],[125.135,1.668],[125.144,1.688],[125.175,1.685],[125.144,1.605],[125.169,1.566],[125.245,1.515],[125.235,1.469],[125.196,1.438],[125.127,1.429],[125.12,1.404],[125.078,1.366],[125.024,1.142],[124.893,1.004],[124.888,0.974],[124.791,0.945],[124.768,0.891],[124.72,0.894],[124.707,0.862],[124.721,0.848],[124.672,0.828],[124.64,0.792],[124.624,0.764],[124.63,0.714],[124.598,0.706],[124.594,0.683],[124.582,0.696],[124.544,0.625],[124.565,0.623],[124.57,0.577],[124.542,0.587],[124.493,0.543],[124.513,0.472],[124.493,0.467],[124.49,0.485],[124.483,0.468],[124.447,0.46],[124.453,0.444],[124.414,0.455],[124.386,0.442],[124.328,0.447],[124.318,0.421],[124.286,0.423],[124.289,0.405],[124.081,0.388],[124.052,0.365],[123.982,0.374],[123.976,0.358],[123.883,0.347],[123.86,0.327],[123.807,0.334],[123.778,0.311],[123.736,0.323],[123.63,0.292],[123.574,0.322],[123.495,0.306],[123.478,0.316]]],[[[126.87,4.43],[126.851,4.411],[126.853,4.368],[126.911,4.272],[126.86,4.25],[126.871,4.218],[126.796,4.147],[126.812,4.104],[126.808,4.032],[126.763,3.994],[126.703,4.005],[126.681,3.993],[126.669,4.047],[126.733,4.109],[126.759,4.182],[126.792,4.214],[126.78,4.249],[126.716,4.265],[126.706,4.324],[126.68,4.334],[126.704,4.428],[126.734,4.461],[126.72,4.508],[126.731,4.536],[126.748,4.546],[126.781,4.525],[126.809,4.533],[126.832,4.49],[126.855,4.489],[126.87,4.43]]],[[[125.511,3.571],[125.489,3.573],[125.482,3.593],[125.502,3.61],[125.438,3.622],[125.399,3.668],[125.398,3.704],[125.425,3.734],[125.508,3.722],[125.576,3.642],[125.564,3.626],[125.595,3.611],[125.56,3.578],[125.585,3.583],[125.59,3.553],[125.618,3.542],[125.64,3.494],[125.66,3.485],[125.663,3.488],[125.658,3.495],[125.644,3.497],[125.643,3.509],[125.662,3.523],[125.654,3.505],[125.671,3.494],[125.676,3.426],[125.645,3.383],[125.63,3.389],[125.605,3.368],[125.586,3.405],[125.559,3.422],[125.583,3.434],[125.57,3.44],[125.534,3.408],[125.52,3.441],[125.504,3.435],[125.488,3.487],[125.511,3.571]]],[[[125.402,2.669],[125.429,2.656],[125.417,2.635],[125.376,2.651],[125.359,2.743],[125.378,2.802],[125.427,2.809],[125.457,2.763],[125.408,2.729],[125.402,2.669]]],[[[126.722,3.895],[126.686,3.87],[126.706,3.818],[126.684,3.812],[126.662,3.883],[126.668,3.93],[126.638,3.949],[126.627,3.984],[126.614,3.983],[126.609,4.041],[126.64,4.025],[126.647,3.978],[126.716,3.925],[126.722,3.895]]],[[[126.807,3.828],[126.851,3.754],[126.823,3.728],[126.783,3.749],[126.735,3.815],[126.757,3.854],[126.807,3.828]]],[[[125.241,1.443],[125.237,1.462],[125.292,1.549],[125.26,1.413],[125.175,1.399],[125.174,1.387],[125.169,1.398],[125.179,1.406],[125.167,1.404],[125.186,1.432],[125.241,1.443]]],[[[125.387,2.331],[125.37,2.361],[125.392,2.384],[125.406,2.366],[125.435,2.383],[125.467,2.348],[125.432,2.314],[125.387,2.331]]],[[[125.151,1.734],[125.135,1.748],[125.113,1.813],[125.137,1.823],[125.125,1.832],[125.135,1.847],[125.159,1.808],[125.188,1.8],[125.185,1.775],[125.147,1.758],[125.151,1.734]]]]}},{"type":"Feature","id":30,"properties":{"province_id":30,"province":"Sulawesi Barat","iso":"ID-SR"},"geometry":{"type":"Polygon","coordinates":[[[119.552,-0.861],[119.55,-1.006],[119.57,-1.028],[119.587,-1.12],[119.61,-1.12],[119.58,-1.213],[119.581,-1.256],[119.567,-1.274],[119.471,-1.287],[119.467,-1.305],[119.504,-1.295],[119.505,-1.31],[119.434,-1.334],[119.424,-1.363],[119.451,-1.396],[119.498,-1.39],[119.526,-1.428],[119.572,-1.416],[119.589,-1.392],[119.621,-1.395],[119.694,-1.45],[119.657,-1.503],[119.669,-1.546],[119.735,-1.613],[119.728,-1.645],[119.754,-1.654],[119.776,-1.693],[119.755,-1.756],[119.866,-1.771],[119.905,-1.8],[119.901,-1.852],[119.86,-1.878],[119.872,-1.95],[119.818,-2.011],[119.816,-2.044],[119.764,-2.084],[119.733,-2.075],[119.63,-2.164],[119.599,-2.285],[119.608,-2.306],[119.691,-2.337],[119.717,-2.393],[119.69,-2.438],[119.722,-2.501],[119.702,-2.554],[119.753,-2.606],[119.746,-2.639],[119.764,-2.678],[119.742,-2.72],[119.646,-2.757],[119.56,-2.737],[119.495,-2.74],[119.527,-2.793],[119.513,-2.842],[119.537,-2.941],[119.552,-2.947],[119.579,-3.029],[119.632,-3.117],[119.547,-3.13],[119.486,-3.184],[119.426,-3.175],[119.397,-3.192],[119.393,-3.217],[119.44,-3.265],[119.449,-3.328],[119.436,-3.344],[119.463,-3.374],[119.479,-3.465],[119.493,-3.477],[119.478,-3.501],[119.431,-3.477],[119.43,-3.459],[119.406,-3.465],[119.386,-3.451],[119.373,-3.463],[119.343,-3.433],[119.303,-3.426],[119.235,-3.483],[119.139,-3.493],[119.108,-3.516],[119.066,-3.503],[119.02,-3.516],[118.996,-3.547],[119.0,-3.563],[118.965,-3.545],[118.939,-3.57],[118.879,-3.475],[118.879,-3.441],[118.846,-3.379],[118.842,-3.326],[118.859,-3.302],[118.831,-3.233],[118.829,-3.17],[118.776,-3.104],[118.796,-3.071],[118.824,-3.089],[118.84,-3.079],[118.86,-3.032],[118.849,-2.988],[118.886,-2.89],[118.849,-2.851],[118.769,-2.867],[118.761,-2.767],[118.782,-2.749],[118.779,-2.691],[118.817,-2.617],[118.868,-2.68],[118.917,-2.665],[118.997,-2.616],[119.009,-2.586],[119.029,-2.584],[119.041,-2.51],[119.145,-2.47],[119.127,-2.466],[119.142,-2.393],[119.122,-2.313],[119.135,-2.307],[119.13,-2.277],[119.153,-2.236],[119.146,-2.197],[119.188,-2.149],[119.208,-2.028],[119.223,-2.013],[119.213,-1.996],[119.289,-1.952],[119.332,-1.961],[119.363,-1.857],[119.352,-1.82],[119.313,-1.796],[119.297,-1.701],[119.28,-1.688],[119.326,-1.582],[119.286,-1.452],[119.289,-1.389],[119.337,-1.35],[119.303,-1.276],[119.341,-1.168],[119.376,-1.166],[119.393,-1.132],[119.44,-1.106],[119.46,-1.074],[119.552,-0.861]]]}},{"type":"Feature","id":31,"properties":{"province_id":31,"province":"Maluku","iso":"ID-MA"},"geometry":{"type":"MultiPolygon","coordinates":[[[[127.946,-3.467],[127.96,-3.528],[127.921,-3.568],[127.895,-3.49],[127.943,-3.352],[127.923,-3.302],[127.889,-3.272],[127.871,-3.187],[127.837,-3.157],[127.87,-3.157],[127.867,-3.175],[127.88,-3.15],[127.912,-3.152],[127.944,-3.129],[127.944,-3.112],[127.988,-3.109],[127.977,-3.095],[128.0,-3.071],[128.002,-3.086],[128.117,-3.065],[128.104,-3.045],[128.11,-3.016],[128.094,-3.021],[128.128,-2.997],[128.123,-2.971],[128.078,-2.987],[128.071,-2.973],[128.129,-2.945],[128.142,-2.923],[128.129,-2.905],[128.166,-2.882],[128.163,-2.864],[128.238,-2.854],[128.266,-2.869],[128.398,-2.871],[128.434,-2.848],[128.471,-2.852],[128.509,-2.834],[128.562,-2.854],[128.668,-2.84],[128.701,-2.861],[128.755,-2.851],[128.838,-2.866],[128.961,-2.841],[129.049,-2.795],[129.078,-2.855],[129.065,-2.897],[129.052,-2.892],[129.076,-2.909],[129.084,-2.939],[129.131,-2.97],[129.158,-2.948],[129.198,-2.964],[129.18,-2.939],[129.187,-2.922],[129.211,-2.953],[129.222,-2.954],[129.209,-2.944],[129.224,-2.922],[129.348,-2.858],[129.376,-2.79],[129.471,-2.784],[129.52,-2.799],[129.53,-2.779],[129.586,-2.825],[129.616,-2.81],[129.623,-2.83],[129.671,-2.825],[129.751,-2.865],[129.787,-2.865],[129.807,-2.91],[129.828,-2.913],[129.822,-2.925],[129.842,-2.925],[129.857,-2.9],[129.862,-2.939],[129.882,-2.957],[129.897,-2.964],[129.9,-2.937],[129.917,-2.963],[129.932,-2.954],[130.01,-2.98],[130.035,-3.004],[130.154,-2.987],[130.183,-3.011],[130.23,-3.015],[130.262,-2.98],[130.309,-2.98],[130.284,-2.975],[130.322,-2.973],[130.348,-2.996],[130.383,-2.987],[130.439,-3.031],[130.444,-3.056],[130.48,-3.073],[130.496,-3.103],[130.554,-3.107],[130.604,-3.152],[130.633,-3.24],[130.631,-3.331],[130.646,-3.376],[130.667,-3.403],[130.806,-3.407],[130.84,-3.461],[130.81,-3.471],[130.806,-3.489],[130.883,-3.589],[130.876,-3.624],[130.84,-3.648],[130.826,-3.684],[130.822,-3.833],[130.85,-3.864],[130.817,-3.871],[130.769,-3.829],[130.754,-3.838],[130.62,-3.793],[130.571,-3.724],[130.483,-3.707],[130.467,-3.674],[130.417,-3.633],[130.327,-3.615],[130.298,-3.587],[130.133,-3.533],[130.098,-3.501],[130.018,-3.484],[129.971,-3.426],[129.96,-3.359],[129.921,-3.337],[129.519,-3.3],[129.503,-3.315],[129.567,-3.42],[129.558,-3.46],[129.531,-3.47],[129.411,-3.419],[129.254,-3.409],[129.084,-3.341],[128.935,-3.357],[128.91,-3.328],[128.932,-3.342],[128.928,-3.323],[128.967,-3.29],[128.967,-3.227],[128.884,-3.204],[128.858,-3.212],[128.841,-3.243],[128.778,-3.266],[128.68,-3.36],[128.671,-3.391],[128.699,-3.412],[128.674,-3.433],[128.595,-3.426],[128.523,-3.458],[128.468,-3.46],[128.405,-3.428],[128.394,-3.393],[128.333,-3.329],[128.292,-3.226],[128.269,-3.203],[128.249,-3.208],[128.252,-3.196],[128.242,-3.211],[128.217,-3.207],[128.22,-3.218],[128.189,-3.194],[128.203,-3.219],[128.182,-3.232],[128.161,-3.202],[128.173,-3.186],[128.158,-3.188],[128.159,-3.159],[128.174,-3.165],[128.171,-3.14],[128.189,-3.148],[128.205,-3.123],[128.199,-3.075],[128.171,-3.062],[128.091,-3.131],[128.067,-3.209],[128.055,-3.341],[128.017,-3.381],[127.987,-3.379],[127.946,-3.467]]],[[[126.562,-3.793],[126.515,-3.795],[126.531,-3.785],[126.502,-3.785],[126.396,-3.72],[126.402,-3.71],[126.385,-3.718],[126.338,-3.681],[126.281,-3.664],[126.236,-3.62],[126.197,-3.624],[126.167,-3.593],[126.149,-3.523],[126.075,-3.479],[126.047,-3.443],[126.041,-3.399],[126.007,-3.359],[126.018,-3.338],[126.005,-3.263],[126.019,-3.241],[126.013,-3.193],[126.017,-3.174],[126.09,-3.113],[126.134,-3.162],[126.204,-3.186],[126.228,-3.18],[126.233,-3.133],[126.261,-3.133],[126.299,-3.094],[126.347,-3.101],[126.407,-3.081],[126.791,-3.059],[126.867,-3.096],[126.889,-3.126],[126.909,-3.123],[126.934,-3.144],[126.986,-3.139],[127.107,-3.226],[127.117,-3.28],[127.096,-3.284],[127.077,-3.259],[127.03,-3.275],[127.041,-3.331],[127.073,-3.324],[127.077,-3.373],[127.128,-3.384],[127.141,-3.351],[127.167,-3.336],[127.182,-3.356],[127.218,-3.356],[127.267,-3.386],[127.249,-3.455],[127.251,-3.593],[127.228,-3.653],[127.205,-3.671],[127.137,-3.662],[127.051,-3.689],[126.954,-3.771],[126.812,-3.804],[126.741,-3.857],[126.72,-3.846],[126.684,-3.861],[126.639,-3.823],[126.622,-3.828],[126.562,-3.793]]],[[[131.241,-7.472],[131.305,-7.441],[131.315,-7.421],[131.343,-7.447],[131.355,-7.396],[131.369,-7.405],[131.384,-7.393],[131.366,-7.372],[131.394,-7.359],[131.384,-7.346],[131.429,-7.335],[131.452,-7.346],[131.433,-7.316],[131.446,-7.282],[131.458,-7.287],[131.488,-7.236],[131.543,-7.228],[131.519,-7.181],[131.537,-7.143],[131.566,-7.148],[131.585,-7.125],[131.602,-7.14],[131.606,-7.125],[131.656,-7.119],[131.66,-7.146],[131.638,-7.172],[131.66,-7.183],[131.689,-7.169],[131.683,-7.15],[131.71,-7.144],[131.691,-7.164],[131.719,-7.165],[131.717,-7.189],[131.746,-7.21],[131.742,-7.222],[131.657,-7.229],[131.631,-7.261],[131.652,-7.353],[131.68,-7.382],[131.648,-7.394],[131.663,-7.409],[131.657,-7.43],[131.671,-7.421],[131.67,-7.438],[131.706,-7.422],[131.667,-7.451],[131.672,-7.496],[131.649,-7.505],[131.667,-7.512],[131.622,-7.65],[131.601,-7.644],[131.585,-7.659],[131.553,-7.723],[131.484,-7.731],[131.48,-7.782],[131.452,-7.777],[131.461,-7.81],[131.431,-7.815],[131.364,-7.87],[131.361,-7.888],[131.381,-7.896],[131.344,-7.907],[131.327,-7.933],[131.356,-7.933],[131.328,-7.954],[131.342,-7.991],[131.293,-8.03],[131.286,-8.003],[131.308,-7.955],[131.295,-7.922],[131.232,-8.007],[131.103,-7.996],[131.121,-7.912],[131.082,-7.881],[131.082,-7.848],[131.107,-7.823],[131.138,-7.837],[131.145,-7.803],[131.115,-7.795],[131.137,-7.784],[131.112,-7.783],[131.156,-7.772],[131.148,-7.767],[131.132,-7.77],[131.149,-7.75],[131.142,-7.735],[131.115,-7.758],[131.127,-7.734],[131.111,-7.724],[131.106,-7.743],[131.106,-7.705],[131.128,-7.681],[131.171,-7.723],[131.231,-7.72],[131.25,-7.736],[131.247,-7.721],[131.265,-7.723],[131.271,-7.704],[131.263,-7.702],[131.238,-7.725],[131.238,-7.712],[131.185,-7.703],[131.175,-7.676],[131.156,-7.672],[131.193,-7.651],[131.173,-7.643],[131.241,-7.472]]],[[[134.325,-6.023],[134.36,-6.041],[134.382,-6.019],[134.418,-6.026],[134.434,-6.019],[134.466,-5.978],[134.47,-5.96],[134.487,-5.961],[134.506,-5.95],[134.536,-5.919],[134.567,-5.936],[134.595,-5.943],[134.66,-5.945],[134.663,-5.975],[134.717,-6.012],[134.715,-6.032],[134.743,-6.036],[134.784,-6.091],[134.763,-6.138],[134.735,-6.16],[134.708,-6.155],[134.709,-6.18],[134.763,-6.156],[134.769,-6.166],[134.73,-6.311],[134.625,-6.374],[134.528,-6.338],[134.597,-6.386],[134.612,-6.431],[134.569,-6.478],[134.58,-6.476],[134.551,-6.534],[134.516,-6.532],[134.503,-6.495],[134.482,-6.488],[134.493,-6.457],[134.468,-6.447],[134.47,-6.429],[134.438,-6.437],[134.407,-6.397],[134.369,-6.397],[134.361,-6.362],[134.347,-6.36],[134.37,-6.337],[134.338,-6.339],[134.325,-6.278],[134.292,-6.286],[134.227,-6.216],[134.175,-6.2],[134.164,-6.156],[134.114,-6.102],[134.125,-6.039],[134.15,-6.006],[134.164,-6.036],[134.229,-6.017],[134.23,-6.057],[134.246,-6.073],[134.28,-6.06],[134.244,-6.096],[134.234,-6.14],[134.268,-6.148],[134.275,-6.169],[134.302,-6.169],[134.321,-6.2],[134.313,-6.172],[134.283,-6.146],[134.291,-6.137],[134.289,-6.128],[134.27,-6.109],[134.291,-6.065],[134.28,-6.048],[134.325,-6.023]]],[[[126.563,-7.815],[126.521,-7.858],[126.467,-7.975],[126.421,-7.931],[126.367,-7.935],[126.331,-7.915],[126.173,-7.925],[126.136,-7.893],[126.071,-7.888],[125.984,-7.919],[125.949,-7.915],[125.87,-7.977],[125.817,-7.994],[125.807,-8.014],[125.789,-8.006],[125.822,-7.944],[125.816,-7.858],[125.875,-7.806],[125.863,-7.768],[125.915,-7.745],[125.935,-7.678],[125.972,-7.653],[126.0,-7.681],[126.015,-7.675],[126.026,-7.698],[126.185,-7.728],[126.237,-7.688],[126.324,-7.695],[126.367,-7.666],[126.379,-7.638],[126.406,-7.624],[126.44,-7.632],[126.473,-7.588],[126.595,-7.573],[126.62,-7.557],[126.636,-7.563],[126.639,-7.605],[126.686,-7.622],[126.721,-7.667],[126.816,-7.661],[126.809,-7.68],[126.842,-7.733],[126.826,-7.754],[126.72,-7.745],[126.563,-7.815]]],[[[134.216,-6.907],[134.2,-6.944],[134.169,-6.918],[134.151,-6.869],[134.158,-6.87],[134.165,-6.891],[134.167,-6.883],[134.15,-6.85],[134.191,-6.849],[134.194,-6.835],[134.182,-6.83],[134.186,-6.849],[134.151,-6.847],[134.147,-6.852],[134.149,-6.866],[134.125,-6.847],[134.095,-6.85],[134.07,-6.826],[134.052,-6.775],[134.078,-6.714],[134.1,-6.489],[134.116,-6.448],[134.137,-6.482],[134.182,-6.484],[134.153,-6.532],[134.202,-6.486],[134.207,-6.539],[134.227,-6.563],[134.235,-6.615],[134.296,-6.661],[134.28,-6.64],[134.236,-6.609],[134.236,-6.572],[134.213,-6.537],[134.234,-6.512],[134.196,-6.466],[134.217,-6.444],[134.184,-6.457],[134.211,-6.426],[134.141,-6.463],[134.117,-6.418],[134.136,-6.31],[134.098,-6.179],[134.113,-6.16],[134.166,-6.209],[134.225,-6.224],[134.252,-6.26],[134.291,-6.293],[134.303,-6.291],[134.34,-6.399],[134.353,-6.397],[134.363,-6.391],[134.368,-6.406],[134.403,-6.398],[134.436,-6.443],[134.461,-6.433],[134.479,-6.488],[134.505,-6.523],[134.483,-6.525],[134.474,-6.548],[134.497,-6.553],[134.475,-6.568],[134.491,-6.585],[134.525,-6.572],[134.531,-6.584],[134.526,-6.608],[134.498,-6.619],[134.495,-6.657],[134.465,-6.68],[134.429,-6.649],[134.416,-6.666],[134.422,-6.666],[134.43,-6.657],[134.434,-6.659],[134.447,-6.695],[134.39,-6.731],[134.403,-6.758],[134.365,-6.793],[134.379,-6.816],[134.333,-6.861],[134.216,-6.907]]],[[[134.433,-5.598],[134.419,-5.597],[134.446,-5.575],[134.459,-5.53],[134.469,-5.563],[134.505,-5.532],[134.503,-5.55],[134.511,-5.564],[134.525,-5.559],[134.531,-5.57],[134.539,-5.57],[134.551,-5.561],[134.571,-5.571],[134.592,-5.57],[134.595,-5.575],[134.6,-5.569],[134.64,-5.591],[134.651,-5.576],[134.663,-5.598],[134.683,-5.583],[134.735,-5.627],[134.746,-5.616],[134.767,-5.669],[134.734,-5.674],[134.727,-5.726],[134.705,-5.739],[134.726,-5.749],[134.739,-5.739],[134.748,-5.786],[134.707,-5.833],[134.768,-5.85],[134.759,-5.864],[134.772,-5.887],[134.747,-5.907],[134.732,-5.88],[134.71,-5.892],[134.717,-5.918],[134.751,-5.941],[134.734,-5.944],[134.733,-5.98],[134.66,-5.931],[134.596,-5.941],[134.535,-5.917],[134.504,-5.948],[134.468,-5.958],[134.423,-6.022],[134.381,-6.015],[134.358,-6.032],[134.324,-6.017],[134.301,-6.019],[134.333,-5.945],[134.299,-5.929],[134.299,-5.898],[134.318,-5.905],[134.311,-5.897],[134.336,-5.883],[134.332,-5.859],[134.372,-5.849],[134.358,-5.828],[134.381,-5.822],[134.37,-5.801],[134.415,-5.786],[134.386,-5.79],[134.368,-5.77],[134.326,-5.795],[134.326,-5.759],[134.258,-5.758],[134.213,-5.715],[134.252,-5.662],[134.347,-5.726],[134.361,-5.714],[134.354,-5.687],[134.433,-5.598]]],[[[127.94,-3.772],[127.918,-3.72],[127.92,-3.684],[128.026,-3.592],[128.168,-3.588],[128.213,-3.525],[128.257,-3.495],[128.345,-3.507],[128.353,-3.528],[128.322,-3.567],[128.355,-3.599],[128.356,-3.629],[128.261,-3.618],[128.257,-3.63],[128.301,-3.681],[128.27,-3.705],[128.265,-3.73],[128.228,-3.748],[128.16,-3.749],[128.153,-3.771],[128.089,-3.792],[128.155,-3.707],[128.244,-3.639],[128.233,-3.628],[128.195,-3.641],[128.202,-3.659],[128.117,-3.686],[128.087,-3.722],[128.038,-3.734],[127.998,-3.781],[127.94,-3.772]]],[[[129.856,-7.843],[129.842,-7.874],[129.866,-7.9],[129.862,-7.926],[129.827,-7.963],[129.793,-8.043],[129.753,-8.055],[129.674,-8.012],[129.582,-7.899],[129.598,-7.821],[129.666,-7.787],[129.818,-7.816],[129.856,-7.843]]],[[[133.114,-5.292],[133.154,-5.272],[133.156,-5.295],[133.16,-5.283],[133.173,-5.291],[133.192,-5.327],[133.164,-5.367],[133.12,-5.566],[133.083,-5.627],[133.043,-5.644],[132.964,-5.743],[132.943,-5.825],[132.958,-5.84],[132.952,-5.876],[132.916,-5.902],[132.894,-5.953],[132.866,-5.965],[132.845,-6.007],[132.869,-5.902],[132.887,-5.903],[132.872,-5.879],[132.877,-5.856],[132.892,-5.858],[132.883,-5.842],[132.937,-5.777],[132.954,-5.67],[132.977,-5.64],[132.979,-5.658],[133.005,-5.649],[133.114,-5.292]]],[[[132.611,-5.593],[132.676,-5.63],[132.71,-5.591],[132.713,-5.624],[132.7,-5.631],[132.692,-5.654],[132.719,-5.661],[132.742,-5.643],[132.738,-5.691],[132.764,-5.747],[132.76,-5.72],[132.779,-5.726],[132.772,-5.766],[132.779,-5.781],[132.769,-5.775],[132.773,-5.814],[132.789,-5.776],[132.812,-5.816],[132.815,-5.847],[132.78,-5.943],[132.723,-5.951],[132.732,-5.9],[132.721,-5.893],[132.694,-5.952],[132.694,-5.911],[132.663,-5.906],[132.67,-5.855],[132.69,-5.834],[132.67,-5.784],[132.675,-5.748],[132.689,-5.753],[132.709,-5.819],[132.699,-5.756],[132.649,-5.712],[132.658,-5.675],[132.634,-5.674],[132.641,-5.639],[132.611,-5.593]]],[[[127.858,-8.212],[127.795,-8.186],[127.763,-8.11],[127.812,-8.104],[127.926,-8.127],[127.954,-8.147],[128.088,-8.137],[128.126,-8.155],[128.074,-8.196],[128.045,-8.26],[127.96,-8.247],[127.943,-8.22],[127.858,-8.212]]],[[[130.756,-8.338],[130.798,-8.298],[130.819,-8.253],[130.873,-8.22],[130.922,-8.213],[130.922,-8.136],[130.937,-8.125],[130.944,-8.141],[130.997,-8.145],[131.006,-8.131],[130.986,-8.115],[131.017,-8.079],[131.082,-8.112],[131.087,-8.129],[131.068,-8.162],[131.125,-8.117],[131.166,-8.119],[131.143,-8.158],[131.054,-8.206],[131.039,-8.201],[130.984,-8.238],[130.926,-8.23],[130.887,-8.247],[130.896,-8.29],[130.827,-8.321],[130.817,-8.341],[130.756,-8.338]]],[[[134.593,-5.567],[134.572,-5.57],[134.574,-5.56],[134.553,-5.557],[134.531,-5.569],[134.524,-5.555],[134.507,-5.556],[134.528,-5.511],[134.52,-5.51],[134.515,-5.514],[134.504,-5.509],[134.503,-5.494],[134.526,-5.493],[134.538,-5.478],[134.533,-5.479],[134.526,-5.489],[134.516,-5.47],[134.512,-5.472],[134.514,-5.485],[134.492,-5.486],[134.5,-5.419],[134.56,-5.453],[134.561,-5.448],[134.556,-5.434],[134.58,-5.439],[134.564,-5.431],[134.573,-5.418],[134.587,-5.416],[134.588,-5.433],[134.592,-5.44],[134.594,-5.437],[134.589,-5.433],[134.591,-5.428],[134.591,-5.423],[134.608,-5.427],[134.606,-5.45],[134.613,-5.431],[134.622,-5.444],[134.623,-5.432],[134.61,-5.421],[134.623,-5.424],[134.653,-5.454],[134.647,-5.504],[134.657,-5.493],[134.663,-5.506],[134.666,-5.481],[134.706,-5.516],[134.701,-5.535],[134.671,-5.537],[134.689,-5.555],[134.68,-5.573],[134.666,-5.555],[134.653,-5.572],[134.65,-5.551],[134.65,-5.573],[134.634,-5.581],[134.611,-5.567],[134.6,-5.566],[134.593,-5.567]]],[[[131.987,-7.214],[131.974,-7.244],[131.949,-7.254],[131.909,-7.229],[131.893,-7.177],[131.817,-7.161],[131.809,-7.175],[131.776,-7.165],[131.759,-7.182],[131.755,-7.17],[131.727,-7.177],[131.714,-7.155],[131.719,-7.135],[131.755,-7.116],[131.915,-7.103],[131.987,-7.214]]],[[[128.529,-7.127],[128.609,-7.062],[128.701,-7.117],[128.687,-7.138],[128.655,-7.138],[128.672,-7.164],[128.689,-7.165],[128.646,-7.218],[128.535,-7.158],[128.529,-7.127]]],[[[128.654,-3.573],[128.663,-3.61],[128.644,-3.631],[128.609,-3.598],[128.597,-3.551],[128.554,-3.529],[128.566,-3.498],[128.604,-3.497],[128.626,-3.525],[128.684,-3.543],[128.694,-3.494],[128.715,-3.498],[128.73,-3.513],[128.738,-3.603],[128.728,-3.623],[128.654,-3.573]]],[[[127.367,-7.655],[127.323,-7.627],[127.341,-7.595],[127.37,-7.587],[127.355,-7.529],[127.365,-7.501],[127.386,-7.492],[127.382,-7.51],[127.399,-7.514],[127.408,-7.497],[127.442,-7.524],[127.486,-7.521],[127.471,-7.59],[127.41,-7.6],[127.398,-7.64],[127.367,-7.655]]],[[[128.4,-3.631],[128.418,-3.611],[128.422,-3.522],[128.499,-3.512],[128.556,-3.545],[128.574,-3.591],[128.541,-3.614],[128.512,-3.606],[128.4,-3.631]]],[[[134.672,-6.63],[134.703,-6.579],[134.762,-6.622],[134.737,-6.652],[134.734,-6.703],[134.709,-6.724],[134.709,-6.702],[134.704,-6.71],[134.705,-6.722],[134.713,-6.731],[134.674,-6.783],[134.623,-6.756],[134.636,-6.729],[134.625,-6.71],[134.654,-6.7],[134.672,-6.63]]],[[[130.97,-7.49],[130.99,-7.43],[131.152,-7.405],[131.168,-7.418],[131.132,-7.467],[131.093,-7.489],[131.085,-7.481],[131.061,-7.523],[131.031,-7.511],[131.059,-7.499],[131.057,-7.485],[131.011,-7.502],[131.007,-7.517],[130.97,-7.49]]],[[[127.64,-3.221],[127.722,-3.16],[127.762,-3.151],[127.785,-3.175],[127.799,-3.182],[127.789,-3.257],[127.75,-3.248],[127.708,-3.26],[127.64,-3.221]]],[[[127.992,-2.924],[128.003,-2.943],[127.954,-3.01],[127.912,-3.039],[127.829,-3.035],[127.866,-3.008],[127.878,-2.961],[127.915,-2.951],[127.925,-2.935],[127.942,-2.941],[127.915,-2.914],[127.992,-2.924]]],[[[134.842,-6.328],[134.848,-6.358],[134.855,-6.282],[134.877,-6.291],[134.866,-6.325],[134.883,-6.308],[134.885,-6.285],[134.908,-6.315],[134.845,-6.477],[134.802,-6.45],[134.806,-6.432],[134.826,-6.434],[134.824,-6.431],[134.807,-6.43],[134.819,-6.401],[134.805,-6.409],[134.796,-6.39],[134.842,-6.328]]],[[[128.219,-8.209],[128.233,-8.272],[128.151,-8.278],[128.079,-8.256],[128.092,-8.207],[128.219,-8.209]]],[[[128.828,-8.205],[128.871,-8.182],[128.965,-8.185],[129.028,-8.216],[129.031,-8.243],[129.009,-8.261],[128.953,-8.224],[128.933,-8.226],[128.938,-8.246],[128.905,-8.242],[128.828,-8.205]]],[[[134.692,-6.442],[134.73,-6.473],[134.724,-6.493],[134.707,-6.493],[134.724,-6.494],[134.731,-6.483],[134.731,-6.474],[134.736,-6.469],[134.746,-6.483],[134.752,-6.508],[134.74,-6.516],[134.752,-6.51],[134.764,-6.529],[134.745,-6.553],[134.723,-6.541],[134.682,-6.564],[134.664,-6.511],[134.641,-6.499],[134.641,-6.476],[134.692,-6.442]]],[[[127.656,-3.367],[127.617,-3.369],[127.601,-3.349],[127.507,-3.331],[127.487,-3.301],[127.527,-3.281],[127.523,-3.265],[127.576,-3.266],[127.656,-3.367]]],[[[131.084,-7.64],[131.126,-7.653],[131.089,-7.703],[131.038,-7.705],[131.037,-7.724],[130.967,-7.742],[130.97,-7.682],[131.084,-7.64]]],[[[130.99,-7.524],[130.989,-7.546],[130.961,-7.544],[130.982,-7.559],[130.973,-7.566],[130.946,-7.55],[130.894,-7.578],[130.833,-7.555],[130.838,-7.502],[130.851,-7.495],[130.937,-7.531],[130.968,-7.508],[130.99,-7.524]]],[[[127.692,-8.154],[127.754,-8.19],[127.741,-8.215],[127.66,-8.239],[127.632,-8.238],[127.601,-8.217],[127.692,-8.154]]],[[[132.752,-5.574],[132.802,-5.523],[132.794,-5.569],[132.815,-5.541],[132.817,-5.554],[132.8,-5.609],[132.813,-5.689],[132.792,-5.693],[132.798,-5.652],[132.78,-5.689],[132.761,-5.666],[132.753,-5.676],[132.771,-5.649],[132.759,-5.642],[132.749,-5.665],[132.752,-5.574]]],[[[127.211,-8.106],[127.143,-8.098],[127.136,-8.038],[127.161,-8.016],[127.199,-8.014],[127.215,-8.034],[127.218,-8.081],[127.233,-8.094],[127.211,-8.106]]],[[[127.224,-3.905],[127.164,-3.889],[127.142,-3.852],[127.151,-3.835],[127.197,-3.816],[127.236,-3.838],[127.244,-3.875],[127.224,-3.905]]],[[[131.623,-6.709],[131.596,-6.73],[131.582,-6.711],[131.569,-6.717],[131.558,-6.753],[131.564,-6.764],[131.596,-6.753],[131.589,-6.769],[131.522,-6.798],[131.519,-6.75],[131.563,-6.706],[131.575,-6.67],[131.625,-6.679],[131.623,-6.709]]],[[[131.423,-3.952],[131.448,-4.039],[131.44,-4.078],[131.421,-4.076],[131.367,-3.972],[131.423,-3.952]]],[[[131.282,-4.07],[131.378,-4.129],[131.4,-4.173],[131.298,-4.121],[131.275,-4.087],[131.282,-4.07]]],[[[134.196,-5.751],[134.239,-5.757],[134.252,-5.781],[134.249,-5.825],[134.193,-5.828],[134.196,-5.751]]],[[[129.813,-8.207],[129.848,-8.141],[129.925,-8.092],[129.916,-8.13],[129.882,-8.147],[129.84,-8.207],[129.813,-8.207]]],[[[129.523,-7.941],[129.515,-7.843],[129.543,-7.859],[129.57,-7.908],[129.544,-7.951],[129.523,-7.941]]],[[[134.244,-5.625],[134.248,-5.612],[134.282,-5.607],[134.3,-5.573],[134.317,-5.572],[134.305,-5.564],[134.346,-5.571],[134.335,-5.604],[134.288,-5.627],[134.279,-5.646],[134.244,-5.625]]],[[[131.266,-7.379],[131.208,-7.358],[131.226,-7.352],[131.226,-7.333],[131.241,-7.339],[131.239,-7.312],[131.257,-7.304],[131.302,-7.339],[131.272,-7.347],[131.266,-7.379]]],[[[134.813,-6.562],[134.805,-6.536],[134.8,-6.55],[134.776,-6.544],[134.775,-6.515],[134.798,-6.51],[134.82,-6.482],[134.851,-6.495],[134.813,-6.562]]],[[[131.972,-7.001],[132.008,-6.987],[131.961,-7.055],[131.91,-7.081],[131.909,-7.057],[131.972,-7.001]]],[[[134.507,-5.377],[134.552,-5.353],[134.561,-5.329],[134.591,-5.331],[134.603,-5.348],[134.581,-5.353],[134.539,-5.411],[134.507,-5.377]]],[[[129.909,-4.549],[129.947,-4.508],[129.958,-4.548],[129.934,-4.573],[129.861,-4.556],[129.874,-4.543],[129.909,-4.549]]],[[[131.967,-5.351],[131.989,-5.31],[132.022,-5.313],[132.003,-5.371],[131.971,-5.385],[131.967,-5.351]]],[[[132.343,-5.582],[132.317,-5.571],[132.325,-5.562],[132.303,-5.533],[132.313,-5.522],[132.344,-5.529],[132.356,-5.553],[132.377,-5.536],[132.377,-5.555],[132.343,-5.582]]],[[[134.6,-6.47],[134.634,-6.461],[134.626,-6.45],[134.643,-6.457],[134.627,-6.502],[134.591,-6.518],[134.579,-6.506],[134.6,-6.47]]],[[[128.807,-3.646],[128.811,-3.677],[128.785,-3.696],[128.761,-3.689],[128.758,-3.652],[128.807,-3.646]]]]}},{"type":"Feature","id":32,"properties":{"province_id":32,"province":"Maluku Utara","iso":"ID-MU"},"geometry":{"type":"MultiPolygon","coordinates":[[[[127.864,-0.365],[127.751,-0.32],[127.687,-0.27],[127.689,-0.247],[127.662,-0.217],[127.7,-0.099],[127.698,0.008],[127.722,0.072],[127.713,0.103],[127.685,0.098],[127.702,0.124],[127.695,0.178],[127.734,0.311],[127.71,0.353],[127.662,0.342],[127.621,0.361],[127.622,0.396],[127.579,0.414],[127.563,0.511],[127.527,0.557],[127.548,0.73],[127.575,0.754],[127.6,0.75],[127.606,0.766],[127.599,0.774],[127.638,0.815],[127.64,0.852],[127.567,0.866],[127.566,0.879],[127.551,0.873],[127.551,0.883],[127.534,0.891],[127.526,0.877],[127.529,0.888],[127.497,0.887],[127.491,0.926],[127.512,0.974],[127.472,1.006],[127.495,1.015],[127.5,1.049],[127.473,1.064],[127.423,1.05],[127.42,1.032],[127.397,1.062],[127.431,1.142],[127.399,1.194],[127.406,1.229],[127.524,1.442],[127.537,1.5],[127.529,1.551],[127.511,1.557],[127.528,1.585],[127.551,1.589],[127.54,1.651],[127.559,1.664],[127.556,1.639],[127.582,1.665],[127.584,1.689],[127.551,1.711],[127.586,1.77],[127.647,1.823],[127.694,1.932],[127.752,1.971],[127.837,2.091],[127.929,2.163],[127.958,2.197],[127.955,2.222],[127.977,2.209],[127.983,2.181],[128.054,2.201],[128.068,2.197],[128.066,2.174],[127.955,2.041],[127.952,1.991],[127.852,1.926],[127.842,1.845],[127.861,1.806],[127.898,1.797],[127.934,1.809],[127.961,1.768],[127.992,1.762],[128.012,1.737],[128.022,1.69],[127.993,1.668],[128.0,1.622],[127.987,1.617],[128.037,1.583],[128.01,1.426],[128.024,1.404],[127.995,1.393],[127.988,1.368],[128.011,1.314],[127.978,1.307],[127.973,1.277],[127.92,1.229],[127.903,1.15],[127.826,1.148],[127.759,1.069],[127.656,1.027],[127.626,0.973],[127.635,0.915],[127.65,0.917],[127.661,0.868],[127.683,0.868],[127.667,0.874],[127.676,0.884],[127.703,0.877],[127.705,0.856],[127.754,0.808],[127.798,0.795],[127.852,0.81],[127.93,0.876],[127.926,0.966],[127.947,0.995],[127.934,1.005],[127.982,1.088],[128.033,1.116],[128.167,1.125],[128.195,1.164],[128.201,1.201],[128.178,1.244],[128.147,1.254],[128.1,1.239],[128.087,1.254],[128.094,1.285],[128.12,1.29],[128.187,1.385],[128.345,1.46],[128.367,1.498],[128.466,1.55],[128.493,1.549],[128.507,1.532],[128.556,1.568],[128.614,1.569],[128.631,1.583],[128.673,1.59],[128.722,1.573],[128.731,1.533],[128.697,1.537],[128.684,1.463],[128.723,1.408],[128.758,1.391],[128.742,1.371],[128.741,1.308],[128.711,1.29],[128.719,1.248],[128.691,1.199],[128.699,1.064],[128.611,1.043],[128.533,0.971],[128.506,0.972],[128.442,0.929],[128.334,0.912],[128.28,0.866],[128.312,0.816],[128.25,0.842],[128.241,0.816],[128.206,0.808],[128.199,0.79],[128.238,0.736],[128.256,0.742],[128.296,0.702],[128.324,0.652],[128.435,0.632],[128.475,0.603],[128.47,0.589],[128.477,0.6],[128.523,0.592],[128.572,0.562],[128.681,0.549],[128.689,0.526],[128.669,0.49],[128.688,0.458],[128.687,0.404],[128.672,0.344],[128.836,0.292],[128.903,0.208],[128.866,0.223],[128.843,0.262],[128.559,0.318],[128.458,0.404],[128.282,0.397],[128.241,0.425],[128.232,0.411],[128.179,0.428],[128.173,0.456],[128.111,0.455],[128.08,0.477],[127.978,0.471],[127.976,0.482],[127.92,0.457],[127.901,0.43],[127.906,0.365],[127.879,0.354],[127.875,0.298],[127.863,0.297],[127.875,0.289],[127.88,0.302],[127.922,0.274],[127.913,0.246],[127.93,0.107],[127.904,0.105],[127.889,0.086],[127.888,0.01],[127.965,-0.164],[127.987,-0.276],[128.05,-0.418],[128.186,-0.628],[128.213,-0.698],[128.456,-0.911],[128.38,-0.878],[128.351,-0.889],[128.315,-0.862],[128.296,-0.88],[128.244,-0.855],[128.229,-0.836],[128.246,-0.822],[128.263,-0.826],[128.281,-0.841],[128.286,-0.831],[128.235,-0.781],[128.254,-0.771],[128.249,-0.758],[128.226,-0.768],[128.24,-0.753],[128.226,-0.748],[128.217,-0.772],[128.036,-0.699],[127.997,-0.659],[127.864,-0.365]]],[[[124.779,-1.665],[124.81,-1.687],[124.806,-1.673],[124.87,-1.681],[124.897,-1.71],[124.911,-1.696],[124.947,-1.707],[124.957,-1.696],[125.0,-1.727],[125.025,-1.723],[125.015,-1.753],[125.037,-1.752],[125.046,-1.772],[125.06,-1.745],[125.07,-1.773],[125.104,-1.761],[125.117,-1.734],[125.108,-1.691],[125.128,-1.684],[125.148,-1.716],[125.165,-1.697],[125.203,-1.724],[125.182,-1.782],[125.197,-1.793],[125.222,-1.78],[125.223,-1.736],[125.253,-1.724],[125.29,-1.731],[125.295,-1.769],[125.265,-1.786],[125.274,-1.798],[125.296,-1.78],[125.321,-1.784],[125.327,-1.885],[125.305,-1.893],[125.23,-1.872],[125.188,-1.885],[125.127,-1.877],[125.1,-1.899],[125.042,-1.887],[125.012,-1.902],[125.009,-1.943],[124.889,-1.924],[124.861,-1.891],[124.774,-1.916],[124.68,-1.977],[124.524,-2.018],[124.397,-2.029],[124.393,-1.97],[124.337,-1.888],[124.376,-1.698],[124.362,-1.718],[124.362,-1.706],[124.379,-1.677],[124.4,-1.66],[124.497,-1.657],[124.529,-1.63],[124.524,-1.665],[124.553,-1.639],[124.779,-1.665]]],[[[127.642,-1.331],[127.67,-1.351],[127.67,-1.346],[127.665,-1.339],[127.669,-1.333],[127.698,-1.356],[127.707,-1.336],[127.76,-1.354],[127.774,-1.381],[127.793,-1.374],[127.801,-1.414],[127.839,-1.426],[127.836,-1.436],[127.878,-1.439],[127.889,-1.426],[127.932,-1.447],[127.978,-1.484],[127.996,-1.522],[128.081,-1.568],[128.075,-1.58],[128.091,-1.583],[128.121,-1.566],[128.166,-1.617],[128.157,-1.681],[128.086,-1.722],[128.022,-1.726],[127.977,-1.698],[127.89,-1.683],[127.818,-1.701],[127.719,-1.686],[127.674,-1.706],[127.661,-1.728],[127.617,-1.718],[127.597,-1.738],[127.499,-1.725],[127.423,-1.659],[127.408,-1.662],[127.393,-1.617],[127.412,-1.569],[127.406,-1.525],[127.432,-1.495],[127.416,-1.48],[127.444,-1.435],[127.414,-1.42],[127.44,-1.409],[127.437,-1.426],[127.505,-1.453],[127.513,-1.417],[127.642,-1.331]]],[[[128.298,2.033],[128.26,1.981],[128.292,2.058],[128.281,2.085],[128.253,2.094],[128.246,2.124],[128.249,2.247],[128.222,2.277],[128.197,2.281],[128.284,2.37],[128.297,2.441],[128.325,2.473],[128.411,2.526],[128.462,2.596],[128.526,2.577],[128.569,2.645],[128.607,2.573],[128.63,2.564],[128.633,2.533],[128.659,2.525],[128.672,2.498],[128.688,2.502],[128.694,2.423],[128.651,2.37],[128.641,2.332],[128.654,2.31],[128.625,2.218],[128.575,2.138],[128.578,2.112],[128.549,2.105],[128.504,2.06],[128.298,2.033]]],[[[127.8,-0.679],[127.873,-0.718],[127.872,-0.751],[127.894,-0.759],[127.906,-0.786],[127.881,-0.775],[127.9,-0.796],[127.879,-0.796],[127.871,-0.827],[127.769,-0.868],[127.764,-0.857],[127.682,-0.838],[127.683,-0.823],[127.658,-0.812],[127.654,-0.752],[127.63,-0.741],[127.608,-0.764],[127.5,-0.801],[127.474,-0.824],[127.463,-0.814],[127.442,-0.74],[127.481,-0.631],[127.444,-0.629],[127.412,-0.604],[127.42,-0.621],[127.409,-0.622],[127.383,-0.578],[127.377,-0.592],[127.36,-0.579],[127.362,-0.558],[127.342,-0.546],[127.354,-0.541],[127.306,-0.514],[127.295,-0.437],[127.329,-0.433],[127.344,-0.384],[127.32,-0.33],[127.338,-0.338],[127.372,-0.317],[127.412,-0.359],[127.426,-0.406],[127.45,-0.419],[127.479,-0.387],[127.485,-0.34],[127.514,-0.326],[127.521,-0.301],[127.563,-0.303],[127.562,-0.308],[127.543,-0.314],[127.569,-0.316],[127.591,-0.38],[127.604,-0.371],[127.615,-0.386],[127.615,-0.413],[127.648,-0.414],[127.655,-0.436],[127.692,-0.456],[127.664,-0.517],[127.598,-0.577],[127.591,-0.621],[127.647,-0.629],[127.648,-0.683],[127.67,-0.71],[127.8,-0.679]]],[[[125.457,-1.779],[125.487,-1.783],[125.472,-1.802],[125.488,-1.82],[125.497,-1.808],[125.5,-1.822],[125.518,-1.818],[125.518,-1.801],[125.521,-1.803],[125.527,-1.815],[125.542,-1.786],[125.54,-1.809],[125.588,-1.805],[125.64,-1.83],[125.697,-1.831],[125.715,-1.816],[125.729,-1.827],[125.748,-1.804],[125.773,-1.813],[125.78,-1.798],[125.814,-1.811],[125.913,-1.793],[126.127,-1.812],[126.195,-1.805],[126.304,-1.829],[126.329,-1.811],[126.353,-1.815],[126.247,-1.879],[126.205,-1.868],[126.138,-1.892],[126.089,-1.879],[125.919,-1.94],[125.843,-1.895],[125.79,-1.915],[125.783,-1.931],[125.579,-1.93],[125.517,-1.95],[125.491,-1.933],[125.422,-1.951],[125.441,-1.928],[125.434,-1.887],[125.375,-1.862],[125.371,-1.846],[125.345,-1.888],[125.33,-1.828],[125.351,-1.805],[125.376,-1.807],[125.357,-1.797],[125.37,-1.779],[125.409,-1.777],[125.428,-1.809],[125.457,-1.779]]],[[[125.993,-2.028],[125.957,-2.151],[126.073,-2.422],[126.05,-2.477],[125.977,-2.419],[125.956,-2.32],[125.88,-2.211],[125.889,-2.181],[125.856,-2.092],[125.869,-2.032],[125.91,-1.975],[125.944,-1.981],[125.993,-2.028]]],[[[127.254,-0.481],[127.264,-0.492],[127.214,-0.492],[127.232,-0.506],[127.216,-0.518],[127.163,-0.531],[127.128,-0.519],[127.139,-0.499],[127.118,-0.499],[127.112,-0.485],[127.153,-0.472],[127.123,-0.428],[127.103,-0.426],[127.123,-0.41],[127.109,-0.388],[127.135,-0.363],[127.14,-0.321],[127.11,-0.281],[127.15,-0.257],[127.177,-0.264],[127.239,-0.245],[127.263,-0.281],[127.305,-0.27],[127.303,-0.288],[127.254,-0.293],[127.248,-0.316],[127.288,-0.374],[127.286,-0.398],[127.262,-0.4],[127.279,-0.452],[127.254,-0.481]]],[[[127.187,-0.678],[127.209,-0.674],[127.215,-0.641],[127.194,-0.615],[127.258,-0.606],[127.27,-0.624],[127.24,-0.632],[127.304,-0.683],[127.291,-0.688],[127.294,-0.731],[127.335,-0.786],[127.296,-0.799],[127.246,-0.765],[127.225,-0.781],[127.186,-0.77],[127.165,-0.75],[127.168,-0.716],[127.188,-0.714],[127.169,-0.712],[127.187,-0.678]]],[[[127.573,-1.194],[127.694,-1.238],[127.693,-1.272],[127.665,-1.287],[127.565,-1.247],[127.493,-1.271],[127.468,-1.256],[127.48,-1.218],[127.509,-1.203],[127.511,-1.178],[127.548,-1.171],[127.573,-1.194]]],[[[129.358,0.0],[129.289,0.029],[129.28,0.047],[129.338,0.027],[129.402,-0.013],[129.471,-0.086],[129.546,-0.129],[129.573,-0.183],[129.563,-0.212],[129.547,-0.199],[129.537,-0.213],[129.508,-0.176],[129.514,-0.16],[129.47,-0.14],[129.482,-0.126],[129.459,-0.088],[129.414,-0.071],[129.382,-0.072],[129.383,-0.03],[129.358,0.0]]],[[[127.389,0.752],[127.45,0.743],[127.457,0.674],[127.426,0.627],[127.389,0.625],[127.368,0.644],[127.363,0.679],[127.389,0.752]]],[[[127.294,0.819],[127.318,0.864],[127.34,0.864],[127.391,0.829],[127.389,0.781],[127.37,0.76],[127.315,0.757],[127.294,0.819]]],[[[127.415,0.281],[127.385,0.278],[127.346,0.327],[127.366,0.357],[127.415,0.375],[127.444,0.325],[127.415,0.281]]],[[[127.431,0.022],[127.404,0.018],[127.427,0.14],[127.459,0.131],[127.441,0.104],[127.448,0.069],[127.467,0.072],[127.466,-0.04],[127.431,0.022]]],[[[127.321,-1.367],[127.341,-1.386],[127.342,-1.365],[127.348,-1.384],[127.361,-1.365],[127.368,-1.378],[127.381,-1.368],[127.371,-1.382],[127.4,-1.404],[127.327,-1.455],[127.282,-1.418],[127.321,-1.367]]],[[[128.406,-0.99],[128.418,-1.006],[128.416,-1.027],[128.357,-1.037],[128.332,-1.018],[128.341,-0.972],[128.312,-0.962],[128.31,-0.943],[128.332,-0.944],[128.357,-0.985],[128.382,-0.999],[128.403,-0.994],[128.416,-1.011],[128.416,-1.005],[128.404,-0.992],[128.387,-0.994],[128.397,-0.99],[128.406,-0.99]]],[[[128.162,2.288],[128.125,2.332],[128.166,2.413],[128.188,2.306],[128.162,2.288]]],[[[127.413,-0.652],[127.349,-0.659],[127.324,-0.606],[127.386,-0.612],[127.415,-0.636],[127.413,-0.652]]],[[[124.311,-1.999],[124.309,-2.01],[124.304,-1.997],[124.316,-1.972],[124.366,-1.97],[124.368,-2.043],[124.317,-2.015],[124.311,-1.999]]],[[[127.772,2.262],[127.757,2.263],[127.775,2.295],[127.779,2.276],[127.825,2.27],[127.808,2.222],[127.774,2.219],[127.772,2.262]]],[[[126.35,-1.825],[126.458,-1.8],[126.447,-1.808],[126.479,-1.806],[126.456,-1.809],[126.477,-1.811],[126.464,-1.82],[126.487,-1.82],[126.457,-1.839],[126.35,-1.825]]],[[[128.3,-1.651],[128.315,-1.612],[128.361,-1.607],[128.356,-1.652],[128.321,-1.665],[128.3,-1.651]]],[[[127.266,-0.073],[127.261,-0.125],[127.227,-0.139],[127.205,-0.121],[127.239,-0.079],[127.266,-0.073]]],[[[128.403,-1.099],[128.369,-1.123],[128.345,-1.088],[128.365,-1.073],[128.401,-1.084],[128.454,-1.124],[128.453,-1.131],[128.425,-1.115],[128.403,-1.099]]],[[[127.396,-1.144],[127.413,-1.137],[127.444,-1.188],[127.432,-1.22],[127.407,-1.2],[127.396,-1.144]]],[[[127.035,-0.287],[127.021,-0.261],[127.031,-0.256],[127.043,-0.275],[127.044,-0.24],[127.061,-0.228],[127.087,-0.238],[127.091,-0.259],[127.035,-0.287]]],[[[126.395,1.285],[126.357,1.324],[126.383,1.352],[126.416,1.333],[126.395,1.285]]],[[[127.094,-0.257],[127.09,-0.219],[127.128,-0.177],[127.152,-0.183],[127.128,-0.204],[127.132,-0.224],[127.094,-0.257]]]]}},{"type":"Feature","id":33,"properties":{"province_id":33,"province":"Papua","iso":"ID-PA"},"geometry":{"type":"MultiPolygon","coordinates":[[[[134.86,-4.252],[134.928,-4.147],[134.978,-4.121],[135.109,-3.922],[135.253,-3.742],[134.478,-3.469],[134.429,-3.465],[134.327,-3.413],[134.211,-3.385],[134.274,-3.235],[134.333,-3.165],[134.414,-3.112],[134.431,-3.074],[134.418,-3.003],[134.581,-2.893],[134.669,-2.802],[134.664,-2.846],[134.691,-2.896],[134.677,-2.919],[134.697,-2.974],[134.768,-2.992],[134.779,-2.941],[134.798,-2.951],[134.82,-2.938],[134.804,-2.932],[134.805,-2.912],[134.834,-2.912],[134.826,-2.883],[134.856,-2.884],[134.849,-2.957],[134.832,-2.968],[134.853,-3.004],[134.813,-3.023],[134.811,-3.064],[134.838,-3.096],[134.829,-3.1],[134.814,-3.081],[134.818,-3.106],[134.801,-3.131],[134.831,-3.125],[134.862,-3.159],[134.853,-3.208],[134.859,-3.226],[134.866,-3.204],[134.875,-3.216],[134.861,-3.249],[134.933,-3.272],[134.917,-3.245],[134.954,-3.251],[134.945,-3.282],[134.983,-3.324],[135.022,-3.34],[135.069,-3.334],[135.114,-3.382],[135.239,-3.376],[135.338,-3.399],[135.414,-3.367],[135.472,-3.373],[135.557,-3.302],[135.567,-3.269],[135.555,-3.263],[135.612,-3.18],[135.7,-3.152],[135.761,-3.099],[135.778,-3.107],[135.731,-3.067],[135.759,-3.049],[135.779,-3.061],[135.769,-3.045],[135.792,-3.034],[135.783,-3.058],[135.815,-3.041],[135.826,-3.013],[135.911,-2.975],[135.929,-2.94],[135.945,-2.955],[135.93,-2.884],[135.913,-2.897],[135.906,-2.87],[135.938,-2.847],[135.963,-2.796],[135.946,-2.783],[135.993,-2.749],[136.017,-2.694],[136.037,-2.696],[136.059,-2.669],[136.114,-2.667],[136.224,-2.612],[136.279,-2.514],[136.296,-2.411],[136.347,-2.371],[136.333,-2.284],[136.344,-2.26],[136.425,-2.204],[136.458,-2.214],[136.51,-2.191],[136.545,-2.224],[136.584,-2.197],[136.579,-2.228],[136.601,-2.254],[136.638,-2.247],[136.675,-2.263],[136.706,-2.228],[136.746,-2.255],[136.794,-2.211],[136.805,-2.23],[136.813,-2.222],[136.805,-2.177],[136.837,-2.173],[136.841,-2.196],[136.874,-2.177],[136.907,-2.178],[136.944,-2.14],[136.942,-2.121],[137.001,-2.13],[137.032,-2.151],[137.007,-2.125],[137.058,-2.098],[137.122,-2.112],[137.142,-2.098],[137.17,-2.113],[137.159,-2.096],[137.176,-2.078],[137.196,-2.066],[137.2,-2.075],[137.219,-2.076],[137.232,-2.049],[137.259,-2.047],[137.215,-2.038],[137.22,-2.019],[137.19,-2.001],[137.217,-1.984],[137.227,-2.001],[137.23,-1.993],[137.219,-1.977],[137.232,-1.974],[137.221,-1.96],[137.193,-1.961],[137.184,-1.932],[137.166,-1.934],[137.161,-1.9],[137.17,-1.904],[137.172,-1.902],[137.171,-1.871],[137.143,-1.845],[137.152,-1.815],[137.186,-1.813],[137.155,-1.769],[137.223,-1.747],[137.248,-1.755],[137.269,-1.795],[137.314,-1.801],[137.31,-1.796],[137.271,-1.785],[137.244,-1.738],[137.308,-1.699],[137.344,-1.697],[137.329,-1.694],[137.485,-1.594],[137.59,-1.56],[137.686,-1.503],[137.726,-1.494],[137.737,-1.505],[137.744,-1.478],[137.778,-1.485],[137.769,-1.497],[137.75,-1.482],[137.759,-1.495],[137.785,-1.505],[137.816,-1.505],[137.834,-1.485],[137.85,-1.509],[137.836,-1.48],[137.832,-1.48],[137.82,-1.489],[137.821,-1.475],[137.809,-1.494],[137.807,-1.476],[137.793,-1.493],[137.788,-1.48],[137.838,-1.462],[137.891,-1.463],[137.899,-1.476],[137.931,-1.458],[137.969,-1.531],[137.945,-1.528],[137.946,-1.554],[137.959,-1.54],[137.96,-1.579],[137.945,-1.634],[137.968,-1.624],[137.975,-1.637],[138.0,-1.646],[138.005,-1.624],[138.028,-1.632],[138.037,-1.618],[138.137,-1.648],[138.034,-1.609],[137.981,-1.571],[137.981,-1.529],[138.068,-1.601],[138.174,-1.63],[138.176,-1.647],[138.195,-1.66],[138.184,-1.662],[138.185,-1.665],[138.189,-1.667],[138.179,-1.67],[138.184,-1.677],[138.179,-1.674],[138.163,-1.684],[138.173,-1.684],[138.174,-1.679],[138.179,-1.682],[138.18,-1.68],[138.178,-1.676],[138.184,-1.678],[138.186,-1.675],[138.18,-1.671],[138.189,-1.671],[138.19,-1.669],[138.188,-1.665],[138.185,-1.664],[138.185,-1.663],[138.192,-1.663],[138.196,-1.661],[138.191,-1.647],[138.187,-1.646],[138.184,-1.649],[138.182,-1.645],[138.177,-1.647],[138.185,-1.641],[138.185,-1.638],[138.179,-1.638],[138.182,-1.634],[138.344,-1.712],[138.333,-1.716],[138.65,-1.786],[138.717,-1.841],[138.751,-1.847],[138.748,-1.867],[138.788,-1.92],[138.861,-1.965],[138.895,-1.955],[138.909,-1.963],[138.899,-1.97],[138.901,-1.973],[138.927,-1.981],[138.928,-1.978],[138.923,-1.972],[138.901,-1.971],[138.91,-1.964],[138.906,-1.955],[138.991,-1.972],[139.125,-2.031],[139.251,-2.111],[139.399,-2.163],[139.612,-2.281],[139.613,-2.303],[139.631,-2.299],[139.618,-2.285],[139.635,-2.286],[139.751,-2.36],[139.81,-2.378],[139.869,-2.381],[139.82,-2.375],[139.94,-2.368],[139.942,-2.38],[139.946,-2.372],[139.942,-2.367],[139.998,-2.361],[139.987,-2.363],[140.0,-2.377],[140.004,-2.369],[140.002,-2.361],[140.077,-2.353],[140.083,-2.33],[140.111,-2.319],[140.144,-2.349],[140.14,-2.325],[140.151,-2.324],[140.153,-2.371],[140.19,-2.381],[140.227,-2.418],[140.232,-2.403],[140.253,-2.401],[140.3,-2.444],[140.336,-2.449],[140.336,-2.465],[140.355,-2.446],[140.372,-2.457],[140.372,-2.426],[140.348,-2.395],[140.488,-2.429],[140.497,-2.444],[140.525,-2.428],[140.541,-2.448],[140.559,-2.439],[140.599,-2.456],[140.613,-2.44],[140.634,-2.469],[140.72,-2.491],[140.748,-2.535],[140.738,-2.536],[140.731,-2.518],[140.707,-2.539],[140.717,-2.592],[140.693,-2.574],[140.686,-2.613],[140.706,-2.629],[140.738,-2.627],[140.71,-2.594],[140.763,-2.629],[140.787,-2.621],[140.789,-2.596],[140.914,-2.624],[140.926,-2.611],[141.0,-2.604],[141.0,-6.323],[140.96,-6.325],[140.961,-6.354],[140.978,-6.363],[140.943,-6.387],[140.983,-6.39],[140.942,-6.412],[140.956,-6.418],[140.953,-6.435],[140.917,-6.422],[140.939,-6.444],[140.925,-6.467],[140.955,-6.452],[140.947,-6.476],[140.962,-6.488],[140.922,-6.5],[140.922,-6.55],[140.937,-6.561],[140.891,-6.561],[140.888,-6.573],[140.912,-6.573],[140.891,-6.606],[140.882,-6.593],[140.842,-6.611],[140.877,-6.622],[140.856,-6.644],[140.875,-6.652],[140.861,-6.661],[140.869,-6.681],[140.846,-6.682],[140.846,-6.72],[140.899,-6.751],[140.87,-6.792],[140.919,-6.818],[140.897,-6.843],[140.914,-6.872],[140.94,-6.873],[140.954,-6.857],[140.94,-6.892],[140.956,-6.91],[140.967,-6.889],[140.992,-6.904],[141.019,-6.892],[141.019,-9.127],[140.894,-9.087],[140.823,-9.019],[140.755,-8.933],[140.601,-8.796],[140.529,-8.688],[140.499,-8.613],[140.386,-8.52],[140.355,-8.474],[140.269,-8.417],[140.227,-8.356],[140.173,-8.338],[140.017,-8.223],[139.963,-8.156],[139.952,-8.102],[139.712,-8.097],[139.585,-8.13],[139.586,-8.141],[139.508,-8.179],[139.344,-8.206],[139.257,-8.157],[139.228,-8.103],[139.242,-8.068],[139.224,-8.095],[139.066,-8.134],[139.069,-8.152],[138.97,-8.203],[138.993,-8.228],[138.96,-8.259],[138.925,-8.277],[138.91,-8.266],[138.855,-8.183],[138.838,-8.11],[138.925,-8.077],[138.903,-8.031],[138.922,-7.983],[138.913,-7.923],[139.021,-7.85],[139.016,-7.759],[139.054,-7.699],[139.066,-7.635],[139.107,-7.601],[139.11,-7.566],[139.099,-7.539],[139.051,-7.516],[138.964,-7.518],[138.891,-7.343],[138.667,-7.211],[138.674,-7.197],[138.779,-7.208],[138.919,-7.199],[139.029,-7.242],[139.165,-7.238],[139.19,-7.23],[139.249,-7.143],[139.203,-7.153],[139.18,-7.213],[139.157,-7.203],[139.069,-7.212],[138.948,-7.163],[138.854,-7.157],[138.772,-7.124],[138.6,-7.0],[138.562,-6.935],[138.578,-6.906],[138.627,-6.877],[138.713,-6.903],[138.8,-6.851],[138.921,-6.839],[139.008,-6.881],[139.126,-6.965],[139.187,-6.973],[139.205,-6.994],[139.228,-6.999],[139.225,-6.983],[139.217,-6.969],[139.209,-6.987],[139.19,-6.963],[139.133,-6.955],[139.001,-6.85],[138.953,-6.828],[138.949,-6.797],[138.936,-6.786],[138.906,-6.782],[138.873,-6.798],[138.835,-6.785],[138.83,-6.707],[138.806,-6.676],[138.678,-6.605],[138.576,-6.492],[138.433,-6.365],[138.42,-6.341],[138.432,-6.322],[138.383,-6.196],[138.394,-6.168],[138.309,-5.995],[138.252,-5.918],[138.254,-5.871],[138.279,-5.843],[138.168,-5.814],[138.156,-5.771],[138.176,-5.731],[138.167,-5.723],[138.131,-5.721],[138.087,-5.746],[138.074,-5.737],[138.044,-5.618],[138.059,-5.564],[138.083,-5.55],[138.081,-5.525],[138.01,-5.502],[137.893,-5.37],[137.737,-5.373],[137.723,-5.346],[137.739,-5.287],[137.671,-5.215],[137.566,-5.183],[137.514,-5.142],[137.495,-5.147],[137.439,-5.097],[137.418,-5.126],[137.306,-5.015],[137.289,-5.01],[137.288,-5.028],[137.213,-4.988],[137.182,-5.009],[137.12,-4.951],[137.11,-4.976],[137.091,-4.977],[137.058,-4.942],[137.034,-4.954],[136.928,-4.908],[136.928,-4.885],[136.987,-4.862],[136.925,-4.869],[136.827,-4.911],[136.789,-4.895],[136.764,-4.861],[136.737,-4.871],[136.695,-4.842],[136.681,-4.85],[136.538,-4.789],[136.338,-4.67],[136.21,-4.661],[136.126,-4.625],[136.155,-4.587],[136.109,-4.623],[136.054,-4.59],[136.048,-4.559],[136.039,-4.584],[135.918,-4.49],[135.72,-4.497],[135.464,-4.438],[135.395,-4.435],[135.206,-4.467],[135.062,-4.387],[135.067,-4.375],[135.04,-4.377],[134.958,-4.325],[134.928,-4.3],[134.994,-4.327],[134.934,-4.286],[134.941,-4.304],[134.895,-4.256],[134.86,-4.252]],[[139.994,-2.383],[139.996,-2.38],[139.997,-2.377],[139.994,-2.383]]],[[[138.499,-8.317],[138.471,-8.35],[138.341,-8.38],[138.319,-8.372],[138.303,-8.391],[137.871,-8.373],[137.691,-8.42],[137.656,-8.448],[137.64,-8.421],[137.706,-8.168],[137.765,-8.075],[137.811,-8.033],[137.801,-7.994],[137.869,-7.852],[137.915,-7.777],[137.971,-7.727],[138.035,-7.616],[138.119,-7.535],[138.226,-7.467],[138.321,-7.428],[138.627,-7.37],[138.779,-7.378],[138.862,-7.434],[138.936,-7.545],[139.088,-7.574],[139.04,-7.631],[139.033,-7.689],[138.998,-7.74],[138.995,-7.849],[138.926,-7.879],[138.891,-7.915],[138.903,-7.973],[138.889,-8.035],[138.914,-8.075],[138.831,-8.077],[138.797,-8.139],[138.679,-8.15],[138.615,-8.25],[138.499,-8.317]]],[[[135.473,-0.652],[135.537,-0.674],[135.559,-0.656],[135.596,-0.666],[135.595,-0.702],[135.619,-0.669],[135.645,-0.663],[135.679,-0.687],[135.684,-0.718],[135.724,-0.71],[135.748,-0.742],[135.806,-0.685],[135.854,-0.7],[135.925,-0.79],[136.051,-0.856],[136.042,-0.897],[136.06,-0.887],[136.091,-0.917],[136.096,-0.952],[136.151,-0.995],[136.171,-1.043],[136.256,-1.017],[136.286,-1.025],[136.295,-1.054],[136.324,-1.074],[136.361,-1.063],[136.385,-1.084],[136.314,-1.141],[136.142,-1.2],[136.066,-1.182],[136.036,-1.147],[136.001,-1.143],[135.941,-1.146],[135.906,-1.178],[135.873,-1.173],[135.802,-1.098],[135.82,-1.085],[135.825,-1.032],[135.793,-0.982],[135.755,-0.837],[135.741,-0.81],[135.708,-0.802],[135.728,-0.777],[135.702,-0.799],[135.643,-0.887],[135.467,-0.744],[135.5,-0.812],[135.502,-0.789],[135.523,-0.803],[135.527,-0.831],[135.542,-0.838],[135.538,-0.871],[135.508,-0.846],[135.506,-0.825],[135.482,-0.817],[135.489,-0.805],[135.396,-0.728],[135.393,-0.691],[135.36,-0.637],[135.392,-0.62],[135.424,-0.651],[135.448,-0.642],[135.441,-0.664],[135.473,-0.652]]],[[[135.723,-1.696],[135.673,-1.707],[135.642,-1.684],[135.61,-1.698],[135.627,-1.686],[135.579,-1.687],[135.555,-1.663],[135.522,-1.687],[135.521,-1.662],[135.515,-1.686],[135.477,-1.682],[135.466,-1.636],[135.448,-1.642],[135.44,-1.614],[135.409,-1.603],[135.689,-1.62],[135.693,-1.634],[135.794,-1.63],[135.848,-1.639],[135.841,-1.654],[135.866,-1.657],[135.87,-1.639],[135.913,-1.635],[135.963,-1.64],[135.968,-1.655],[136.008,-1.646],[136.05,-1.659],[136.203,-1.649],[136.369,-1.717],[136.411,-1.72],[136.446,-1.698],[136.583,-1.728],[136.789,-1.739],[136.904,-1.792],[136.849,-1.828],[136.8,-1.813],[136.755,-1.828],[136.72,-1.817],[136.698,-1.824],[136.708,-1.843],[136.689,-1.834],[136.644,-1.871],[136.539,-1.87],[136.503,-1.852],[136.548,-1.89],[136.542,-1.898],[136.485,-1.879],[136.469,-1.896],[136.414,-1.874],[136.397,-1.888],[136.386,-1.872],[136.371,-1.884],[136.344,-1.861],[136.314,-1.864],[136.274,-1.884],[136.258,-1.913],[136.247,-1.886],[136.223,-1.908],[136.226,-1.884],[136.206,-1.878],[136.198,-1.855],[136.189,-1.875],[136.193,-1.86],[136.174,-1.874],[136.145,-1.853],[136.069,-1.849],[136.029,-1.821],[135.979,-1.818],[135.949,-1.787],[135.935,-1.804],[135.938,-1.783],[135.912,-1.755],[135.901,-1.789],[135.892,-1.758],[135.861,-1.738],[135.867,-1.764],[135.847,-1.747],[135.831,-1.763],[135.821,-1.736],[135.762,-1.708],[135.747,-1.718],[135.723,-1.696]]],[[[138.815,-8.138],[138.843,-8.187],[138.844,-8.259],[138.873,-8.286],[138.916,-8.301],[138.907,-8.379],[138.738,-8.387],[138.558,-8.346],[138.553,-8.334],[138.567,-8.323],[138.586,-8.291],[138.662,-8.237],[138.679,-8.171],[138.753,-8.164],[138.815,-8.138]]],[[[134.854,-1.132],[134.839,-1.085],[134.792,-1.036],[134.794,-0.977],[134.844,-0.931],[134.926,-0.954],[134.947,-0.998],[134.956,-0.973],[134.988,-1.049],[134.961,-1.125],[134.887,-1.141],[134.854,-1.132]]],[[[138.666,-6.656],[138.699,-6.627],[138.818,-6.702],[138.82,-6.771],[138.831,-6.789],[138.875,-6.804],[138.928,-6.789],[138.944,-6.799],[138.944,-6.826],[138.832,-6.825],[138.756,-6.753],[138.673,-6.724],[138.666,-6.656]]],[[[138.669,-6.847],[138.699,-6.829],[138.702,-6.82],[138.702,-6.814],[138.699,-6.809],[138.703,-6.802],[138.737,-6.787],[138.751,-6.775],[138.799,-6.835],[138.728,-6.883],[138.68,-6.87],[138.669,-6.847]]],[[[135.217,-1.503],[135.244,-1.484],[135.253,-1.522],[135.261,-1.48],[135.271,-1.491],[135.296,-1.475],[135.311,-1.496],[135.337,-1.484],[135.325,-1.509],[135.249,-1.53],[135.091,-1.501],[135.12,-1.461],[135.155,-1.49],[135.215,-1.475],[135.217,-1.503]]],[[[138.637,-6.73],[138.751,-6.774],[138.703,-6.802],[138.699,-6.808],[138.7,-6.828],[138.678,-6.836],[138.614,-6.768],[138.617,-6.737],[138.637,-6.73]]],[[[137.161,-1.932],[137.141,-1.897],[137.123,-1.894],[137.122,-1.881],[137.089,-1.853],[137.097,-1.803],[137.135,-1.774],[137.163,-1.799],[137.147,-1.816],[137.138,-1.849],[137.163,-1.87],[137.17,-1.9],[137.16,-1.899],[137.161,-1.932]]],[[[138.498,-8.32],[138.493,-8.345],[138.422,-8.393],[138.33,-8.422],[138.263,-8.416],[138.264,-8.392],[138.3,-8.396],[138.321,-8.375],[138.344,-8.384],[138.469,-8.354],[138.498,-8.32]]],[[[138.994,-8.229],[138.995,-8.263],[138.98,-8.274],[138.978,-8.29],[138.958,-8.294],[138.934,-8.303],[138.923,-8.279],[138.936,-8.276],[138.961,-8.259],[138.994,-8.229]]]]}},{"type":"Feature","id":34,"properties":{"province_id":34,"province":"Papua Barat","iso":"ID-PB"},"geometry":{"type":"MultiPolygon","coordinates":[[[[134.669,-2.802],[134.581,-2.893],[134.418,-3.003],[134.431,-3.074],[134.414,-3.112],[134.333,-3.165],[134.274,-3.235],[134.211,-3.385],[134.327,-3.413],[134.429,-3.465],[134.478,-3.469],[135.253,-3.742],[135.109,-3.922],[134.978,-4.121],[134.928,-4.147],[134.86,-4.252],[134.816,-4.252],[134.812,-4.23],[134.791,-4.235],[134.766,-4.209],[134.73,-4.203],[134.712,-4.137],[134.627,-4.119],[134.655,-4.052],[134.653,-4.081],[134.724,-4.057],[134.675,-4.044],[134.661,-3.984],[134.711,-3.96],[134.693,-3.965],[134.681,-3.938],[134.807,-3.978],[134.801,-3.971],[134.792,-3.965],[134.77,-3.961],[134.774,-3.945],[134.761,-3.934],[134.861,-3.952],[134.875,-3.995],[134.869,-3.976],[134.948,-3.983],[134.965,-3.951],[134.917,-3.963],[134.893,-3.934],[134.876,-3.951],[134.768,-3.917],[134.742,-3.92],[134.74,-3.94],[134.708,-3.918],[134.678,-3.92],[134.655,-3.927],[134.668,-3.938],[134.627,-3.952],[134.604,-3.998],[134.571,-3.999],[134.547,-4.036],[134.506,-4.045],[134.499,-4.018],[134.447,-3.981],[134.473,-3.975],[134.44,-3.924],[134.41,-3.926],[134.333,-3.879],[134.327,-3.895],[134.361,-3.916],[134.344,-3.914],[134.36,-3.95],[134.35,-3.968],[134.27,-3.939],[134.334,-4.02],[134.315,-4.048],[134.291,-4.048],[134.291,-4.025],[134.249,-3.976],[134.212,-3.971],[134.164,-3.927],[134.169,-3.895],[134.163,-3.913],[134.146,-3.895],[134.111,-3.907],[134.112,-3.889],[134.192,-3.832],[134.175,-3.824],[134.172,-3.777],[134.163,-3.777],[134.157,-3.781],[134.137,-3.741],[134.128,-3.763],[134.125,-3.746],[134.099,-3.767],[134.118,-3.792],[134.06,-3.822],[134.042,-3.784],[133.986,-3.824],[133.96,-3.863],[133.914,-3.785],[133.919,-3.751],[133.943,-3.773],[133.933,-3.75],[133.911,-3.749],[133.903,-3.696],[133.841,-3.633],[133.832,-3.558],[133.787,-3.599],[133.775,-3.575],[133.791,-3.65],[133.82,-3.714],[133.816,-3.729],[133.755,-3.647],[133.689,-3.67],[133.709,-3.614],[133.701,-3.587],[133.62,-3.476],[133.635,-3.448],[133.701,-3.414],[133.665,-3.319],[133.678,-3.319],[133.665,-3.24],[133.703,-3.206],[133.7,-3.171],[133.743,-3.169],[133.776,-3.188],[133.772,-3.115],[133.804,-3.117],[133.828,-3.09],[133.834,-3.02],[133.864,-3.056],[133.878,-3.054],[133.859,-3.026],[133.856,-2.941],[133.838,-2.935],[133.818,-2.907],[133.815,-2.906],[133.801,-2.909],[133.827,-2.945],[133.807,-2.964],[133.795,-3.028],[133.73,-3.031],[133.667,-3.121],[133.648,-3.123],[133.673,-3.21],[133.649,-3.236],[133.666,-3.301],[133.654,-3.326],[133.663,-3.366],[133.632,-3.417],[133.608,-3.41],[133.55,-3.431],[133.55,-3.455],[133.598,-3.528],[133.584,-3.572],[133.507,-3.612],[133.438,-3.681],[133.408,-3.691],[133.417,-3.663],[133.402,-3.66],[133.41,-3.708],[133.396,-3.751],[133.414,-3.797],[133.452,-3.822],[133.459,-3.857],[133.345,-3.905],[133.361,-3.91],[133.385,-3.893],[133.404,-3.901],[133.323,-3.984],[133.313,-4.017],[133.268,-4.036],[133.252,-4.073],[133.071,-4.055],[133.031,-4.077],[133.02,-4.119],[132.959,-4.106],[132.913,-4.085],[132.916,-4.045],[132.844,-3.993],[132.838,-3.956],[132.822,-3.961],[132.808,-3.943],[132.82,-3.925],[132.846,-3.959],[132.844,-3.925],[132.784,-3.824],[132.774,-3.769],[132.732,-3.685],[132.733,-3.629],[132.897,-3.639],[132.895,-3.594],[132.937,-3.551],[132.907,-3.549],[132.881,-3.472],[132.896,-3.463],[132.852,-3.477],[132.816,-3.443],[132.801,-3.357],[132.828,-3.312],[132.819,-3.298],[132.754,-3.273],[132.732,-3.284],[132.728,-3.337],[132.664,-3.317],[132.637,-3.264],[132.596,-3.231],[132.634,-3.22],[132.646,-3.193],[132.575,-3.147],[132.578,-3.162],[132.557,-3.153],[132.554,-3.134],[132.572,-3.135],[132.562,-3.111],[132.421,-2.992],[132.35,-2.966],[132.352,-2.939],[132.323,-2.955],[132.3,-2.935],[132.219,-2.924],[132.207,-2.906],[132.201,-2.93],[132.146,-2.93],[132.155,-2.941],[132.1,-2.929],[132.122,-2.941],[132.087,-2.96],[132.057,-2.887],[132.048,-2.923],[132.014,-2.886],[132.006,-2.902],[131.984,-2.902],[131.995,-2.917],[131.983,-2.926],[131.979,-2.877],[131.998,-2.866],[132.03,-2.877],[132.022,-2.851],[132.04,-2.84],[131.979,-2.831],[132.065,-2.789],[132.037,-2.77],[132.022,-2.782],[131.951,-2.772],[132.041,-2.733],[132.069,-2.744],[132.077,-2.725],[132.084,-2.74],[132.107,-2.74],[132.091,-2.711],[132.123,-2.724],[132.135,-2.708],[132.147,-2.719],[132.2,-2.705],[132.134,-2.687],[132.121,-2.7],[132.113,-2.688],[132.138,-2.668],[132.214,-2.653],[132.328,-2.659],[132.388,-2.686],[132.433,-2.676],[132.44,-2.686],[132.422,-2.699],[132.458,-2.71],[132.447,-2.725],[132.421,-2.725],[132.453,-2.733],[132.463,-2.751],[132.461,-2.717],[132.494,-2.705],[132.468,-2.696],[132.481,-2.683],[132.586,-2.693],[132.665,-2.765],[132.739,-2.803],[132.792,-2.781],[132.789,-2.769],[132.81,-2.765],[132.908,-2.669],[133.074,-2.468],[133.218,-2.412],[133.301,-2.44],[133.316,-2.509],[133.324,-2.468],[133.379,-2.522],[133.381,-2.66],[133.352,-2.676],[133.308,-2.662],[133.255,-2.712],[133.302,-2.67],[133.355,-2.686],[133.392,-2.673],[133.396,-2.69],[133.409,-2.646],[133.393,-2.558],[133.397,-2.548],[133.419,-2.563],[133.402,-2.535],[133.423,-2.483],[133.442,-2.493],[133.468,-2.636],[133.46,-2.512],[133.475,-2.503],[133.53,-2.605],[133.517,-2.574],[133.536,-2.548],[133.572,-2.558],[133.595,-2.535],[133.632,-2.531],[133.664,-2.551],[133.665,-2.672],[133.686,-2.616],[133.749,-2.619],[133.692,-2.611],[133.692,-2.506],[133.723,-2.5],[133.778,-2.585],[133.796,-2.649],[133.852,-2.674],[133.845,-2.663],[133.802,-2.647],[133.81,-2.556],[133.785,-2.486],[133.815,-2.466],[133.768,-2.482],[133.727,-2.438],[133.733,-2.425],[133.828,-2.411],[133.86,-2.441],[133.841,-2.394],[133.851,-2.389],[133.941,-2.395],[133.95,-2.421],[133.953,-2.396],[133.99,-2.388],[133.996,-2.353],[133.987,-2.363],[133.96,-2.349],[133.956,-2.314],[133.872,-2.339],[133.814,-2.325],[133.921,-2.31],[133.946,-2.259],[133.919,-2.273],[133.896,-2.261],[133.826,-2.294],[133.801,-2.283],[133.806,-2.273],[133.777,-2.27],[133.766,-2.241],[133.888,-2.195],[133.905,-2.176],[133.884,-2.174],[133.873,-2.153],[133.904,-2.144],[133.9,-2.134],[133.868,-2.142],[133.83,-2.116],[133.821,-2.137],[133.754,-2.17],[133.707,-2.171],[133.696,-2.197],[133.649,-2.197],[133.648,-2.219],[133.634,-2.205],[133.64,-2.223],[133.622,-2.233],[133.61,-2.215],[133.6,-2.216],[133.593,-2.227],[133.567,-2.206],[133.517,-2.237],[133.509,-2.205],[133.484,-2.189],[133.501,-2.216],[133.492,-2.231],[133.426,-2.229],[133.373,-2.204],[133.31,-2.217],[133.194,-2.195],[133.143,-2.203],[133.093,-2.237],[133.025,-2.243],[132.959,-2.293],[132.945,-2.269],[132.897,-2.28],[132.829,-2.242],[132.765,-2.256],[132.711,-2.299],[132.641,-2.284],[132.604,-2.205],[132.58,-2.19],[132.504,-2.203],[132.319,-2.284],[132.193,-2.156],[132.141,-2.149],[132.039,-2.075],[132.041,-2.056],[132.092,-2.029],[132.116,-1.993],[132.086,-2.022],[132.074,-2.013],[132.089,-2.003],[132.087,-1.979],[132.102,-1.971],[132.1,-1.961],[132.096,-1.955],[132.074,-1.948],[132.091,-1.922],[132.094,-1.899],[132.082,-1.891],[132.094,-1.886],[132.087,-1.871],[132.112,-1.873],[132.091,-1.868],[132.086,-1.869],[132.092,-1.886],[132.082,-1.888],[132.08,-1.892],[132.083,-1.896],[132.093,-1.901],[132.085,-1.918],[132.087,-1.925],[132.081,-1.928],[132.072,-1.943],[132.072,-1.96],[132.062,-1.96],[132.054,-1.968],[132.052,-2.0],[132.062,-2.019],[132.034,-2.023],[132.017,-1.985],[132.01,-2.006],[131.967,-1.962],[131.994,-1.925],[131.972,-1.912],[131.985,-1.874],[131.961,-1.857],[131.958,-1.857],[131.954,-1.863],[131.95,-1.863],[131.963,-1.845],[131.958,-1.829],[131.946,-1.844],[131.921,-1.815],[131.993,-1.739],[132.013,-1.746],[132.026,-1.716],[132.043,-1.731],[132.048,-1.721],[132.005,-1.686],[132.043,-1.67],[132.005,-1.669],[131.98,-1.706],[131.915,-1.722],[131.9,-1.679],[131.924,-1.664],[131.897,-1.672],[131.882,-1.636],[131.913,-1.587],[131.974,-1.551],[131.877,-1.587],[131.861,-1.575],[131.792,-1.613],[131.782,-1.586],[131.809,-1.539],[131.794,-1.502],[131.799,-1.551],[131.774,-1.57],[131.72,-1.585],[131.698,-1.563],[131.745,-1.502],[131.745,-1.452],[131.713,-1.414],[131.685,-1.438],[131.654,-1.405],[131.681,-1.411],[131.703,-1.373],[131.735,-1.366],[131.702,-1.37],[131.68,-1.408],[131.663,-1.4],[131.652,-1.404],[131.656,-1.417],[131.677,-1.436],[131.665,-1.448],[131.67,-1.465],[131.656,-1.461],[131.661,-1.445],[131.631,-1.416],[131.631,-1.433],[131.641,-1.449],[131.592,-1.454],[131.546,-1.49],[131.525,-1.479],[131.541,-1.426],[131.532,-1.406],[131.518,-1.476],[131.479,-1.482],[131.446,-1.511],[131.38,-1.453],[131.406,-1.433],[131.391,-1.411],[131.397,-1.388],[131.382,-1.402],[131.356,-1.364],[131.363,-1.401],[131.324,-1.414],[131.278,-1.391],[131.333,-1.429],[131.339,-1.463],[131.261,-1.524],[131.208,-1.524],[131.176,-1.482],[131.105,-1.454],[130.996,-1.459],[130.932,-1.427],[131.0,-1.381],[131.029,-1.3],[131.023,-1.286],[131.082,-1.241],[131.096,-1.249],[131.176,-1.222],[131.229,-1.125],[131.241,-1.028],[131.263,-0.993],[131.284,-0.989],[131.265,-0.976],[131.28,-0.975],[131.268,-0.922],[131.298,-0.916],[131.242,-0.876],[131.247,-0.851],[131.224,-0.821],[131.4,-0.778],[131.419,-0.758],[131.509,-0.73],[131.54,-0.728],[131.544,-0.741],[131.513,-0.772],[131.847,-0.706],[131.903,-0.676],[131.925,-0.627],[131.974,-0.581],[132.071,-0.54],[132.094,-0.48],[132.174,-0.423],[132.256,-0.401],[132.262,-0.381],[132.34,-0.382],[132.422,-0.343],[132.682,-0.371],[132.716,-0.362],[132.735,-0.388],[132.764,-0.387],[132.768,-0.401],[132.9,-0.462],[132.954,-0.454],[132.975,-0.495],[133.006,-0.496],[133.034,-0.521],[133.08,-0.517],[133.086,-0.539],[133.114,-0.553],[133.15,-0.545],[133.176,-0.583],[133.235,-0.605],[133.319,-0.697],[133.396,-0.741],[133.536,-0.747],[133.564,-0.74],[133.571,-0.72],[133.718,-0.752],[133.737,-0.74],[133.735,-0.72],[133.795,-0.725],[133.813,-0.748],[133.873,-0.715],[133.933,-0.733],[133.945,-0.714],[133.973,-0.72],[134.011,-0.778],[134.082,-0.814],[134.136,-0.862],[134.121,-0.881],[134.089,-0.879],[134.07,-0.858],[134.069,-0.875],[134.05,-0.87],[134.046,-0.925],[134.021,-0.933],[134.011,-0.96],[134.071,-1.031],[134.072,-1.072],[134.102,-1.126],[134.195,-1.208],[134.246,-1.313],[134.279,-1.342],[134.277,-1.354],[134.264,-1.345],[134.241,-1.362],[134.214,-1.407],[134.198,-1.456],[134.212,-1.503],[134.2,-1.551],[134.117,-1.641],[134.07,-1.655],[134.082,-1.66],[134.068,-1.674],[134.077,-1.687],[134.096,-1.685],[134.082,-1.691],[134.103,-1.746],[134.104,-1.864],[134.123,-1.859],[134.136,-1.961],[134.156,-1.966],[134.138,-1.974],[134.131,-2.03],[134.123,-2.022],[134.103,-2.052],[134.105,-2.098],[134.119,-2.157],[134.142,-2.16],[134.137,-2.227],[134.157,-2.244],[134.176,-2.355],[134.195,-2.386],[134.203,-2.376],[134.215,-2.421],[134.242,-2.441],[134.261,-2.431],[134.266,-2.465],[134.298,-2.504],[134.32,-2.508],[134.288,-2.519],[134.312,-2.517],[134.311,-2.534],[134.34,-2.552],[134.342,-2.577],[134.32,-2.584],[134.336,-2.586],[134.36,-2.618],[134.353,-2.631],[134.376,-2.643],[134.366,-2.667],[134.409,-2.718],[134.406,-2.767],[134.455,-2.812],[134.444,-2.846],[134.459,-2.863],[134.481,-2.863],[134.514,-2.833],[134.524,-2.792],[134.461,-2.55],[134.513,-2.485],[134.569,-2.485],[134.513,-2.474],[134.517,-2.463],[134.551,-2.473],[134.532,-2.45],[134.568,-2.456],[134.575,-2.477],[134.61,-2.49],[134.632,-2.475],[134.662,-2.612],[134.658,-2.774],[134.669,-2.802]]],[[[130.547,-0.307],[130.518,-0.295],[130.533,-0.257],[130.519,-0.242],[130.463,-0.262],[130.438,-0.29],[130.429,-0.26],[130.399,-0.272],[130.377,-0.26],[130.385,-0.278],[130.345,-0.255],[130.318,-0.273],[130.309,-0.242],[130.223,-0.215],[130.228,-0.2],[130.274,-0.212],[130.268,-0.221],[130.325,-0.217],[130.318,-0.21],[130.348,-0.194],[130.34,-0.21],[130.375,-0.206],[130.396,-0.229],[130.404,-0.212],[130.452,-0.199],[130.428,-0.176],[130.376,-0.181],[130.425,-0.167],[130.422,-0.129],[130.403,-0.135],[130.419,-0.162],[130.386,-0.159],[130.39,-0.172],[130.339,-0.141],[130.352,-0.186],[130.372,-0.181],[130.364,-0.189],[130.348,-0.191],[130.303,-0.174],[130.308,-0.149],[130.284,-0.145],[130.281,-0.13],[130.296,-0.093],[130.347,-0.109],[130.354,-0.079],[130.35,-0.114],[130.364,-0.136],[130.383,-0.118],[130.369,-0.076],[130.405,-0.077],[130.4,-0.107],[130.412,-0.114],[130.436,-0.103],[130.426,-0.088],[130.438,-0.075],[130.448,-0.1],[130.46,-0.081],[130.526,-0.069],[130.512,-0.05],[130.54,-0.057],[130.546,-0.077],[130.56,-0.073],[130.55,-0.059],[130.578,-0.075],[130.57,-0.039],[130.587,-0.061],[130.592,-0.043],[130.65,-0.055],[130.728,-0.028],[130.71,-0.063],[130.739,-0.047],[130.781,-0.052],[130.738,-0.024],[130.813,-0.006],[130.939,-0.041],[130.955,-0.034],[130.966,-0.062],[130.987,-0.053],[130.977,-0.035],[131.011,-0.043],[131.049,-0.02],[131.043,-0.061],[131.134,-0.071],[131.179,-0.099],[131.195,-0.13],[131.237,-0.145],[131.258,-0.135],[131.3,-0.159],[131.318,-0.196],[131.296,-0.24],[131.341,-0.291],[131.309,-0.298],[131.277,-0.345],[131.245,-0.34],[131.256,-0.372],[131.242,-0.381],[131.213,-0.363],[131.195,-0.369],[131.191,-0.34],[131.102,-0.323],[131.101,-0.307],[131.056,-0.342],[131.036,-0.337],[131.025,-0.357],[131.008,-0.335],[130.988,-0.338],[130.993,-0.357],[130.959,-0.351],[130.927,-0.302],[130.897,-0.301],[130.901,-0.273],[130.869,-0.235],[130.838,-0.245],[130.79,-0.225],[130.787,-0.17],[130.733,-0.145],[130.709,-0.096],[130.68,-0.098],[130.699,-0.078],[130.663,-0.079],[130.669,-0.096],[130.653,-0.083],[130.636,-0.096],[130.623,-0.08],[130.611,-0.097],[130.655,-0.102],[130.657,-0.106],[130.646,-0.114],[130.667,-0.117],[130.623,-0.12],[130.638,-0.144],[130.626,-0.143],[130.624,-0.132],[130.621,-0.146],[130.657,-0.152],[130.676,-0.173],[130.741,-0.274],[130.731,-0.295],[130.784,-0.291],[130.817,-0.312],[130.811,-0.295],[130.831,-0.288],[130.883,-0.296],[130.894,-0.316],[130.92,-0.306],[130.944,-0.355],[130.916,-0.36],[130.936,-0.382],[130.883,-0.403],[130.881,-0.42],[130.751,-0.443],[130.727,-0.439],[130.703,-0.411],[130.706,-0.377],[130.673,-0.339],[130.706,-0.323],[130.68,-0.293],[130.577,-0.321],[130.584,-0.335],[130.561,-0.367],[130.586,-0.358],[130.592,-0.379],[130.558,-0.43],[130.542,-0.423],[130.559,-0.393],[130.558,-0.375],[130.545,-0.385],[130.547,-0.307]]],[[[130.127,-1.713],[130.257,-1.73],[130.268,-1.718],[130.253,-1.704],[130.349,-1.67],[130.375,-1.68],[130.378,-1.7],[130.349,-1.731],[130.422,-1.779],[130.422,-1.8],[130.454,-1.833],[130.413,-1.862],[130.409,-1.897],[130.394,-1.89],[130.346,-1.925],[130.375,-1.951],[130.386,-1.945],[130.386,-1.959],[130.434,-1.954],[130.427,-1.976],[130.445,-1.954],[130.44,-1.983],[130.42,-1.989],[130.425,-1.974],[130.412,-1.99],[130.406,-1.971],[130.386,-1.983],[130.437,-2.009],[130.467,-1.999],[130.478,-2.009],[130.371,-2.037],[130.374,-2.026],[130.407,-2.013],[130.405,-1.999],[130.388,-2.013],[130.326,-1.986],[130.344,-1.956],[130.324,-1.97],[130.303,-2.011],[130.268,-2.016],[130.283,-2.031],[130.267,-2.054],[130.134,-2.059],[130.096,-2.025],[129.967,-2.013],[129.873,-1.98],[129.823,-1.939],[129.793,-1.938],[129.733,-1.902],[129.74,-1.891],[129.72,-1.88],[129.755,-1.846],[129.866,-1.826],[129.899,-1.784],[129.978,-1.77],[130.01,-1.742],[130.127,-1.713]]],[[[130.781,-0.928],[130.833,-0.896],[130.86,-0.905],[130.921,-0.889],[130.935,-0.94],[131.031,-0.912],[131.061,-0.963],[131.081,-0.968],[131.064,-0.994],[131.067,-1.01],[131.087,-1.011],[131.046,-1.167],[131.057,-1.208],[131.035,-1.199],[131.042,-1.246],[131.008,-1.27],[130.992,-1.336],[130.955,-1.365],[130.908,-1.322],[130.857,-1.344],[130.812,-1.268],[130.762,-1.255],[130.739,-1.217],[130.738,-1.164],[130.681,-1.109],[130.719,-1.097],[130.707,-1.087],[130.718,-1.078],[130.676,-1.013],[130.636,-0.983],[130.635,-0.959],[130.781,-0.928]]],[[[130.799,-0.794],[130.784,-0.814],[130.796,-0.821],[130.811,-0.802],[130.822,-0.821],[130.816,-0.777],[130.795,-0.771],[130.804,-0.752],[130.818,-0.78],[130.829,-0.77],[130.83,-0.789],[130.845,-0.767],[130.845,-0.791],[130.861,-0.801],[130.87,-0.794],[130.849,-0.782],[130.854,-0.765],[130.87,-0.765],[130.871,-0.779],[130.889,-0.765],[130.889,-0.782],[130.897,-0.763],[130.899,-0.778],[130.927,-0.783],[130.918,-0.799],[130.863,-0.805],[130.874,-0.833],[130.9,-0.834],[130.822,-0.868],[130.801,-0.86],[130.626,-0.91],[130.547,-0.905],[130.535,-0.919],[130.508,-0.92],[130.519,-0.895],[130.489,-0.907],[130.47,-0.896],[130.471,-0.918],[130.449,-0.898],[130.388,-0.924],[130.41,-0.896],[130.451,-0.894],[130.457,-0.882],[130.434,-0.862],[130.452,-0.864],[130.455,-0.806],[130.477,-0.819],[130.484,-0.79],[130.506,-0.797],[130.485,-0.83],[130.54,-0.841],[130.569,-0.822],[130.567,-0.794],[130.589,-0.809],[130.587,-0.833],[130.636,-0.791],[130.637,-0.805],[130.65,-0.802],[130.643,-0.818],[130.665,-0.827],[130.69,-0.821],[130.672,-0.798],[130.714,-0.81],[130.708,-0.83],[130.723,-0.828],[130.721,-0.814],[130.77,-0.819],[130.799,-0.794]]],[[[130.62,-0.419],[130.606,-0.401],[130.621,-0.396],[130.622,-0.411],[130.65,-0.41],[130.667,-0.435],[130.696,-0.441],[130.649,-0.502],[130.649,-0.506],[130.658,-0.51],[130.657,-0.513],[130.578,-0.535],[130.566,-0.514],[130.589,-0.519],[130.593,-0.488],[130.613,-0.485],[130.575,-0.463],[130.546,-0.512],[130.532,-0.501],[130.468,-0.52],[130.457,-0.51],[130.513,-0.488],[130.465,-0.481],[130.479,-0.438],[130.507,-0.434],[130.524,-0.469],[130.562,-0.447],[130.553,-0.432],[130.62,-0.419]]],[[[133.538,-4.233],[133.459,-4.251],[133.421,-4.206],[133.385,-4.202],[133.37,-4.18],[133.332,-4.182],[133.348,-4.169],[133.323,-4.147],[133.318,-4.098],[133.36,-4.105],[133.371,-4.136],[133.393,-4.137],[133.458,-4.186],[133.555,-4.219],[133.639,-4.309],[133.63,-4.315],[133.538,-4.233]]],[[[131.742,-1.458],[131.731,-1.514],[131.662,-1.547],[131.629,-1.539],[131.587,-1.487],[131.596,-1.464],[131.621,-1.47],[131.606,-1.464],[131.656,-1.444],[131.652,-1.46],[131.659,-1.467],[131.668,-1.468],[131.673,-1.463],[131.669,-1.445],[131.714,-1.429],[131.742,-1.458]]],[[[129.833,-1.25],[129.818,-1.247],[129.856,-1.224],[129.849,-1.216],[129.862,-1.212],[129.866,-1.226],[129.889,-1.195],[129.744,-1.22],[129.731,-1.198],[129.759,-1.172],[129.864,-1.145],[129.978,-1.171],[129.933,-1.216],[129.932,-1.182],[129.833,-1.25]]],[[[134.344,-2.168],[134.339,-2.109],[134.316,-2.107],[134.314,-2.093],[134.331,-2.088],[134.316,-2.077],[134.361,-2.003],[134.393,-1.995],[134.409,-2.004],[134.411,-2.074],[134.389,-2.082],[134.374,-2.143],[134.344,-2.168]]],[[[134.204,-1.738],[134.239,-1.751],[134.223,-1.79],[134.21,-1.798],[134.209,-1.782],[134.197,-1.801],[134.197,-1.82],[134.215,-1.823],[134.166,-1.954],[134.133,-1.883],[134.149,-1.887],[134.149,-1.828],[134.181,-1.795],[134.204,-1.738]]],[[[133.594,-2.52],[133.519,-2.483],[133.488,-2.415],[133.598,-2.457],[133.617,-2.494],[133.594,-2.52]]],[[[129.86,-0.414],[129.89,-0.398],[129.925,-0.414],[129.919,-0.443],[129.903,-0.44],[129.901,-0.48],[129.875,-0.498],[129.845,-0.445],[129.86,-0.414]]],[[[133.949,-2.334],[133.957,-2.351],[133.987,-2.367],[133.986,-2.385],[133.905,-2.383],[133.854,-2.36],[133.907,-2.334],[133.949,-2.334]]],[[[134.534,-2.428],[134.563,-2.416],[134.513,-2.403],[134.507,-2.384],[134.52,-2.384],[134.503,-2.362],[134.56,-2.369],[134.571,-2.341],[134.551,-2.333],[134.571,-2.282],[134.573,-2.361],[134.591,-2.397],[134.563,-2.403],[134.58,-2.42],[134.566,-2.442],[134.534,-2.428]]],[[[134.084,-3.982],[134.086,-3.946],[134.055,-3.918],[134.112,-3.925],[134.178,-4.009],[134.21,-4.025],[134.084,-3.982]]],[[[131.133,-1.065],[131.1,-1.098],[131.076,-1.083],[131.098,-1.003],[131.148,-1.0],[131.133,-1.065]]],[[[130.089,-0.0],[130.142,0.015],[130.11,0.004],[130.118,-0.015],[130.143,-0.016],[130.117,-0.036],[130.147,-0.047],[130.155,-0.036],[130.166,-0.067],[130.14,-0.095],[130.118,-0.092],[130.098,-0.065],[130.098,-0.034],[130.112,-0.028],[130.089,-0.0]]],[[[132.628,-3.415],[132.653,-3.4],[132.683,-3.421],[132.682,-3.444],[132.722,-3.48],[132.718,-3.507],[132.694,-3.508],[132.677,-3.486],[132.677,-3.451],[132.628,-3.415]]],[[[133.872,-3.717],[133.899,-3.743],[133.925,-3.874],[133.891,-3.818],[133.872,-3.717]]],[[[133.763,-2.512],[133.785,-2.516],[133.803,-2.544],[133.8,-2.632],[133.781,-2.577],[133.764,-2.557],[133.763,-2.512]]],[[[133.688,-2.24],[133.673,-2.225],[133.708,-2.206],[133.719,-2.177],[133.765,-2.178],[133.762,-2.2],[133.688,-2.24]]],[[[133.779,-2.197],[133.783,-2.176],[133.821,-2.15],[133.86,-2.153],[133.845,-2.189],[133.779,-2.197]]],[[[131.951,-1.847],[131.96,-1.839],[131.951,-1.849],[131.949,-1.863],[131.955,-1.863],[131.96,-1.858],[131.974,-1.876],[131.983,-1.875],[131.972,-1.889],[131.972,-1.923],[131.952,-1.916],[131.927,-1.876],[131.951,-1.847]]],[[[134.364,-4.033],[134.386,-4.018],[134.378,-3.975],[134.444,-4.018],[134.445,-4.027],[134.364,-4.033]]]]}}]}